2026-09-18 08:10:44 [main] INFO  c.a.demo.DemoApplication - Starting DemoApplication using Java 17.0.12 with PID 15072 (C:\BackPj\demo\target\classes started by lucas in C:\BackPj)
2026-09-18 08:10:44 [main] INFO  c.a.demo.DemoApplication - No active profile set, falling back to 1 default profile: "default"
2026-09-18 08:10:47 [main] INFO  o.a.catalina.core.StandardService - Starting service [Tomcat]
2026-09-18 08:10:47 [main] INFO  o.a.catalina.core.StandardEngine - Starting Servlet engine: [Apache Tomcat/10.1.20]
2026-09-18 08:10:47 [main] INFO  o.a.c.c.C.[Tomcat].[localhost].[/] - Initializing Spring embedded WebApplicationContext
2026-09-18 08:10:48 [main] INFO  com.zaxxer.hikari.HikariDataSource - HikariPool-1 - Starting...
2026-09-18 08:10:48 [main] INFO  com.zaxxer.hikari.pool.HikariPool - HikariPool-1 - Added connection org.postgresql.jdbc.PgConnection@6ad179b4
2026-09-18 08:10:48 [main] INFO  com.zaxxer.hikari.HikariDataSource - HikariPool-1 - Start completed.
2026-09-18 08:10:48 [main] INFO  o.f.c.i.license.VersionPrinter - Flyway Community Edition 9.22.3 by Redgate
2026-09-18 08:10:48 [main] INFO  o.f.c.i.license.VersionPrinter - See release notes here: https://rd.gt/416ObMi
2026-09-18 08:10:48 [main] INFO  o.f.c.i.license.VersionPrinter - 
2026-09-18 08:10:48 [main] INFO  org.flywaydb.core.FlywayExecutor - Database: jdbc:postgresql://localhost:5432/bdAutoCenterSilva (PostgreSQL 18.3)
2026-09-18 08:10:48 [main] WARN  o.f.c.i.database.base.Database - Flyway upgrade recommended: PostgreSQL 18.3 is newer than this version of Flyway and support has not been tested. The latest supported version of PostgreSQL is 15.
2026-09-18 08:10:49 [main] INFO  o.f.core.internal.command.DbValidate - Successfully validated 8 migrations (execution time 00:00.085s)
2026-09-18 08:10:49 [main] INFO  o.f.core.internal.command.DbMigrate - Current version of schema "public": 8
2026-09-18 08:10:49 [main] INFO  o.f.core.internal.command.DbMigrate - Schema "public" is up to date. No migration necessary.
2026-09-18 08:10:49 [main] INFO  o.h.jpa.internal.util.LogHelper - HHH000204: Processing PersistenceUnitInfo [name: default]
2026-09-18 08:10:49 [main] INFO  org.hibernate.Version - HHH000412: Hibernate ORM core version 6.4.4.Final
2026-09-18 08:10:49 [main] INFO  o.h.c.i.RegionFactoryInitiator - HHH000026: Second-level cache disabled
2026-09-18 08:10:50 [main] WARN  org.hibernate.orm.deprecation - HHH90000025: PostgreSQLDialect does not need to be specified explicitly using 'hibernate.dialect' (remove the property setting and it will be selected by default)
2026-09-18 08:10:52 [main] INFO  o.h.e.t.j.p.i.JtaPlatformInitiator - HHH000489: No JTA platform available (set 'hibernate.transaction.jta.platform' to enable JTA platform integration)
2026-09-18 08:10:53 [main] WARN  o.s.b.a.o.j.JpaBaseConfiguration$JpaWebConfiguration - spring.jpa.open-in-view is enabled by default. Therefore, database queries may be performed during view rendering. Explicitly configure spring.jpa.open-in-view to disable this warning
2026-09-18 08:10:54 [main] INFO  c.a.demo.DemoApplication - Started DemoApplication in 11.773 seconds (process running for 12.811)
2026-09-18 08:13:47 [http-nio-8080-exec-2] INFO  o.a.c.c.C.[Tomcat].[localhost].[/] - Initializing Spring DispatcherServlet 'dispatcherServlet'
2026-09-18 08:13:48 [http-nio-8080-exec-2] INFO  c.a.demo.service.ClientesService - Adicionando um Cliente no Sistema: nome=Lucas Eduardo Zarza, telefone=998097695
2026-09-18 08:13:48 [http-nio-8080-exec-2] ERROR c.a.demo.service.ClientesService - Senhas Informadas não são iguais. Erro ao criar Cliente!
2026-09-18 08:13:48 [http-nio-8080-exec-2] ERROR o.a.c.c.C.[.[.[.[dispatcherServlet] - Servlet.service() for servlet [dispatcherServlet] in context with path [] threw exception [Request processing failed: java.lang.IllegalArgumentException: As senhas não coincidem] with root cause
java.lang.IllegalArgumentException: As senhas não coincidem
	at com.autoCenterSilva.demo.service.ClientesService.salvarCliente(ClientesService.java:45)
	at java.base/jdk.internal.reflect.NativeMethodAccessorImpl.invoke0(Native Method)
	at java.base/jdk.internal.reflect.NativeMethodAccessorImpl.invoke(NativeMethodAccessorImpl.java:77)
	at java.base/jdk.internal.reflect.DelegatingMethodAccessorImpl.invoke(DelegatingMethodAccessorImpl.java:43)
	at java.base/java.lang.reflect.Method.invoke(Method.java:568)
	at org.springframework.aop.support.AopUtils.invokeJoinpointUsingReflection(AopUtils.java:354)
	at org.springframework.aop.framework.ReflectiveMethodInvocation.invokeJoinpoint(ReflectiveMethodInvocation.java:196)
	at org.springframework.aop.framework.ReflectiveMethodInvocation.proceed(ReflectiveMethodInvocation.java:163)
	at org.springframework.aop.framework.CglibAopProxy$CglibMethodInvocation.proceed(CglibAopProxy.java:768)
	at org.springframework.transaction.interceptor.TransactionInterceptor$1.proceedWithInvocation(TransactionInterceptor.java:123)
	at org.springframework.transaction.interceptor.TransactionAspectSupport.invokeWithinTransaction(TransactionAspectSupport.java:392)
	at org.springframework.transaction.interceptor.TransactionInterceptor.invoke(TransactionInterceptor.java:119)
	at org.springframework.aop.framework.ReflectiveMethodInvocation.proceed(ReflectiveMethodInvocation.java:184)
	at org.springframework.aop.framework.CglibAopProxy$CglibMethodInvocation.proceed(CglibAopProxy.java:768)
	at org.springframework.aop.framework.CglibAopProxy$DynamicAdvisedInterceptor.intercept(CglibAopProxy.java:720)
	at com.autoCenterSilva.demo.service.ClientesService$$SpringCGLIB$$0.salvarCliente(<generated>)
	at com.autoCenterSilva.demo.controller.ClientesController.salvar(ClientesController.java:27)
	at java.base/jdk.internal.reflect.NativeMethodAccessorImpl.invoke0(Native Method)
	at java.base/jdk.internal.reflect.NativeMethodAccessorImpl.invoke(NativeMethodAccessorImpl.java:77)
	at java.base/jdk.internal.reflect.DelegatingMethodAccessorImpl.invoke(DelegatingMethodAccessorImpl.java:43)
	at java.base/java.lang.reflect.Method.invoke(Method.java:568)
	at org.springframework.web.method.support.InvocableHandlerMethod.doInvoke(InvocableHandlerMethod.java:255)
	at org.springframework.web.method.support.InvocableHandlerMethod.invokeForRequest(InvocableHandlerMethod.java:188)
	at org.springframework.web.servlet.mvc.method.annotation.ServletInvocableHandlerMethod.invokeAndHandle(ServletInvocableHandlerMethod.java:118)
	at org.springframework.web.servlet.mvc.method.annotation.RequestMappingHandlerAdapter.invokeHandlerMethod(RequestMappingHandlerAdapter.java:926)
	at org.springframework.web.servlet.mvc.method.annotation.RequestMappingHandlerAdapter.handleInternal(RequestMappingHandlerAdapter.java:831)
	at org.springframework.web.servlet.mvc.method.AbstractHandlerMethodAdapter.handle(AbstractHandlerMethodAdapter.java:87)
	at org.springframework.web.servlet.DispatcherServlet.doDispatch(DispatcherServlet.java:1089)
	at org.springframework.web.servlet.DispatcherServlet.doService(DispatcherServlet.java:979)
	at org.springframework.web.servlet.FrameworkServlet.processRequest(FrameworkServlet.java:1014)
	at org.springframework.web.servlet.FrameworkServlet.doPost(FrameworkServlet.java:914)
	at jakarta.servlet.http.HttpServlet.service(HttpServlet.java:590)
	at org.springframework.web.servlet.FrameworkServlet.service(FrameworkServlet.java:885)
	at jakarta.servlet.http.HttpServlet.service(HttpServlet.java:658)
	at org.apache.catalina.core.ApplicationFilterChain.internalDoFilter(ApplicationFilterChain.java:206)
	at org.apache.catalina.core.ApplicationFilterChain.doFilter(ApplicationFilterChain.java:150)
	at org.apache.tomcat.websocket.server.WsFilter.doFilter(WsFilter.java:51)
	at org.apache.catalina.core.ApplicationFilterChain.internalDoFilter(ApplicationFilterChain.java:175)
	at org.apache.catalina.core.ApplicationFilterChain.doFilter(ApplicationFilterChain.java:150)
	at org.springframework.web.filter.RequestContextFilter.doFilterInternal(RequestContextFilter.java:100)
	at org.springframework.web.filter.OncePerRequestFilter.doFilter(OncePerRequestFilter.java:116)
	at org.apache.catalina.core.ApplicationFilterChain.internalDoFilter(ApplicationFilterChain.java:175)
	at org.apache.catalina.core.ApplicationFilterChain.doFilter(ApplicationFilterChain.java:150)
	at org.springframework.web.filter.FormContentFilter.doFilterInternal(FormContentFilter.java:93)
	at org.springframework.web.filter.OncePerRequestFilter.doFilter(OncePerRequestFilter.java:116)
	at org.apache.catalina.core.ApplicationFilterChain.internalDoFilter(ApplicationFilterChain.java:175)
	at org.apache.catalina.core.ApplicationFilterChain.doFilter(ApplicationFilterChain.java:150)
	at org.springframework.web.filter.CharacterEncodingFilter.doFilterInternal(CharacterEncodingFilter.java:201)
	at org.springframework.web.filter.OncePerRequestFilter.doFilter(OncePerRequestFilter.java:116)
	at org.apache.catalina.core.ApplicationFilterChain.internalDoFilter(ApplicationFilterChain.java:175)
	at org.apache.catalina.core.ApplicationFilterChain.doFilter(ApplicationFilterChain.java:150)
	at org.apache.catalina.core.StandardWrapperValve.invoke(StandardWrapperValve.java:167)
	at org.apache.catalina.core.StandardContextValve.invoke(StandardContextValve.java:90)
	at org.apache.catalina.authenticator.AuthenticatorBase.invoke(AuthenticatorBase.java:482)
	at org.apache.catalina.core.StandardHostValve.invoke(StandardHostValve.java:115)
	at org.apache.catalina.valves.ErrorReportValve.invoke(ErrorReportValve.java:93)
	at org.apache.catalina.core.StandardEngineValve.invoke(StandardEngineValve.java:74)
	at org.apache.catalina.connector.CoyoteAdapter.service(CoyoteAdapter.java:344)
	at org.apache.coyote.http11.Http11Processor.service(Http11Processor.java:391)
	at org.apache.coyote.AbstractProcessorLight.process(AbstractProcessorLight.java:63)
	at org.apache.coyote.AbstractProtocol$ConnectionHandler.process(AbstractProtocol.java:896)
	at org.apache.tomcat.util.net.NioEndpoint$SocketProcessor.doRun(NioEndpoint.java:1736)
	at org.apache.tomcat.util.net.SocketProcessorBase.run(SocketProcessorBase.java:52)
	at org.apache.tomcat.util.threads.ThreadPoolExecutor.runWorker(ThreadPoolExecutor.java:1191)
	at org.apache.tomcat.util.threads.ThreadPoolExecutor$Worker.run(ThreadPoolExecutor.java:659)
	at org.apache.tomcat.util.threads.TaskThread$WrappingRunnable.run(TaskThread.java:63)
	at java.base/java.lang.Thread.run(Thread.java:842)
2026-09-18 08:17:09 [SpringApplicationShutdownHook] INFO  com.zaxxer.hikari.HikariDataSource - HikariPool-1 - Shutdown initiated...
2026-09-18 08:17:09 [SpringApplicationShutdownHook] INFO  com.zaxxer.hikari.HikariDataSource - HikariPool-1 - Shutdown completed.
2026-09-18 08:17:21 [main] INFO  c.a.demo.DemoApplication - Starting DemoApplication using Java 17.0.12 with PID 11808 (C:\BackPj\demo\target\classes started by lucas in C:\BackPj)
2026-09-18 08:17:21 [main] INFO  c.a.demo.DemoApplication - No active profile set, falling back to 1 default profile: "default"
2026-09-18 08:17:24 [main] INFO  o.a.catalina.core.StandardService - Starting service [Tomcat]
2026-09-18 08:17:24 [main] INFO  o.a.catalina.core.StandardEngine - Starting Servlet engine: [Apache Tomcat/10.1.20]
2026-09-18 08:17:24 [main] INFO  o.a.c.c.C.[Tomcat].[localhost].[/] - Initializing Spring embedded WebApplicationContext
2026-09-18 08:17:25 [main] INFO  com.zaxxer.hikari.HikariDataSource - HikariPool-1 - Starting...
2026-09-18 08:17:25 [main] INFO  com.zaxxer.hikari.pool.HikariPool - HikariPool-1 - Added connection org.postgresql.jdbc.PgConnection@721d5b74
2026-09-18 08:17:25 [main] INFO  com.zaxxer.hikari.HikariDataSource - HikariPool-1 - Start completed.
2026-09-18 08:17:25 [main] INFO  o.f.c.i.license.VersionPrinter - Flyway Community Edition 9.22.3 by Redgate
2026-09-18 08:17:25 [main] INFO  o.f.c.i.license.VersionPrinter - See release notes here: https://rd.gt/416ObMi
2026-09-18 08:17:25 [main] INFO  o.f.c.i.license.VersionPrinter - 
2026-09-18 08:17:25 [main] INFO  org.flywaydb.core.FlywayExecutor - Database: jdbc:postgresql://localhost:5432/bdAutoCenterSilva (PostgreSQL 18.3)
2026-09-18 08:17:25 [main] WARN  o.f.c.i.database.base.Database - Flyway upgrade recommended: PostgreSQL 18.3 is newer than this version of Flyway and support has not been tested. The latest supported version of PostgreSQL is 15.
2026-09-18 08:17:25 [main] INFO  o.f.core.internal.command.DbValidate - Successfully validated 8 migrations (execution time 00:00.083s)
2026-09-18 08:17:25 [main] INFO  o.f.core.internal.command.DbMigrate - Current version of schema "public": 8
2026-09-18 08:17:25 [main] INFO  o.f.core.internal.command.DbMigrate - Schema "public" is up to date. No migration necessary.
2026-09-18 08:17:26 [main] INFO  o.h.jpa.internal.util.LogHelper - HHH000204: Processing PersistenceUnitInfo [name: default]
2026-09-18 08:17:26 [main] INFO  org.hibernate.Version - HHH000412: Hibernate ORM core version 6.4.4.Final
2026-09-18 08:17:26 [main] INFO  o.h.c.i.RegionFactoryInitiator - HHH000026: Second-level cache disabled
2026-09-18 08:17:27 [main] WARN  org.hibernate.orm.deprecation - HHH90000025: PostgreSQLDialect does not need to be specified explicitly using 'hibernate.dialect' (remove the property setting and it will be selected by default)
2026-09-18 08:17:30 [main] INFO  o.h.e.t.j.p.i.JtaPlatformInitiator - HHH000489: No JTA platform available (set 'hibernate.transaction.jta.platform' to enable JTA platform integration)
2026-09-18 08:17:31 [main] WARN  o.s.b.a.o.j.JpaBaseConfiguration$JpaWebConfiguration - spring.jpa.open-in-view is enabled by default. Therefore, database queries may be performed during view rendering. Explicitly configure spring.jpa.open-in-view to disable this warning
2026-09-18 08:17:33 [main] INFO  c.a.demo.DemoApplication - Started DemoApplication in 13.313 seconds (process running for 14.473)
2026-09-18 08:17:52 [http-nio-8080-exec-1] INFO  o.a.c.c.C.[Tomcat].[localhost].[/] - Initializing Spring DispatcherServlet 'dispatcherServlet'
2026-09-18 08:17:52 [http-nio-8080-exec-1] INFO  c.a.demo.service.ClientesService - Adicionando um Cliente no Sistema: nome=Lucas Eduardo Zarza, telefone=998097695
2026-09-18 08:17:52 [http-nio-8080-exec-1] ERROR c.a.demo.service.ClientesService - Senhas informadas não são iguais para o cliente: nome=Lucas Eduardo Zarza
2026-09-18 08:17:52 [http-nio-8080-exec-1] ERROR o.a.c.c.C.[.[.[.[dispatcherServlet] - Servlet.service() for servlet [dispatcherServlet] in context with path [] threw exception [Request processing failed: java.lang.IllegalArgumentException: As senhas não coincidem] with root cause
java.lang.IllegalArgumentException: As senhas não coincidem
	at com.autoCenterSilva.demo.service.ClientesService.salvarCliente(ClientesService.java:45)
	at java.base/jdk.internal.reflect.NativeMethodAccessorImpl.invoke0(Native Method)
	at java.base/jdk.internal.reflect.NativeMethodAccessorImpl.invoke(NativeMethodAccessorImpl.java:77)
	at java.base/jdk.internal.reflect.DelegatingMethodAccessorImpl.invoke(DelegatingMethodAccessorImpl.java:43)
	at java.base/java.lang.reflect.Method.invoke(Method.java:568)
	at org.springframework.aop.support.AopUtils.invokeJoinpointUsingReflection(AopUtils.java:354)
	at org.springframework.aop.framework.ReflectiveMethodInvocation.invokeJoinpoint(ReflectiveMethodInvocation.java:196)
	at org.springframework.aop.framework.ReflectiveMethodInvocation.proceed(ReflectiveMethodInvocation.java:163)
	at org.springframework.aop.framework.CglibAopProxy$CglibMethodInvocation.proceed(CglibAopProxy.java:768)
	at org.springframework.transaction.interceptor.TransactionInterceptor$1.proceedWithInvocation(TransactionInterceptor.java:123)
	at org.springframework.transaction.interceptor.TransactionAspectSupport.invokeWithinTransaction(TransactionAspectSupport.java:392)
	at org.springframework.transaction.interceptor.TransactionInterceptor.invoke(TransactionInterceptor.java:119)
	at org.springframework.aop.framework.ReflectiveMethodInvocation.proceed(ReflectiveMethodInvocation.java:184)
	at org.springframework.aop.framework.CglibAopProxy$CglibMethodInvocation.proceed(CglibAopProxy.java:768)
	at org.springframework.aop.framework.CglibAopProxy$DynamicAdvisedInterceptor.intercept(CglibAopProxy.java:720)
	at com.autoCenterSilva.demo.service.ClientesService$$SpringCGLIB$$0.salvarCliente(<generated>)
	at com.autoCenterSilva.demo.controller.ClientesController.salvar(ClientesController.java:27)
	at java.base/jdk.internal.reflect.NativeMethodAccessorImpl.invoke0(Native Method)
	at java.base/jdk.internal.reflect.NativeMethodAccessorImpl.invoke(NativeMethodAccessorImpl.java:77)
	at java.base/jdk.internal.reflect.DelegatingMethodAccessorImpl.invoke(DelegatingMethodAccessorImpl.java:43)
	at java.base/java.lang.reflect.Method.invoke(Method.java:568)
	at org.springframework.web.method.support.InvocableHandlerMethod.doInvoke(InvocableHandlerMethod.java:255)
	at org.springframework.web.method.support.InvocableHandlerMethod.invokeForRequest(InvocableHandlerMethod.java:188)
	at org.springframework.web.servlet.mvc.method.annotation.ServletInvocableHandlerMethod.invokeAndHandle(ServletInvocableHandlerMethod.java:118)
	at org.springframework.web.servlet.mvc.method.annotation.RequestMappingHandlerAdapter.invokeHandlerMethod(RequestMappingHandlerAdapter.java:926)
	at org.springframework.web.servlet.mvc.method.annotation.RequestMappingHandlerAdapter.handleInternal(RequestMappingHandlerAdapter.java:831)
	at org.springframework.web.servlet.mvc.method.AbstractHandlerMethodAdapter.handle(AbstractHandlerMethodAdapter.java:87)
	at org.springframework.web.servlet.DispatcherServlet.doDispatch(DispatcherServlet.java:1089)
	at org.springframework.web.servlet.DispatcherServlet.doService(DispatcherServlet.java:979)
	at org.springframework.web.servlet.FrameworkServlet.processRequest(FrameworkServlet.java:1014)
	at org.springframework.web.servlet.FrameworkServlet.doPost(FrameworkServlet.java:914)
	at jakarta.servlet.http.HttpServlet.service(HttpServlet.java:590)
	at org.springframework.web.servlet.FrameworkServlet.service(FrameworkServlet.java:885)
	at jakarta.servlet.http.HttpServlet.service(HttpServlet.java:658)
	at org.apache.catalina.core.ApplicationFilterChain.internalDoFilter(ApplicationFilterChain.java:206)
	at org.apache.catalina.core.ApplicationFilterChain.doFilter(ApplicationFilterChain.java:150)
	at org.apache.tomcat.websocket.server.WsFilter.doFilter(WsFilter.java:51)
	at org.apache.catalina.core.ApplicationFilterChain.internalDoFilter(ApplicationFilterChain.java:175)
	at org.apache.catalina.core.ApplicationFilterChain.doFilter(ApplicationFilterChain.java:150)
	at org.springframework.web.filter.RequestContextFilter.doFilterInternal(RequestContextFilter.java:100)
	at org.springframework.web.filter.OncePerRequestFilter.doFilter(OncePerRequestFilter.java:116)
	at org.apache.catalina.core.ApplicationFilterChain.internalDoFilter(ApplicationFilterChain.java:175)
	at org.apache.catalina.core.ApplicationFilterChain.doFilter(ApplicationFilterChain.java:150)
	at org.springframework.web.filter.FormContentFilter.doFilterInternal(FormContentFilter.java:93)
	at org.springframework.web.filter.OncePerRequestFilter.doFilter(OncePerRequestFilter.java:116)
	at org.apache.catalina.core.ApplicationFilterChain.internalDoFilter(ApplicationFilterChain.java:175)
	at org.apache.catalina.core.ApplicationFilterChain.doFilter(ApplicationFilterChain.java:150)
	at org.springframework.web.filter.CharacterEncodingFilter.doFilterInternal(CharacterEncodingFilter.java:201)
	at org.springframework.web.filter.OncePerRequestFilter.doFilter(OncePerRequestFilter.java:116)
	at org.apache.catalina.core.ApplicationFilterChain.internalDoFilter(ApplicationFilterChain.java:175)
	at org.apache.catalina.core.ApplicationFilterChain.doFilter(ApplicationFilterChain.java:150)
	at org.apache.catalina.core.StandardWrapperValve.invoke(StandardWrapperValve.java:167)
	at org.apache.catalina.core.StandardContextValve.invoke(StandardContextValve.java:90)
	at org.apache.catalina.authenticator.AuthenticatorBase.invoke(AuthenticatorBase.java:482)
	at org.apache.catalina.core.StandardHostValve.invoke(StandardHostValve.java:115)
	at org.apache.catalina.valves.ErrorReportValve.invoke(ErrorReportValve.java:93)
	at org.apache.catalina.core.StandardEngineValve.invoke(StandardEngineValve.java:74)
	at org.apache.catalina.connector.CoyoteAdapter.service(CoyoteAdapter.java:344)
	at org.apache.coyote.http11.Http11Processor.service(Http11Processor.java:391)
	at org.apache.coyote.AbstractProcessorLight.process(AbstractProcessorLight.java:63)
	at org.apache.coyote.AbstractProtocol$ConnectionHandler.process(AbstractProtocol.java:896)
	at org.apache.tomcat.util.net.NioEndpoint$SocketProcessor.doRun(NioEndpoint.java:1736)
	at org.apache.tomcat.util.net.SocketProcessorBase.run(SocketProcessorBase.java:52)
	at org.apache.tomcat.util.threads.ThreadPoolExecutor.runWorker(ThreadPoolExecutor.java:1191)
	at org.apache.tomcat.util.threads.ThreadPoolExecutor$Worker.run(ThreadPoolExecutor.java:659)
	at org.apache.tomcat.util.threads.TaskThread$WrappingRunnable.run(TaskThread.java:63)
	at java.base/java.lang.Thread.run(Thread.java:842)
2026-09-18 08:21:18 [SpringApplicationShutdownHook] INFO  com.zaxxer.hikari.HikariDataSource - HikariPool-1 - Shutdown initiated...
2026-09-18 08:21:18 [SpringApplicationShutdownHook] INFO  com.zaxxer.hikari.HikariDataSource - HikariPool-1 - Shutdown completed.
2026-09-18 08:26:10 [main] INFO  c.a.demo.DemoApplication - Starting DemoApplication using Java 17.0.12 with PID 15720 (C:\BackPj\demo\target\classes started by lucas in C:\BackPj)
2026-09-18 08:26:10 [main] INFO  c.a.demo.DemoApplication - No active profile set, falling back to 1 default profile: "default"
2026-09-18 08:26:14 [main] INFO  o.a.catalina.core.StandardService - Starting service [Tomcat]
2026-09-18 08:26:14 [main] INFO  o.a.catalina.core.StandardEngine - Starting Servlet engine: [Apache Tomcat/10.1.20]
2026-09-18 08:26:14 [main] INFO  o.a.c.c.C.[Tomcat].[localhost].[/] - Initializing Spring embedded WebApplicationContext
2026-09-18 08:26:14 [main] INFO  com.zaxxer.hikari.HikariDataSource - HikariPool-1 - Starting...
2026-09-18 08:26:15 [main] INFO  com.zaxxer.hikari.pool.HikariPool - HikariPool-1 - Added connection org.postgresql.jdbc.PgConnection@6b2dd3df
2026-09-18 08:26:15 [main] INFO  com.zaxxer.hikari.HikariDataSource - HikariPool-1 - Start completed.
2026-09-18 08:26:15 [main] INFO  o.f.c.i.license.VersionPrinter - Flyway Community Edition 9.22.3 by Redgate
2026-09-18 08:26:15 [main] INFO  o.f.c.i.license.VersionPrinter - See release notes here: https://rd.gt/416ObMi
2026-09-18 08:26:15 [main] INFO  o.f.c.i.license.VersionPrinter - 
2026-09-18 08:26:15 [main] INFO  org.flywaydb.core.FlywayExecutor - Database: jdbc:postgresql://localhost:5432/bdAutoCenterSilva (PostgreSQL 18.3)
2026-09-18 08:26:15 [main] WARN  o.f.c.i.database.base.Database - Flyway upgrade recommended: PostgreSQL 18.3 is newer than this version of Flyway and support has not been tested. The latest supported version of PostgreSQL is 15.
2026-09-18 08:26:15 [main] INFO  o.f.core.internal.command.DbValidate - Successfully validated 8 migrations (execution time 00:00.087s)
2026-09-18 08:26:15 [main] INFO  o.f.core.internal.command.DbMigrate - Current version of schema "public": 8
2026-09-18 08:26:15 [main] INFO  o.f.core.internal.command.DbMigrate - Schema "public" is up to date. No migration necessary.
2026-09-18 08:26:16 [main] INFO  o.h.jpa.internal.util.LogHelper - HHH000204: Processing PersistenceUnitInfo [name: default]
2026-09-18 08:26:16 [main] INFO  org.hibernate.Version - HHH000412: Hibernate ORM core version 6.4.4.Final
2026-09-18 08:26:16 [main] INFO  o.h.c.i.RegionFactoryInitiator - HHH000026: Second-level cache disabled
2026-09-18 08:26:17 [main] WARN  org.hibernate.orm.deprecation - HHH90000025: PostgreSQLDialect does not need to be specified explicitly using 'hibernate.dialect' (remove the property setting and it will be selected by default)
2026-09-18 08:26:20 [main] INFO  o.h.e.t.j.p.i.JtaPlatformInitiator - HHH000489: No JTA platform available (set 'hibernate.transaction.jta.platform' to enable JTA platform integration)
2026-09-18 08:26:21 [main] WARN  o.s.b.a.o.j.JpaBaseConfiguration$JpaWebConfiguration - spring.jpa.open-in-view is enabled by default. Therefore, database queries may be performed during view rendering. Explicitly configure spring.jpa.open-in-view to disable this warning
2026-09-18 08:26:22 [main] INFO  c.a.demo.DemoApplication - Started DemoApplication in 13.66 seconds (process running for 15.025)
2026-09-18 08:32:48 [SpringApplicationShutdownHook] INFO  com.zaxxer.hikari.HikariDataSource - HikariPool-1 - Shutdown initiated...
2026-09-18 08:32:48 [SpringApplicationShutdownHook] INFO  com.zaxxer.hikari.HikariDataSource - HikariPool-1 - Shutdown completed.
2026-09-18 08:33:07 [main] INFO  c.a.demo.DemoApplication - Starting DemoApplication using Java 17.0.12 with PID 20060 (C:\BackPj\demo\target\classes started by lucas in C:\BackPj)
2026-09-18 08:33:07 [main] INFO  c.a.demo.DemoApplication - No active profile set, falling back to 1 default profile: "default"
2026-09-18 08:33:09 [main] WARN  o.s.b.w.s.c.AnnotationConfigServletWebServerApplicationContext - Exception encountered during context initialization - cancelling refresh attempt: org.springframework.beans.factory.support.BeanDefinitionOverrideException: Invalid bean definition with name 'conventionErrorViewResolver' defined in class path resource [org/springframework/boot/webmvc/autoconfigure/error/ErrorMvcAutoConfiguration$DefaultErrorViewResolverConfiguration.class]: Cannot register bean definition [Root bean: class [null]; scope=; abstract=false; lazyInit=null; autowireMode=3; dependencyCheck=0; autowireCandidate=true; primary=false; factoryBeanName=org.springframework.boot.webmvc.autoconfigure.error.ErrorMvcAutoConfiguration$DefaultErrorViewResolverConfiguration; factoryMethodName=conventionErrorViewResolver; initMethodNames=null; destroyMethodNames=[(inferred)]; defined in class path resource [org/springframework/boot/webmvc/autoconfigure/error/ErrorMvcAutoConfiguration$DefaultErrorViewResolverConfiguration.class]] for bean 'conventionErrorViewResolver' since there is already [Root bean: class [null]; scope=; abstract=false; lazyInit=null; autowireMode=3; dependencyCheck=0; autowireCandidate=true; primary=false; factoryBeanName=org.springframework.boot.autoconfigure.web.servlet.error.ErrorMvcAutoConfiguration$DefaultErrorViewResolverConfiguration; factoryMethodName=conventionErrorViewResolver; initMethodNames=null; destroyMethodNames=[(inferred)]; defined in class path resource [org/springframework/boot/autoconfigure/web/servlet/error/ErrorMvcAutoConfiguration$DefaultErrorViewResolverConfiguration.class]] bound.
2026-09-18 08:33:09 [main] ERROR o.s.b.d.LoggingFailureAnalysisReporter - 

***************************
APPLICATION FAILED TO START
***************************

Description:

The bean 'conventionErrorViewResolver', defined in class path resource [org/springframework/boot/webmvc/autoconfigure/error/ErrorMvcAutoConfiguration$DefaultErrorViewResolverConfiguration.class], could not be registered. A bean with that name has already been defined in class path resource [org/springframework/boot/autoconfigure/web/servlet/error/ErrorMvcAutoConfiguration$DefaultErrorViewResolverConfiguration.class] and overriding is disabled.

Action:

Consider renaming one of the beans or enabling overriding by setting spring.main.allow-bean-definition-overriding=true

2026-09-18 08:35:43 [main] INFO  c.a.demo.DemoApplication - Starting DemoApplication using Java 17.0.12 with PID 20956 (C:\BackPj\demo\target\classes started by lucas in C:\BackPj)
2026-09-18 08:35:43 [main] INFO  c.a.demo.DemoApplication - No active profile set, falling back to 1 default profile: "default"
2026-09-18 08:35:46 [main] INFO  o.a.catalina.core.StandardService - Starting service [Tomcat]
2026-09-18 08:35:46 [main] INFO  o.a.catalina.core.StandardEngine - Starting Servlet engine: [Apache Tomcat/10.1.20]
2026-09-18 08:35:46 [main] INFO  o.a.c.c.C.[Tomcat].[localhost].[/] - Initializing Spring embedded WebApplicationContext
2026-09-18 08:35:47 [main] INFO  com.zaxxer.hikari.HikariDataSource - HikariPool-1 - Starting...
2026-09-18 08:35:47 [main] INFO  com.zaxxer.hikari.pool.HikariPool - HikariPool-1 - Added connection org.postgresql.jdbc.PgConnection@5bb911c1
2026-09-18 08:35:47 [main] INFO  com.zaxxer.hikari.HikariDataSource - HikariPool-1 - Start completed.
2026-09-18 08:35:47 [main] INFO  o.f.c.i.license.VersionPrinter - Flyway Community Edition 9.22.3 by Redgate
2026-09-18 08:35:47 [main] INFO  o.f.c.i.license.VersionPrinter - See release notes here: https://rd.gt/416ObMi
2026-09-18 08:35:47 [main] INFO  o.f.c.i.license.VersionPrinter - 
2026-09-18 08:35:47 [main] INFO  org.flywaydb.core.FlywayExecutor - Database: jdbc:postgresql://localhost:5432/bdAutoCenterSilva (PostgreSQL 18.3)
2026-09-18 08:35:47 [main] WARN  o.f.c.i.database.base.Database - Flyway upgrade recommended: PostgreSQL 18.3 is newer than this version of Flyway and support has not been tested. The latest supported version of PostgreSQL is 15.
2026-09-18 08:35:47 [main] INFO  o.f.core.internal.command.DbValidate - Successfully validated 8 migrations (execution time 00:00.092s)
2026-09-18 08:35:48 [main] INFO  o.f.core.internal.command.DbMigrate - Current version of schema "public": 8
2026-09-18 08:35:48 [main] INFO  o.f.core.internal.command.DbMigrate - Schema "public" is up to date. No migration necessary.
2026-09-18 08:35:48 [main] INFO  o.h.jpa.internal.util.LogHelper - HHH000204: Processing PersistenceUnitInfo [name: default]
2026-09-18 08:35:48 [main] INFO  org.hibernate.Version - HHH000412: Hibernate ORM core version 6.4.4.Final
2026-09-18 08:35:48 [main] INFO  o.h.c.i.RegionFactoryInitiator - HHH000026: Second-level cache disabled
2026-09-18 08:35:49 [main] WARN  org.hibernate.orm.deprecation - HHH90000025: PostgreSQLDialect does not need to be specified explicitly using 'hibernate.dialect' (remove the property setting and it will be selected by default)
2026-09-18 08:35:52 [main] INFO  o.h.e.t.j.p.i.JtaPlatformInitiator - HHH000489: No JTA platform available (set 'hibernate.transaction.jta.platform' to enable JTA platform integration)
2026-09-18 08:35:53 [main] WARN  o.s.b.a.o.j.JpaBaseConfiguration$JpaWebConfiguration - spring.jpa.open-in-view is enabled by default. Therefore, database queries may be performed during view rendering. Explicitly configure spring.jpa.open-in-view to disable this warning
2026-09-18 08:35:54 [main] INFO  c.a.demo.DemoApplication - Started DemoApplication in 13.027 seconds (process running for 14.07)
2026-09-18 08:36:02 [http-nio-8080-exec-1] INFO  o.a.c.c.C.[Tomcat].[localhost].[/] - Initializing Spring DispatcherServlet 'dispatcherServlet'
2026-09-18 08:36:02 [http-nio-8080-exec-1] INFO  c.a.demo.service.ClientesService - Adicionando um Cliente no Sistema: nome=Lucas Eduardo Zarza, telefone=998097695
2026-09-18 08:36:02 [http-nio-8080-exec-1] ERROR c.a.demo.service.ClientesService - Senhas informadas não são iguais para o cliente: nome=Lucas Eduardo Zarza
2026-09-18 08:36:02 [http-nio-8080-exec-1] ERROR o.a.c.c.C.[.[.[.[dispatcherServlet] - Servlet.service() for servlet [dispatcherServlet] in context with path [] threw exception [Request processing failed: java.lang.IllegalArgumentException: As senhas não coincidem] with root cause
java.lang.IllegalArgumentException: As senhas não coincidem
	at com.autoCenterSilva.demo.service.ClientesService.salvarCliente(ClientesService.java:45)
	at java.base/jdk.internal.reflect.NativeMethodAccessorImpl.invoke0(Native Method)
	at java.base/jdk.internal.reflect.NativeMethodAccessorImpl.invoke(NativeMethodAccessorImpl.java:77)
	at java.base/jdk.internal.reflect.DelegatingMethodAccessorImpl.invoke(DelegatingMethodAccessorImpl.java:43)
	at java.base/java.lang.reflect.Method.invoke(Method.java:568)
	at org.springframework.aop.support.AopUtils.invokeJoinpointUsingReflection(AopUtils.java:354)
	at org.springframework.aop.framework.ReflectiveMethodInvocation.invokeJoinpoint(ReflectiveMethodInvocation.java:196)
	at org.springframework.aop.framework.ReflectiveMethodInvocation.proceed(ReflectiveMethodInvocation.java:163)
	at org.springframework.aop.framework.CglibAopProxy$CglibMethodInvocation.proceed(CglibAopProxy.java:768)
	at org.springframework.transaction.interceptor.TransactionInterceptor$1.proceedWithInvocation(TransactionInterceptor.java:123)
	at org.springframework.transaction.interceptor.TransactionAspectSupport.invokeWithinTransaction(TransactionAspectSupport.java:392)
	at org.springframework.transaction.interceptor.TransactionInterceptor.invoke(TransactionInterceptor.java:119)
	at org.springframework.aop.framework.ReflectiveMethodInvocation.proceed(ReflectiveMethodInvocation.java:184)
	at org.springframework.aop.framework.CglibAopProxy$CglibMethodInvocation.proceed(CglibAopProxy.java:768)
	at org.springframework.aop.framework.CglibAopProxy$DynamicAdvisedInterceptor.intercept(CglibAopProxy.java:720)
	at com.autoCenterSilva.demo.service.ClientesService$$SpringCGLIB$$0.salvarCliente(<generated>)
	at com.autoCenterSilva.demo.controller.ClientesController.salvar(ClientesController.java:27)
	at java.base/jdk.internal.reflect.NativeMethodAccessorImpl.invoke0(Native Method)
	at java.base/jdk.internal.reflect.NativeMethodAccessorImpl.invoke(NativeMethodAccessorImpl.java:77)
	at java.base/jdk.internal.reflect.DelegatingMethodAccessorImpl.invoke(DelegatingMethodAccessorImpl.java:43)
	at java.base/java.lang.reflect.Method.invoke(Method.java:568)
	at org.springframework.web.method.support.InvocableHandlerMethod.doInvoke(InvocableHandlerMethod.java:255)
	at org.springframework.web.method.support.InvocableHandlerMethod.invokeForRequest(InvocableHandlerMethod.java:188)
	at org.springframework.web.servlet.mvc.method.annotation.ServletInvocableHandlerMethod.invokeAndHandle(ServletInvocableHandlerMethod.java:118)
	at org.springframework.web.servlet.mvc.method.annotation.RequestMappingHandlerAdapter.invokeHandlerMethod(RequestMappingHandlerAdapter.java:926)
	at org.springframework.web.servlet.mvc.method.annotation.RequestMappingHandlerAdapter.handleInternal(RequestMappingHandlerAdapter.java:831)
	at org.springframework.web.servlet.mvc.method.AbstractHandlerMethodAdapter.handle(AbstractHandlerMethodAdapter.java:87)
	at org.springframework.web.servlet.DispatcherServlet.doDispatch(DispatcherServlet.java:1089)
	at org.springframework.web.servlet.DispatcherServlet.doService(DispatcherServlet.java:979)
	at org.springframework.web.servlet.FrameworkServlet.processRequest(FrameworkServlet.java:1014)
	at org.springframework.web.servlet.FrameworkServlet.doPost(FrameworkServlet.java:914)
	at jakarta.servlet.http.HttpServlet.service(HttpServlet.java:590)
	at org.springframework.web.servlet.FrameworkServlet.service(FrameworkServlet.java:885)
	at jakarta.servlet.http.HttpServlet.service(HttpServlet.java:658)
	at org.apache.catalina.core.ApplicationFilterChain.internalDoFilter(ApplicationFilterChain.java:206)
	at org.apache.catalina.core.ApplicationFilterChain.doFilter(ApplicationFilterChain.java:150)
	at org.apache.tomcat.websocket.server.WsFilter.doFilter(WsFilter.java:51)
	at org.apache.catalina.core.ApplicationFilterChain.internalDoFilter(ApplicationFilterChain.java:175)
	at org.apache.catalina.core.ApplicationFilterChain.doFilter(ApplicationFilterChain.java:150)
	at org.springframework.web.filter.RequestContextFilter.doFilterInternal(RequestContextFilter.java:100)
	at org.springframework.web.filter.OncePerRequestFilter.doFilter(OncePerRequestFilter.java:116)
	at org.apache.catalina.core.ApplicationFilterChain.internalDoFilter(ApplicationFilterChain.java:175)
	at org.apache.catalina.core.ApplicationFilterChain.doFilter(ApplicationFilterChain.java:150)
	at org.springframework.web.filter.FormContentFilter.doFilterInternal(FormContentFilter.java:93)
	at org.springframework.web.filter.OncePerRequestFilter.doFilter(OncePerRequestFilter.java:116)
	at org.apache.catalina.core.ApplicationFilterChain.internalDoFilter(ApplicationFilterChain.java:175)
	at org.apache.catalina.core.ApplicationFilterChain.doFilter(ApplicationFilterChain.java:150)
	at org.springframework.web.filter.CharacterEncodingFilter.doFilterInternal(CharacterEncodingFilter.java:201)
	at org.springframework.web.filter.OncePerRequestFilter.doFilter(OncePerRequestFilter.java:116)
	at org.apache.catalina.core.ApplicationFilterChain.internalDoFilter(ApplicationFilterChain.java:175)
	at org.apache.catalina.core.ApplicationFilterChain.doFilter(ApplicationFilterChain.java:150)
	at org.apache.catalina.core.StandardWrapperValve.invoke(StandardWrapperValve.java:167)
	at org.apache.catalina.core.StandardContextValve.invoke(StandardContextValve.java:90)
	at org.apache.catalina.authenticator.AuthenticatorBase.invoke(AuthenticatorBase.java:482)
	at org.apache.catalina.core.StandardHostValve.invoke(StandardHostValve.java:115)
	at org.apache.catalina.valves.ErrorReportValve.invoke(ErrorReportValve.java:93)
	at org.apache.catalina.core.StandardEngineValve.invoke(StandardEngineValve.java:74)
	at org.apache.catalina.connector.CoyoteAdapter.service(CoyoteAdapter.java:344)
	at org.apache.coyote.http11.Http11Processor.service(Http11Processor.java:391)
	at org.apache.coyote.AbstractProcessorLight.process(AbstractProcessorLight.java:63)
	at org.apache.coyote.AbstractProtocol$ConnectionHandler.process(AbstractProtocol.java:896)
	at org.apache.tomcat.util.net.NioEndpoint$SocketProcessor.doRun(NioEndpoint.java:1736)
	at org.apache.tomcat.util.net.SocketProcessorBase.run(SocketProcessorBase.java:52)
	at org.apache.tomcat.util.threads.ThreadPoolExecutor.runWorker(ThreadPoolExecutor.java:1191)
	at org.apache.tomcat.util.threads.ThreadPoolExecutor$Worker.run(ThreadPoolExecutor.java:659)
	at org.apache.tomcat.util.threads.TaskThread$WrappingRunnable.run(TaskThread.java:63)
	at java.base/java.lang.Thread.run(Thread.java:842)
2026-09-18 08:36:36 [http-nio-8080-exec-2] INFO  c.a.demo.service.ClientesService - Adicionando um Cliente no Sistema: nome=Lucas Eduardo, telefone=998097695
2026-09-18 08:36:51 [SpringApplicationShutdownHook] INFO  com.zaxxer.hikari.HikariDataSource - HikariPool-1 - Shutdown initiated...
2026-09-18 08:36:51 [SpringApplicationShutdownHook] INFO  com.zaxxer.hikari.HikariDataSource - HikariPool-1 - Shutdown completed.
2026-09-18 08:38:03 [main] INFO  c.a.demo.DemoApplication - Starting DemoApplication using Java 17.0.12 with PID 15676 (C:\BackPj\demo\target\classes started by lucas in C:\BackPj)
2026-09-18 08:38:03 [main] INFO  c.a.demo.DemoApplication - No active profile set, falling back to 1 default profile: "default"
2026-09-18 08:38:09 [main] INFO  o.a.catalina.core.StandardService - Starting service [Tomcat]
2026-09-18 08:38:09 [main] INFO  o.a.catalina.core.StandardEngine - Starting Servlet engine: [Apache Tomcat/10.1.20]
2026-09-18 08:38:09 [main] INFO  o.a.c.c.C.[Tomcat].[localhost].[/] - Initializing Spring embedded WebApplicationContext
2026-09-18 08:38:09 [main] INFO  com.zaxxer.hikari.HikariDataSource - HikariPool-1 - Starting...
2026-09-18 08:38:10 [main] INFO  com.zaxxer.hikari.pool.HikariPool - HikariPool-1 - Added connection org.postgresql.jdbc.PgConnection@6d293993
2026-09-18 08:38:10 [main] INFO  com.zaxxer.hikari.HikariDataSource - HikariPool-1 - Start completed.
2026-09-18 08:38:10 [main] INFO  o.f.c.i.license.VersionPrinter - Flyway Community Edition 9.22.3 by Redgate
2026-09-18 08:38:10 [main] INFO  o.f.c.i.license.VersionPrinter - See release notes here: https://rd.gt/416ObMi
2026-09-18 08:38:10 [main] INFO  o.f.c.i.license.VersionPrinter - 
2026-09-18 08:38:10 [main] INFO  org.flywaydb.core.FlywayExecutor - Database: jdbc:postgresql://localhost:5432/bdAutoCenterSilva (PostgreSQL 18.3)
2026-09-18 08:38:10 [main] WARN  o.f.c.i.database.base.Database - Flyway upgrade recommended: PostgreSQL 18.3 is newer than this version of Flyway and support has not been tested. The latest supported version of PostgreSQL is 15.
2026-09-18 08:38:10 [main] INFO  o.f.core.internal.command.DbValidate - Successfully validated 8 migrations (execution time 00:00.112s)
2026-09-18 08:38:10 [main] INFO  o.f.core.internal.command.DbMigrate - Current version of schema "public": 8
2026-09-18 08:38:10 [main] INFO  o.f.core.internal.command.DbMigrate - Schema "public" is up to date. No migration necessary.
2026-09-18 08:38:10 [main] INFO  o.h.jpa.internal.util.LogHelper - HHH000204: Processing PersistenceUnitInfo [name: default]
2026-09-18 08:38:11 [main] INFO  org.hibernate.Version - HHH000412: Hibernate ORM core version 6.4.4.Final
2026-09-18 08:38:11 [main] INFO  o.h.c.i.RegionFactoryInitiator - HHH000026: Second-level cache disabled
2026-09-18 08:38:11 [main] WARN  org.hibernate.orm.deprecation - HHH90000025: PostgreSQLDialect does not need to be specified explicitly using 'hibernate.dialect' (remove the property setting and it will be selected by default)
2026-09-18 08:38:14 [main] INFO  o.h.e.t.j.p.i.JtaPlatformInitiator - HHH000489: No JTA platform available (set 'hibernate.transaction.jta.platform' to enable JTA platform integration)
2026-09-18 08:38:16 [main] WARN  o.s.b.a.o.j.JpaBaseConfiguration$JpaWebConfiguration - spring.jpa.open-in-view is enabled by default. Therefore, database queries may be performed during view rendering. Explicitly configure spring.jpa.open-in-view to disable this warning
2026-09-18 08:38:17 [main] INFO  c.a.demo.DemoApplication - Started DemoApplication in 15.808 seconds (process running for 17.235)
2026-09-18 08:38:18 [http-nio-8080-exec-1] INFO  o.a.c.c.C.[Tomcat].[localhost].[/] - Initializing Spring DispatcherServlet 'dispatcherServlet'
2026-09-18 08:38:19 [http-nio-8080-exec-9] INFO  o.s.api.AbstractOpenApiResource - Init duration for springdoc-openapi is: 905 ms
2026-09-18 10:38:40 [SpringApplicationShutdownHook] INFO  com.zaxxer.hikari.HikariDataSource - HikariPool-1 - Shutdown initiated...
2026-09-18 10:38:40 [SpringApplicationShutdownHook] INFO  com.zaxxer.hikari.HikariDataSource - HikariPool-1 - Shutdown completed.
2026-09-18 10:47:26 [main] INFO  c.a.demo.DemoApplication - Starting DemoApplication using Java 17.0.12 with PID 2972 (C:\BackPj\demo\target\classes started by lucas in C:\BackPj)
2026-09-18 10:47:26 [main] INFO  c.a.demo.DemoApplication - No active profile set, falling back to 1 default profile: "default"
2026-09-18 10:47:28 [main] INFO  o.a.catalina.core.StandardService - Starting service [Tomcat]
2026-09-18 10:47:28 [main] INFO  o.a.catalina.core.StandardEngine - Starting Servlet engine: [Apache Tomcat/10.1.20]
2026-09-18 10:47:28 [main] INFO  o.a.c.c.C.[Tomcat].[localhost].[/] - Initializing Spring embedded WebApplicationContext
2026-09-18 10:47:28 [main] INFO  com.zaxxer.hikari.HikariDataSource - HikariPool-1 - Starting...
2026-09-18 10:47:29 [main] INFO  com.zaxxer.hikari.pool.HikariPool - HikariPool-1 - Added connection org.postgresql.jdbc.PgConnection@17222c11
2026-09-18 10:47:29 [main] INFO  com.zaxxer.hikari.HikariDataSource - HikariPool-1 - Start completed.
2026-09-18 10:47:29 [main] INFO  o.f.c.i.license.VersionPrinter - Flyway Community Edition 9.22.3 by Redgate
2026-09-18 10:47:29 [main] INFO  o.f.c.i.license.VersionPrinter - See release notes here: https://rd.gt/416ObMi
2026-09-18 10:47:29 [main] INFO  o.f.c.i.license.VersionPrinter - 
2026-09-18 10:47:29 [main] INFO  org.flywaydb.core.FlywayExecutor - Database: jdbc:postgresql://localhost:5432/bdAutoCenterSilva (PostgreSQL 18.3)
2026-09-18 10:47:29 [main] WARN  o.f.c.i.database.base.Database - Flyway upgrade recommended: PostgreSQL 18.3 is newer than this version of Flyway and support has not been tested. The latest supported version of PostgreSQL is 15.
2026-09-18 10:47:29 [main] INFO  o.f.core.internal.command.DbValidate - Successfully validated 8 migrations (execution time 00:00.095s)
2026-09-18 10:47:29 [main] INFO  o.f.core.internal.command.DbMigrate - Current version of schema "public": 8
2026-09-18 10:47:29 [main] INFO  o.f.core.internal.command.DbMigrate - Schema "public" is up to date. No migration necessary.
2026-09-18 10:47:29 [main] INFO  o.h.jpa.internal.util.LogHelper - HHH000204: Processing PersistenceUnitInfo [name: default]
2026-09-18 10:47:29 [main] INFO  org.hibernate.Version - HHH000412: Hibernate ORM core version 6.4.4.Final
2026-09-18 10:47:29 [main] INFO  o.h.c.i.RegionFactoryInitiator - HHH000026: Second-level cache disabled
2026-09-18 10:47:30 [main] WARN  org.hibernate.orm.deprecation - HHH90000025: PostgreSQLDialect does not need to be specified explicitly using 'hibernate.dialect' (remove the property setting and it will be selected by default)
2026-09-18 10:47:31 [main] INFO  o.h.e.t.j.p.i.JtaPlatformInitiator - HHH000489: No JTA platform available (set 'hibernate.transaction.jta.platform' to enable JTA platform integration)
2026-09-18 10:47:32 [main] WARN  o.s.b.a.o.j.JpaBaseConfiguration$JpaWebConfiguration - spring.jpa.open-in-view is enabled by default. Therefore, database queries may be performed during view rendering. Explicitly configure spring.jpa.open-in-view to disable this warning
2026-09-18 10:47:33 [main] INFO  c.a.demo.DemoApplication - Started DemoApplication in 7.617 seconds (process running for 8.328)
2026-09-18 10:48:16 [SpringApplicationShutdownHook] INFO  com.zaxxer.hikari.HikariDataSource - HikariPool-1 - Shutdown initiated...
2026-09-18 10:48:16 [SpringApplicationShutdownHook] INFO  com.zaxxer.hikari.HikariDataSource - HikariPool-1 - Shutdown completed.
2026-09-18 10:58:12 [main] INFO  c.a.demo.DemoApplication - Starting DemoApplication using Java 17.0.12 with PID 23204 (C:\BackPj\demo\target\classes started by lucas in C:\BackPj)
2026-09-18 10:58:12 [main] INFO  c.a.demo.DemoApplication - No active profile set, falling back to 1 default profile: "default"
2026-09-18 10:58:15 [main] INFO  o.a.catalina.core.StandardService - Starting service [Tomcat]
2026-09-18 10:58:15 [main] INFO  o.a.catalina.core.StandardEngine - Starting Servlet engine: [Apache Tomcat/10.1.20]
2026-09-18 10:58:15 [main] INFO  o.a.c.c.C.[Tomcat].[localhost].[/] - Initializing Spring embedded WebApplicationContext
2026-09-18 10:58:15 [main] INFO  com.zaxxer.hikari.HikariDataSource - HikariPool-1 - Starting...
2026-09-18 10:58:15 [main] INFO  com.zaxxer.hikari.pool.HikariPool - HikariPool-1 - Added connection org.postgresql.jdbc.PgConnection@548e43b1
2026-09-18 10:58:15 [main] INFO  com.zaxxer.hikari.HikariDataSource - HikariPool-1 - Start completed.
2026-09-18 10:58:15 [main] INFO  o.f.c.i.license.VersionPrinter - Flyway Community Edition 9.22.3 by Redgate
2026-09-18 10:58:15 [main] INFO  o.f.c.i.license.VersionPrinter - See release notes here: https://rd.gt/416ObMi
2026-09-18 10:58:15 [main] INFO  o.f.c.i.license.VersionPrinter - 
2026-09-18 10:58:15 [main] INFO  org.flywaydb.core.FlywayExecutor - Database: jdbc:postgresql://localhost:5432/bdAutoCenterSilva (PostgreSQL 18.3)
2026-09-18 10:58:15 [main] WARN  o.f.c.i.database.base.Database - Flyway upgrade recommended: PostgreSQL 18.3 is newer than this version of Flyway and support has not been tested. The latest supported version of PostgreSQL is 15.
2026-09-18 10:58:15 [main] INFO  o.f.core.internal.command.DbValidate - Successfully validated 8 migrations (execution time 00:00.057s)
2026-09-18 10:58:15 [main] INFO  o.f.core.internal.command.DbMigrate - Current version of schema "public": 8
2026-09-18 10:58:15 [main] INFO  o.f.core.internal.command.DbMigrate - Schema "public" is up to date. No migration necessary.
2026-09-18 10:58:15 [main] INFO  o.h.jpa.internal.util.LogHelper - HHH000204: Processing PersistenceUnitInfo [name: default]
2026-09-18 10:58:16 [main] INFO  org.hibernate.Version - HHH000412: Hibernate ORM core version 6.4.4.Final
2026-09-18 10:58:16 [main] INFO  o.h.c.i.RegionFactoryInitiator - HHH000026: Second-level cache disabled
2026-09-18 10:58:16 [main] WARN  org.hibernate.orm.deprecation - HHH90000025: PostgreSQLDialect does not need to be specified explicitly using 'hibernate.dialect' (remove the property setting and it will be selected by default)
2026-09-18 10:58:17 [main] INFO  o.h.e.t.j.p.i.JtaPlatformInitiator - HHH000489: No JTA platform available (set 'hibernate.transaction.jta.platform' to enable JTA platform integration)
2026-09-18 10:58:18 [main] WARN  o.s.b.a.o.j.JpaBaseConfiguration$JpaWebConfiguration - spring.jpa.open-in-view is enabled by default. Therefore, database queries may be performed during view rendering. Explicitly configure spring.jpa.open-in-view to disable this warning
2026-09-18 10:58:19 [main] INFO  c.a.demo.DemoApplication - Started DemoApplication in 7.398 seconds (process running for 8.101)
2026-09-18 10:59:08 [http-nio-8080-exec-1] INFO  o.a.c.c.C.[Tomcat].[localhost].[/] - Initializing Spring DispatcherServlet 'dispatcherServlet'
2026-09-18 11:01:09 [SpringApplicationShutdownHook] INFO  com.zaxxer.hikari.HikariDataSource - HikariPool-1 - Shutdown initiated...
2026-09-18 11:01:09 [SpringApplicationShutdownHook] INFO  com.zaxxer.hikari.HikariDataSource - HikariPool-1 - Shutdown completed.
2026-09-18 14:02:51 [main] INFO  c.a.demo.DemoApplication - Starting DemoApplication using Java 17.0.12 with PID 3492 (C:\BackPj\demo\target\classes started by lucas in C:\BackPj)
2026-09-18 14:02:51 [main] INFO  c.a.demo.DemoApplication - No active profile set, falling back to 1 default profile: "default"
2026-09-18 14:02:55 [main] INFO  o.a.catalina.core.StandardService - Starting service [Tomcat]
2026-09-18 14:02:55 [main] INFO  o.a.catalina.core.StandardEngine - Starting Servlet engine: [Apache Tomcat/10.1.20]
2026-09-18 14:02:55 [main] INFO  o.a.c.c.C.[Tomcat].[localhost].[/] - Initializing Spring embedded WebApplicationContext
2026-09-18 14:02:55 [main] INFO  com.zaxxer.hikari.HikariDataSource - HikariPool-1 - Starting...
2026-09-18 14:02:56 [main] INFO  com.zaxxer.hikari.pool.HikariPool - HikariPool-1 - Added connection org.postgresql.jdbc.PgConnection@3caee3a8
2026-09-18 14:02:56 [main] INFO  com.zaxxer.hikari.HikariDataSource - HikariPool-1 - Start completed.
2026-09-18 14:02:56 [main] INFO  o.f.c.i.license.VersionPrinter - Flyway Community Edition 9.22.3 by Redgate
2026-09-18 14:02:56 [main] INFO  o.f.c.i.license.VersionPrinter - See release notes here: https://rd.gt/416ObMi
2026-09-18 14:02:56 [main] INFO  o.f.c.i.license.VersionPrinter - 
2026-09-18 14:02:56 [main] INFO  org.flywaydb.core.FlywayExecutor - Database: jdbc:postgresql://localhost:5432/bdAutoCenterSilva (PostgreSQL 18.3)
2026-09-18 14:02:56 [main] WARN  o.f.c.i.database.base.Database - Flyway upgrade recommended: PostgreSQL 18.3 is newer than this version of Flyway and support has not been tested. The latest supported version of PostgreSQL is 15.
2026-09-18 14:02:56 [main] INFO  o.f.core.internal.command.DbValidate - Successfully validated 8 migrations (execution time 00:00.114s)
2026-09-18 14:02:56 [main] INFO  o.f.core.internal.command.DbMigrate - Current version of schema "public": 8
2026-09-18 14:02:56 [main] INFO  o.f.core.internal.command.DbMigrate - Schema "public" is up to date. No migration necessary.
2026-09-18 14:02:57 [main] INFO  o.h.jpa.internal.util.LogHelper - HHH000204: Processing PersistenceUnitInfo [name: default]
2026-09-18 14:02:57 [main] INFO  org.hibernate.Version - HHH000412: Hibernate ORM core version 6.4.4.Final
2026-09-18 14:02:57 [main] INFO  o.h.c.i.RegionFactoryInitiator - HHH000026: Second-level cache disabled
2026-09-18 14:02:58 [main] WARN  org.hibernate.orm.deprecation - HHH90000025: PostgreSQLDialect does not need to be specified explicitly using 'hibernate.dialect' (remove the property setting and it will be selected by default)
2026-09-18 14:03:00 [main] INFO  o.h.e.t.j.p.i.JtaPlatformInitiator - HHH000489: No JTA platform available (set 'hibernate.transaction.jta.platform' to enable JTA platform integration)
2026-09-18 14:03:01 [main] WARN  o.s.b.a.o.j.JpaBaseConfiguration$JpaWebConfiguration - spring.jpa.open-in-view is enabled by default. Therefore, database queries may be performed during view rendering. Explicitly configure spring.jpa.open-in-view to disable this warning
2026-09-18 14:03:02 [main] INFO  c.a.demo.DemoApplication - Started DemoApplication in 13.788 seconds (process running for 19.692)
2026-09-18 14:03:11 [http-nio-8080-exec-1] INFO  o.a.c.c.C.[Tomcat].[localhost].[/] - Initializing Spring DispatcherServlet 'dispatcherServlet'
2026-09-18 14:03:11 [http-nio-8080-exec-1] WARN  c.a.d.c.GlobalExceptionHandler - Não foi possivel encontrar o recurso: Usuário com ID 999 não encontrado
2026-09-18 14:03:54 [http-nio-8080-exec-2] ERROR c.a.d.c.GlobalExceptionHandler - Erro crítico não tratado no sistema: 
org.springframework.web.HttpRequestMethodNotSupportedException: Request method 'DELETE' is not supported
	at org.springframework.web.servlet.mvc.method.RequestMappingInfoHandlerMapping.handleNoMatch(RequestMappingInfoHandlerMapping.java:267)
	at org.springframework.web.servlet.handler.AbstractHandlerMethodMapping.lookupHandlerMethod(AbstractHandlerMethodMapping.java:441)
	at org.springframework.web.servlet.handler.AbstractHandlerMethodMapping.getHandlerInternal(AbstractHandlerMethodMapping.java:382)
	at org.springframework.web.servlet.mvc.method.RequestMappingInfoHandlerMapping.getHandlerInternal(RequestMappingInfoHandlerMapping.java:127)
	at org.springframework.web.servlet.mvc.method.RequestMappingInfoHandlerMapping.getHandlerInternal(RequestMappingInfoHandlerMapping.java:68)
	at org.springframework.web.servlet.handler.AbstractHandlerMapping.getHandler(AbstractHandlerMapping.java:507)
	at org.springframework.web.servlet.DispatcherServlet.getHandler(DispatcherServlet.java:1283)
	at org.springframework.web.servlet.DispatcherServlet.doDispatch(DispatcherServlet.java:1065)
	at org.springframework.web.servlet.DispatcherServlet.doService(DispatcherServlet.java:979)
	at org.springframework.web.servlet.FrameworkServlet.processRequest(FrameworkServlet.java:1014)
	at org.springframework.web.servlet.FrameworkServlet.doDelete(FrameworkServlet.java:936)
	at jakarta.servlet.http.HttpServlet.service(HttpServlet.java:596)
	at org.springframework.web.servlet.FrameworkServlet.service(FrameworkServlet.java:885)
	at jakarta.servlet.http.HttpServlet.service(HttpServlet.java:658)
	at org.apache.catalina.core.ApplicationFilterChain.internalDoFilter(ApplicationFilterChain.java:206)
	at org.apache.catalina.core.ApplicationFilterChain.doFilter(ApplicationFilterChain.java:150)
	at org.apache.tomcat.websocket.server.WsFilter.doFilter(WsFilter.java:51)
	at org.apache.catalina.core.ApplicationFilterChain.internalDoFilter(ApplicationFilterChain.java:175)
	at org.apache.catalina.core.ApplicationFilterChain.doFilter(ApplicationFilterChain.java:150)
	at org.springframework.web.filter.RequestContextFilter.doFilterInternal(RequestContextFilter.java:100)
	at org.springframework.web.filter.OncePerRequestFilter.doFilter(OncePerRequestFilter.java:116)
	at org.apache.catalina.core.ApplicationFilterChain.internalDoFilter(ApplicationFilterChain.java:175)
	at org.apache.catalina.core.ApplicationFilterChain.doFilter(ApplicationFilterChain.java:150)
	at org.springframework.web.filter.FormContentFilter.doFilterInternal(FormContentFilter.java:93)
	at org.springframework.web.filter.OncePerRequestFilter.doFilter(OncePerRequestFilter.java:116)
	at org.apache.catalina.core.ApplicationFilterChain.internalDoFilter(ApplicationFilterChain.java:175)
	at org.apache.catalina.core.ApplicationFilterChain.doFilter(ApplicationFilterChain.java:150)
	at org.springframework.web.filter.CharacterEncodingFilter.doFilterInternal(CharacterEncodingFilter.java:201)
	at org.springframework.web.filter.OncePerRequestFilter.doFilter(OncePerRequestFilter.java:116)
	at org.apache.catalina.core.ApplicationFilterChain.internalDoFilter(ApplicationFilterChain.java:175)
	at org.apache.catalina.core.ApplicationFilterChain.doFilter(ApplicationFilterChain.java:150)
	at org.apache.catalina.core.StandardWrapperValve.invoke(StandardWrapperValve.java:167)
	at org.apache.catalina.core.StandardContextValve.invoke(StandardContextValve.java:90)
	at org.apache.catalina.authenticator.AuthenticatorBase.invoke(AuthenticatorBase.java:482)
	at org.apache.catalina.core.StandardHostValve.invoke(StandardHostValve.java:115)
	at org.apache.catalina.valves.ErrorReportValve.invoke(ErrorReportValve.java:93)
	at org.apache.catalina.core.StandardEngineValve.invoke(StandardEngineValve.java:74)
	at org.apache.catalina.connector.CoyoteAdapter.service(CoyoteAdapter.java:344)
	at org.apache.coyote.http11.Http11Processor.service(Http11Processor.java:391)
	at org.apache.coyote.AbstractProcessorLight.process(AbstractProcessorLight.java:63)
	at org.apache.coyote.AbstractProtocol$ConnectionHandler.process(AbstractProtocol.java:896)
	at org.apache.tomcat.util.net.NioEndpoint$SocketProcessor.doRun(NioEndpoint.java:1736)
	at org.apache.tomcat.util.net.SocketProcessorBase.run(SocketProcessorBase.java:52)
	at org.apache.tomcat.util.threads.ThreadPoolExecutor.runWorker(ThreadPoolExecutor.java:1191)
	at org.apache.tomcat.util.threads.ThreadPoolExecutor$Worker.run(ThreadPoolExecutor.java:659)
	at org.apache.tomcat.util.threads.TaskThread$WrappingRunnable.run(TaskThread.java:63)
	at java.base/java.lang.Thread.run(Thread.java:842)
2026-09-18 14:05:27 [http-nio-8080-exec-3] ERROR c.a.d.c.GlobalExceptionHandler - Erro crítico não tratado no sistema: 
org.springframework.web.servlet.resource.NoResourceFoundException: No static resource api/carro/remover/5/variacoes/4.
	at org.springframework.web.servlet.resource.ResourceHttpRequestHandler.handleRequest(ResourceHttpRequestHandler.java:585)
	at org.springframework.web.servlet.mvc.HttpRequestHandlerAdapter.handle(HttpRequestHandlerAdapter.java:52)
	at org.springframework.web.servlet.DispatcherServlet.doDispatch(DispatcherServlet.java:1089)
	at org.springframework.web.servlet.DispatcherServlet.doService(DispatcherServlet.java:979)
	at org.springframework.web.servlet.FrameworkServlet.processRequest(FrameworkServlet.java:1014)
	at org.springframework.web.servlet.FrameworkServlet.doDelete(FrameworkServlet.java:936)
	at jakarta.servlet.http.HttpServlet.service(HttpServlet.java:596)
	at org.springframework.web.servlet.FrameworkServlet.service(FrameworkServlet.java:885)
	at jakarta.servlet.http.HttpServlet.service(HttpServlet.java:658)
	at org.apache.catalina.core.ApplicationFilterChain.internalDoFilter(ApplicationFilterChain.java:206)
	at org.apache.catalina.core.ApplicationFilterChain.doFilter(ApplicationFilterChain.java:150)
	at org.apache.tomcat.websocket.server.WsFilter.doFilter(WsFilter.java:51)
	at org.apache.catalina.core.ApplicationFilterChain.internalDoFilter(ApplicationFilterChain.java:175)
	at org.apache.catalina.core.ApplicationFilterChain.doFilter(ApplicationFilterChain.java:150)
	at org.springframework.web.filter.RequestContextFilter.doFilterInternal(RequestContextFilter.java:100)
	at org.springframework.web.filter.OncePerRequestFilter.doFilter(OncePerRequestFilter.java:116)
	at org.apache.catalina.core.ApplicationFilterChain.internalDoFilter(ApplicationFilterChain.java:175)
	at org.apache.catalina.core.ApplicationFilterChain.doFilter(ApplicationFilterChain.java:150)
	at org.springframework.web.filter.FormContentFilter.doFilterInternal(FormContentFilter.java:93)
	at org.springframework.web.filter.OncePerRequestFilter.doFilter(OncePerRequestFilter.java:116)
	at org.apache.catalina.core.ApplicationFilterChain.internalDoFilter(ApplicationFilterChain.java:175)
	at org.apache.catalina.core.ApplicationFilterChain.doFilter(ApplicationFilterChain.java:150)
	at org.springframework.web.filter.CharacterEncodingFilter.doFilterInternal(CharacterEncodingFilter.java:201)
	at org.springframework.web.filter.OncePerRequestFilter.doFilter(OncePerRequestFilter.java:116)
	at org.apache.catalina.core.ApplicationFilterChain.internalDoFilter(ApplicationFilterChain.java:175)
	at org.apache.catalina.core.ApplicationFilterChain.doFilter(ApplicationFilterChain.java:150)
	at org.apache.catalina.core.StandardWrapperValve.invoke(StandardWrapperValve.java:167)
	at org.apache.catalina.core.StandardContextValve.invoke(StandardContextValve.java:90)
	at org.apache.catalina.authenticator.AuthenticatorBase.invoke(AuthenticatorBase.java:482)
	at org.apache.catalina.core.StandardHostValve.invoke(StandardHostValve.java:115)
	at org.apache.catalina.valves.ErrorReportValve.invoke(ErrorReportValve.java:93)
	at org.apache.catalina.core.StandardEngineValve.invoke(StandardEngineValve.java:74)
	at org.apache.catalina.connector.CoyoteAdapter.service(CoyoteAdapter.java:344)
	at org.apache.coyote.http11.Http11Processor.service(Http11Processor.java:391)
	at org.apache.coyote.AbstractProcessorLight.process(AbstractProcessorLight.java:63)
	at org.apache.coyote.AbstractProtocol$ConnectionHandler.process(AbstractProtocol.java:896)
	at org.apache.tomcat.util.net.NioEndpoint$SocketProcessor.doRun(NioEndpoint.java:1736)
	at org.apache.tomcat.util.net.SocketProcessorBase.run(SocketProcessorBase.java:52)
	at org.apache.tomcat.util.threads.ThreadPoolExecutor.runWorker(ThreadPoolExecutor.java:1191)
	at org.apache.tomcat.util.threads.ThreadPoolExecutor$Worker.run(ThreadPoolExecutor.java:659)
	at org.apache.tomcat.util.threads.TaskThread$WrappingRunnable.run(TaskThread.java:63)
	at java.base/java.lang.Thread.run(Thread.java:842)
2026-09-18 14:05:57 [http-nio-8080-exec-4] ERROR c.a.d.c.GlobalExceptionHandler - Erro crítico não tratado no sistema: 
org.springframework.web.bind.MissingPathVariableException: Required URI template variable 'carroId' for method parameter type Long is not present
	at org.springframework.web.servlet.mvc.method.annotation.PathVariableMethodArgumentResolver.handleMissingValue(PathVariableMethodArgumentResolver.java:101)
	at org.springframework.web.method.annotation.AbstractNamedValueMethodArgumentResolver.handleMissingValue(AbstractNamedValueMethodArgumentResolver.java:235)
	at org.springframework.web.method.annotation.AbstractNamedValueMethodArgumentResolver.resolveArgument(AbstractNamedValueMethodArgumentResolver.java:126)
	at org.springframework.web.method.support.HandlerMethodArgumentResolverComposite.resolveArgument(HandlerMethodArgumentResolverComposite.java:122)
	at org.springframework.web.method.support.InvocableHandlerMethod.getMethodArgumentValues(InvocableHandlerMethod.java:224)
	at org.springframework.web.method.support.InvocableHandlerMethod.invokeForRequest(InvocableHandlerMethod.java:178)
	at org.springframework.web.servlet.mvc.method.annotation.ServletInvocableHandlerMethod.invokeAndHandle(ServletInvocableHandlerMethod.java:118)
	at org.springframework.web.servlet.mvc.method.annotation.RequestMappingHandlerAdapter.invokeHandlerMethod(RequestMappingHandlerAdapter.java:926)
	at org.springframework.web.servlet.mvc.method.annotation.RequestMappingHandlerAdapter.handleInternal(RequestMappingHandlerAdapter.java:831)
	at org.springframework.web.servlet.mvc.method.AbstractHandlerMethodAdapter.handle(AbstractHandlerMethodAdapter.java:87)
	at org.springframework.web.servlet.DispatcherServlet.doDispatch(DispatcherServlet.java:1089)
	at org.springframework.web.servlet.DispatcherServlet.doService(DispatcherServlet.java:979)
	at org.springframework.web.servlet.FrameworkServlet.processRequest(FrameworkServlet.java:1014)
	at org.springframework.web.servlet.FrameworkServlet.doDelete(FrameworkServlet.java:936)
	at jakarta.servlet.http.HttpServlet.service(HttpServlet.java:596)
	at org.springframework.web.servlet.FrameworkServlet.service(FrameworkServlet.java:885)
	at jakarta.servlet.http.HttpServlet.service(HttpServlet.java:658)
	at org.apache.catalina.core.ApplicationFilterChain.internalDoFilter(ApplicationFilterChain.java:206)
	at org.apache.catalina.core.ApplicationFilterChain.doFilter(ApplicationFilterChain.java:150)
	at org.apache.tomcat.websocket.server.WsFilter.doFilter(WsFilter.java:51)
	at org.apache.catalina.core.ApplicationFilterChain.internalDoFilter(ApplicationFilterChain.java:175)
	at org.apache.catalina.core.ApplicationFilterChain.doFilter(ApplicationFilterChain.java:150)
	at org.springframework.web.filter.RequestContextFilter.doFilterInternal(RequestContextFilter.java:100)
	at org.springframework.web.filter.OncePerRequestFilter.doFilter(OncePerRequestFilter.java:116)
	at org.apache.catalina.core.ApplicationFilterChain.internalDoFilter(ApplicationFilterChain.java:175)
	at org.apache.catalina.core.ApplicationFilterChain.doFilter(ApplicationFilterChain.java:150)
	at org.springframework.web.filter.FormContentFilter.doFilterInternal(FormContentFilter.java:93)
	at org.springframework.web.filter.OncePerRequestFilter.doFilter(OncePerRequestFilter.java:116)
	at org.apache.catalina.core.ApplicationFilterChain.internalDoFilter(ApplicationFilterChain.java:175)
	at org.apache.catalina.core.ApplicationFilterChain.doFilter(ApplicationFilterChain.java:150)
	at org.springframework.web.filter.CharacterEncodingFilter.doFilterInternal(CharacterEncodingFilter.java:201)
	at org.springframework.web.filter.OncePerRequestFilter.doFilter(OncePerRequestFilter.java:116)
	at org.apache.catalina.core.ApplicationFilterChain.internalDoFilter(ApplicationFilterChain.java:175)
	at org.apache.catalina.core.ApplicationFilterChain.doFilter(ApplicationFilterChain.java:150)
	at org.apache.catalina.core.StandardWrapperValve.invoke(StandardWrapperValve.java:167)
	at org.apache.catalina.core.StandardContextValve.invoke(StandardContextValve.java:90)
	at org.apache.catalina.authenticator.AuthenticatorBase.invoke(AuthenticatorBase.java:482)
	at org.apache.catalina.core.StandardHostValve.invoke(StandardHostValve.java:115)
	at org.apache.catalina.valves.ErrorReportValve.invoke(ErrorReportValve.java:93)
	at org.apache.catalina.core.StandardEngineValve.invoke(StandardEngineValve.java:74)
	at org.apache.catalina.connector.CoyoteAdapter.service(CoyoteAdapter.java:344)
	at org.apache.coyote.http11.Http11Processor.service(Http11Processor.java:391)
	at org.apache.coyote.AbstractProcessorLight.process(AbstractProcessorLight.java:63)
	at org.apache.coyote.AbstractProtocol$ConnectionHandler.process(AbstractProtocol.java:896)
	at org.apache.tomcat.util.net.NioEndpoint$SocketProcessor.doRun(NioEndpoint.java:1736)
	at org.apache.tomcat.util.net.SocketProcessorBase.run(SocketProcessorBase.java:52)
	at org.apache.tomcat.util.threads.ThreadPoolExecutor.runWorker(ThreadPoolExecutor.java:1191)
	at org.apache.tomcat.util.threads.ThreadPoolExecutor$Worker.run(ThreadPoolExecutor.java:659)
	at org.apache.tomcat.util.threads.TaskThread$WrappingRunnable.run(TaskThread.java:63)
	at java.base/java.lang.Thread.run(Thread.java:842)
2026-09-18 14:06:26 [SpringApplicationShutdownHook] INFO  com.zaxxer.hikari.HikariDataSource - HikariPool-1 - Shutdown initiated...
2026-09-18 14:06:26 [SpringApplicationShutdownHook] INFO  com.zaxxer.hikari.HikariDataSource - HikariPool-1 - Shutdown completed.
2026-09-18 14:06:55 [main] INFO  c.a.demo.DemoApplication - Starting DemoApplication using Java 17.0.12 with PID 20988 (C:\BackPj\demo\target\classes started by lucas in C:\BackPj)
2026-09-18 14:06:55 [main] INFO  c.a.demo.DemoApplication - No active profile set, falling back to 1 default profile: "default"
2026-09-18 14:06:58 [main] INFO  o.a.catalina.core.StandardService - Starting service [Tomcat]
2026-09-18 14:06:58 [main] INFO  o.a.catalina.core.StandardEngine - Starting Servlet engine: [Apache Tomcat/10.1.20]
2026-09-18 14:06:59 [main] INFO  o.a.c.c.C.[Tomcat].[localhost].[/] - Initializing Spring embedded WebApplicationContext
2026-09-18 14:06:59 [main] INFO  com.zaxxer.hikari.HikariDataSource - HikariPool-1 - Starting...
2026-09-18 14:06:59 [main] INFO  com.zaxxer.hikari.pool.HikariPool - HikariPool-1 - Added connection org.postgresql.jdbc.PgConnection@616a06e3
2026-09-18 14:06:59 [main] INFO  com.zaxxer.hikari.HikariDataSource - HikariPool-1 - Start completed.
2026-09-18 14:07:00 [main] INFO  o.f.c.i.license.VersionPrinter - Flyway Community Edition 9.22.3 by Redgate
2026-09-18 14:07:00 [main] INFO  o.f.c.i.license.VersionPrinter - See release notes here: https://rd.gt/416ObMi
2026-09-18 14:07:00 [main] INFO  o.f.c.i.license.VersionPrinter - 
2026-09-18 14:07:00 [main] INFO  org.flywaydb.core.FlywayExecutor - Database: jdbc:postgresql://localhost:5432/bdAutoCenterSilva (PostgreSQL 18.3)
2026-09-18 14:07:00 [main] WARN  o.f.c.i.database.base.Database - Flyway upgrade recommended: PostgreSQL 18.3 is newer than this version of Flyway and support has not been tested. The latest supported version of PostgreSQL is 15.
2026-09-18 14:07:00 [main] INFO  o.f.core.internal.command.DbValidate - Successfully validated 8 migrations (execution time 00:00.186s)
2026-09-18 14:07:00 [main] INFO  o.f.core.internal.command.DbMigrate - Current version of schema "public": 8
2026-09-18 14:07:00 [main] INFO  o.f.core.internal.command.DbMigrate - Schema "public" is up to date. No migration necessary.
2026-09-18 14:07:01 [main] INFO  o.h.jpa.internal.util.LogHelper - HHH000204: Processing PersistenceUnitInfo [name: default]
2026-09-18 14:07:01 [main] INFO  org.hibernate.Version - HHH000412: Hibernate ORM core version 6.4.4.Final
2026-09-18 14:07:01 [main] INFO  o.h.c.i.RegionFactoryInitiator - HHH000026: Second-level cache disabled
2026-09-18 14:07:02 [main] WARN  org.hibernate.orm.deprecation - HHH90000025: PostgreSQLDialect does not need to be specified explicitly using 'hibernate.dialect' (remove the property setting and it will be selected by default)
2026-09-18 14:07:06 [main] INFO  o.h.e.t.j.p.i.JtaPlatformInitiator - HHH000489: No JTA platform available (set 'hibernate.transaction.jta.platform' to enable JTA platform integration)
2026-09-18 14:07:07 [main] WARN  o.s.b.a.o.j.JpaBaseConfiguration$JpaWebConfiguration - spring.jpa.open-in-view is enabled by default. Therefore, database queries may be performed during view rendering. Explicitly configure spring.jpa.open-in-view to disable this warning
2026-09-18 14:07:08 [main] INFO  c.a.demo.DemoApplication - Started DemoApplication in 15.729 seconds (process running for 16.594)
2026-09-18 14:07:21 [http-nio-8080-exec-2] INFO  o.a.c.c.C.[Tomcat].[localhost].[/] - Initializing Spring DispatcherServlet 'dispatcherServlet'
2026-09-18 14:09:16 [SpringApplicationShutdownHook] INFO  com.zaxxer.hikari.HikariDataSource - HikariPool-1 - Shutdown initiated...
2026-09-18 14:09:16 [SpringApplicationShutdownHook] INFO  com.zaxxer.hikari.HikariDataSource - HikariPool-1 - Shutdown completed.
2026-09-18 14:25:39 [main] INFO  c.a.demo.DemoApplication - Starting DemoApplication using Java 17.0.12 with PID 14476 (C:\BackPj\demo\target\classes started by lucas in C:\BackPj)
2026-09-18 14:25:39 [main] INFO  c.a.demo.DemoApplication - No active profile set, falling back to 1 default profile: "default"
2026-09-18 14:25:44 [main] INFO  o.a.catalina.core.StandardService - Starting service [Tomcat]
2026-09-18 14:25:44 [main] INFO  o.a.catalina.core.StandardEngine - Starting Servlet engine: [Apache Tomcat/10.1.20]
2026-09-18 14:25:44 [main] INFO  o.a.c.c.C.[Tomcat].[localhost].[/] - Initializing Spring embedded WebApplicationContext
2026-09-18 14:25:44 [main] INFO  com.zaxxer.hikari.HikariDataSource - HikariPool-1 - Starting...
2026-09-18 14:25:45 [main] INFO  com.zaxxer.hikari.pool.HikariPool - HikariPool-1 - Added connection org.postgresql.jdbc.PgConnection@5e1a5f
2026-09-18 14:25:45 [main] INFO  com.zaxxer.hikari.HikariDataSource - HikariPool-1 - Start completed.
2026-09-18 14:25:45 [main] INFO  o.f.c.i.license.VersionPrinter - Flyway Community Edition 9.22.3 by Redgate
2026-09-18 14:25:45 [main] INFO  o.f.c.i.license.VersionPrinter - See release notes here: https://rd.gt/416ObMi
2026-09-18 14:25:45 [main] INFO  o.f.c.i.license.VersionPrinter - 
2026-09-18 14:25:45 [main] INFO  org.flywaydb.core.FlywayExecutor - Database: jdbc:postgresql://localhost:5432/bdAutoCenterSilva (PostgreSQL 18.3)
2026-09-18 14:25:45 [main] WARN  o.f.c.i.database.base.Database - Flyway upgrade recommended: PostgreSQL 18.3 is newer than this version of Flyway and support has not been tested. The latest supported version of PostgreSQL is 15.
2026-09-18 14:25:45 [main] INFO  o.f.core.internal.command.DbValidate - Successfully validated 8 migrations (execution time 00:00.080s)
2026-09-18 14:25:45 [main] INFO  o.f.core.internal.command.DbMigrate - Current version of schema "public": 8
2026-09-18 14:25:45 [main] INFO  o.f.core.internal.command.DbMigrate - Schema "public" is up to date. No migration necessary.
2026-09-18 14:25:45 [main] INFO  o.h.jpa.internal.util.LogHelper - HHH000204: Processing PersistenceUnitInfo [name: default]
2026-09-18 14:25:46 [main] INFO  org.hibernate.Version - HHH000412: Hibernate ORM core version 6.4.4.Final
2026-09-18 14:25:46 [main] INFO  o.h.c.i.RegionFactoryInitiator - HHH000026: Second-level cache disabled
2026-09-18 14:25:46 [main] WARN  org.hibernate.orm.deprecation - HHH90000025: PostgreSQLDialect does not need to be specified explicitly using 'hibernate.dialect' (remove the property setting and it will be selected by default)
2026-09-18 14:25:48 [main] INFO  o.h.e.t.j.p.i.JtaPlatformInitiator - HHH000489: No JTA platform available (set 'hibernate.transaction.jta.platform' to enable JTA platform integration)
2026-09-18 14:25:48 [main] WARN  o.s.b.w.s.c.AnnotationConfigServletWebServerApplicationContext - Exception encountered during context initialization - cancelling refresh attempt: org.springframework.beans.factory.UnsatisfiedDependencyException: Error creating bean with name 'carroController': Unsatisfied dependency expressed through field 'carrosService': Error creating bean with name 'carrosService' defined in file [C:\BackPj\demo\target\classes\com\autoCenterSilva\demo\service\CarrosService.class]: Unsatisfied dependency expressed through constructor parameter 2: Error creating bean with name 'carroProdutoVariacaoRepository' defined in com.autoCenterSilva.demo.repository.CarroProdutoVariacaoRepository defined in @EnableJpaRepositories declared on JpaRepositoriesRegistrar.EnableJpaRepositoriesConfiguration: Not a managed type: interface com.autoCenterSilva.demo.repository.CarroProdutoVariacaoRepository
2026-09-18 14:25:48 [main] INFO  com.zaxxer.hikari.HikariDataSource - HikariPool-1 - Shutdown initiated...
2026-09-18 14:25:48 [main] INFO  com.zaxxer.hikari.HikariDataSource - HikariPool-1 - Shutdown completed.
2026-09-18 14:25:48 [main] INFO  o.a.catalina.core.StandardService - Stopping service [Tomcat]
2026-09-18 14:25:49 [main] ERROR o.s.boot.SpringApplication - Application run failed
org.springframework.beans.factory.UnsatisfiedDependencyException: Error creating bean with name 'carroController': Unsatisfied dependency expressed through field 'carrosService': Error creating bean with name 'carrosService' defined in file [C:\BackPj\demo\target\classes\com\autoCenterSilva\demo\service\CarrosService.class]: Unsatisfied dependency expressed through constructor parameter 2: Error creating bean with name 'carroProdutoVariacaoRepository' defined in com.autoCenterSilva.demo.repository.CarroProdutoVariacaoRepository defined in @EnableJpaRepositories declared on JpaRepositoriesRegistrar.EnableJpaRepositoriesConfiguration: Not a managed type: interface com.autoCenterSilva.demo.repository.CarroProdutoVariacaoRepository
	at org.springframework.beans.factory.annotation.AutowiredAnnotationBeanPostProcessor$AutowiredFieldElement.resolveFieldValue(AutowiredAnnotationBeanPostProcessor.java:787)
	at org.springframework.beans.factory.annotation.AutowiredAnnotationBeanPostProcessor$AutowiredFieldElement.inject(AutowiredAnnotationBeanPostProcessor.java:767)
	at org.springframework.beans.factory.annotation.InjectionMetadata.inject(InjectionMetadata.java:145)
	at org.springframework.beans.factory.annotation.AutowiredAnnotationBeanPostProcessor.postProcessProperties(AutowiredAnnotationBeanPostProcessor.java:508)
	at org.springframework.beans.factory.support.AbstractAutowireCapableBeanFactory.populateBean(AbstractAutowireCapableBeanFactory.java:1419)
	at org.springframework.beans.factory.support.AbstractAutowireCapableBeanFactory.doCreateBean(AbstractAutowireCapableBeanFactory.java:599)
	at org.springframework.beans.factory.support.AbstractAutowireCapableBeanFactory.createBean(AbstractAutowireCapableBeanFactory.java:522)
	at org.springframework.beans.factory.support.AbstractBeanFactory.lambda$doGetBean$0(AbstractBeanFactory.java:326)
	at org.springframework.beans.factory.support.DefaultSingletonBeanRegistry.getSingleton(DefaultSingletonBeanRegistry.java:234)
	at org.springframework.beans.factory.support.AbstractBeanFactory.doGetBean(AbstractBeanFactory.java:324)
	at org.springframework.beans.factory.support.AbstractBeanFactory.getBean(AbstractBeanFactory.java:200)
	at org.springframework.beans.factory.support.DefaultListableBeanFactory.preInstantiateSingletons(DefaultListableBeanFactory.java:975)
	at org.springframework.context.support.AbstractApplicationContext.finishBeanFactoryInitialization(AbstractApplicationContext.java:962)
	at org.springframework.context.support.AbstractApplicationContext.refresh(AbstractApplicationContext.java:624)
	at org.springframework.boot.web.servlet.context.ServletWebServerApplicationContext.refresh(ServletWebServerApplicationContext.java:146)
	at org.springframework.boot.SpringApplication.refresh(SpringApplication.java:754)
	at org.springframework.boot.SpringApplication.refreshContext(SpringApplication.java:456)
	at org.springframework.boot.SpringApplication.run(SpringApplication.java:334)
	at org.springframework.boot.SpringApplication.run(SpringApplication.java:1354)
	at org.springframework.boot.SpringApplication.run(SpringApplication.java:1343)
	at com.autoCenterSilva.demo.DemoApplication.main(DemoApplication.java:12)
Caused by: org.springframework.beans.factory.UnsatisfiedDependencyException: Error creating bean with name 'carrosService' defined in file [C:\BackPj\demo\target\classes\com\autoCenterSilva\demo\service\CarrosService.class]: Unsatisfied dependency expressed through constructor parameter 2: Error creating bean with name 'carroProdutoVariacaoRepository' defined in com.autoCenterSilva.demo.repository.CarroProdutoVariacaoRepository defined in @EnableJpaRepositories declared on JpaRepositoriesRegistrar.EnableJpaRepositoriesConfiguration: Not a managed type: interface com.autoCenterSilva.demo.repository.CarroProdutoVariacaoRepository
	at org.springframework.beans.factory.support.ConstructorResolver.createArgumentArray(ConstructorResolver.java:795)
	at org.springframework.beans.factory.support.ConstructorResolver.autowireConstructor(ConstructorResolver.java:237)
	at org.springframework.beans.factory.support.AbstractAutowireCapableBeanFactory.autowireConstructor(AbstractAutowireCapableBeanFactory.java:1355)
	at org.springframework.beans.factory.support.AbstractAutowireCapableBeanFactory.createBeanInstance(AbstractAutowireCapableBeanFactory.java:1192)
	at org.springframework.beans.factory.support.AbstractAutowireCapableBeanFactory.doCreateBean(AbstractAutowireCapableBeanFactory.java:562)
	at org.springframework.beans.factory.support.AbstractAutowireCapableBeanFactory.createBean(AbstractAutowireCapableBeanFactory.java:522)
	at org.springframework.beans.factory.support.AbstractBeanFactory.lambda$doGetBean$0(AbstractBeanFactory.java:326)
	at org.springframework.beans.factory.support.DefaultSingletonBeanRegistry.getSingleton(DefaultSingletonBeanRegistry.java:234)
	at org.springframework.beans.factory.support.AbstractBeanFactory.doGetBean(AbstractBeanFactory.java:324)
	at org.springframework.beans.factory.support.AbstractBeanFactory.getBean(AbstractBeanFactory.java:200)
	at org.springframework.beans.factory.config.DependencyDescriptor.resolveCandidate(DependencyDescriptor.java:254)
	at org.springframework.beans.factory.support.DefaultListableBeanFactory.doResolveDependency(DefaultListableBeanFactory.java:1443)
	at org.springframework.beans.factory.support.DefaultListableBeanFactory.resolveDependency(DefaultListableBeanFactory.java:1353)
	at org.springframework.beans.factory.annotation.AutowiredAnnotationBeanPostProcessor$AutowiredFieldElement.resolveFieldValue(AutowiredAnnotationBeanPostProcessor.java:784)
	... 20 common frames omitted
Caused by: org.springframework.beans.factory.BeanCreationException: Error creating bean with name 'carroProdutoVariacaoRepository' defined in com.autoCenterSilva.demo.repository.CarroProdutoVariacaoRepository defined in @EnableJpaRepositories declared on JpaRepositoriesRegistrar.EnableJpaRepositoriesConfiguration: Not a managed type: interface com.autoCenterSilva.demo.repository.CarroProdutoVariacaoRepository
	at org.springframework.beans.factory.support.AbstractAutowireCapableBeanFactory.initializeBean(AbstractAutowireCapableBeanFactory.java:1786)
	at org.springframework.beans.factory.support.AbstractAutowireCapableBeanFactory.doCreateBean(AbstractAutowireCapableBeanFactory.java:600)
	at org.springframework.beans.factory.support.AbstractAutowireCapableBeanFactory.createBean(AbstractAutowireCapableBeanFactory.java:522)
	at org.springframework.beans.factory.support.AbstractBeanFactory.lambda$doGetBean$0(AbstractBeanFactory.java:326)
	at org.springframework.beans.factory.support.DefaultSingletonBeanRegistry.getSingleton(DefaultSingletonBeanRegistry.java:234)
	at org.springframework.beans.factory.support.AbstractBeanFactory.doGetBean(AbstractBeanFactory.java:324)
	at org.springframework.beans.factory.support.AbstractBeanFactory.getBean(AbstractBeanFactory.java:200)
	at org.springframework.beans.factory.config.DependencyDescriptor.resolveCandidate(DependencyDescriptor.java:254)
	at org.springframework.beans.factory.support.DefaultListableBeanFactory.doResolveDependency(DefaultListableBeanFactory.java:1443)
	at org.springframework.beans.factory.support.DefaultListableBeanFactory.resolveDependency(DefaultListableBeanFactory.java:1353)
	at org.springframework.beans.factory.support.ConstructorResolver.resolveAutowiredArgument(ConstructorResolver.java:904)
	at org.springframework.beans.factory.support.ConstructorResolver.createArgumentArray(ConstructorResolver.java:782)
	... 33 common frames omitted
Caused by: java.lang.IllegalArgumentException: Not a managed type: interface com.autoCenterSilva.demo.repository.CarroProdutoVariacaoRepository
	at org.hibernate.metamodel.model.domain.internal.JpaMetamodelImpl.managedType(JpaMetamodelImpl.java:193)
	at org.hibernate.metamodel.model.domain.internal.MappingMetamodelImpl.managedType(MappingMetamodelImpl.java:468)
	at org.hibernate.metamodel.model.domain.internal.MappingMetamodelImpl.managedType(MappingMetamodelImpl.java:98)
	at org.springframework.data.jpa.repository.support.JpaMetamodelEntityInformation.<init>(JpaMetamodelEntityInformation.java:82)
	at org.springframework.data.jpa.repository.support.JpaEntityInformationSupport.getEntityInformation(JpaEntityInformationSupport.java:69)
	at org.springframework.data.jpa.repository.support.JpaRepositoryFactory.getEntityInformation(JpaRepositoryFactory.java:246)
	at org.springframework.data.jpa.repository.support.JpaRepositoryFactory.getTargetRepository(JpaRepositoryFactory.java:211)
	at org.springframework.data.jpa.repository.support.JpaRepositoryFactory.getTargetRepository(JpaRepositoryFactory.java:194)
	at org.springframework.data.jpa.repository.support.JpaRepositoryFactory.getTargetRepository(JpaRepositoryFactory.java:1)
	at org.springframework.data.repository.core.support.RepositoryFactorySupport.getRepository(RepositoryFactorySupport.java:317)
	at org.springframework.data.repository.core.support.RepositoryFactoryBeanSupport.lambda$afterPropertiesSet$5(RepositoryFactoryBeanSupport.java:279)
	at org.springframework.data.util.Lazy.getNullable(Lazy.java:135)
	at org.springframework.data.util.Lazy.get(Lazy.java:113)
	at org.springframework.data.repository.core.support.RepositoryFactoryBeanSupport.afterPropertiesSet(RepositoryFactoryBeanSupport.java:285)
	at org.springframework.data.jpa.repository.support.JpaRepositoryFactoryBean.afterPropertiesSet(JpaRepositoryFactoryBean.java:132)
	at org.springframework.beans.factory.support.AbstractAutowireCapableBeanFactory.invokeInitMethods(AbstractAutowireCapableBeanFactory.java:1833)
	at org.springframework.beans.factory.support.AbstractAutowireCapableBeanFactory.initializeBean(AbstractAutowireCapableBeanFactory.java:1782)
	... 44 common frames omitted
2026-09-18 14:31:27 [main] INFO  c.a.demo.DemoApplication - Starting DemoApplication using Java 17.0.12 with PID 3756 (C:\BackPj\demo\target\classes started by lucas in C:\BackPj)
2026-09-18 14:31:27 [main] INFO  c.a.demo.DemoApplication - No active profile set, falling back to 1 default profile: "default"
2026-09-18 14:31:30 [main] INFO  o.a.catalina.core.StandardService - Starting service [Tomcat]
2026-09-18 14:31:30 [main] INFO  o.a.catalina.core.StandardEngine - Starting Servlet engine: [Apache Tomcat/10.1.20]
2026-09-18 14:31:30 [main] INFO  o.a.c.c.C.[Tomcat].[localhost].[/] - Initializing Spring embedded WebApplicationContext
2026-09-18 14:31:30 [main] INFO  com.zaxxer.hikari.HikariDataSource - HikariPool-1 - Starting...
2026-09-18 14:31:31 [main] INFO  com.zaxxer.hikari.pool.HikariPool - HikariPool-1 - Added connection org.postgresql.jdbc.PgConnection@25974207
2026-09-18 14:31:31 [main] INFO  com.zaxxer.hikari.HikariDataSource - HikariPool-1 - Start completed.
2026-09-18 14:31:31 [main] INFO  o.f.c.i.license.VersionPrinter - Flyway Community Edition 9.22.3 by Redgate
2026-09-18 14:31:31 [main] INFO  o.f.c.i.license.VersionPrinter - See release notes here: https://rd.gt/416ObMi
2026-09-18 14:31:31 [main] INFO  o.f.c.i.license.VersionPrinter - 
2026-09-18 14:31:31 [main] INFO  org.flywaydb.core.FlywayExecutor - Database: jdbc:postgresql://localhost:5432/bdAutoCenterSilva (PostgreSQL 18.3)
2026-09-18 14:31:31 [main] WARN  o.f.c.i.database.base.Database - Flyway upgrade recommended: PostgreSQL 18.3 is newer than this version of Flyway and support has not been tested. The latest supported version of PostgreSQL is 15.
2026-09-18 14:31:31 [main] INFO  o.f.core.internal.command.DbValidate - Successfully validated 8 migrations (execution time 00:00.083s)
2026-09-18 14:31:31 [main] INFO  o.f.core.internal.command.DbMigrate - Current version of schema "public": 8
2026-09-18 14:31:31 [main] INFO  o.f.core.internal.command.DbMigrate - Schema "public" is up to date. No migration necessary.
2026-09-18 14:31:31 [main] INFO  o.h.jpa.internal.util.LogHelper - HHH000204: Processing PersistenceUnitInfo [name: default]
2026-09-18 14:31:31 [main] INFO  org.hibernate.Version - HHH000412: Hibernate ORM core version 6.4.4.Final
2026-09-18 14:31:31 [main] INFO  o.h.c.i.RegionFactoryInitiator - HHH000026: Second-level cache disabled
2026-09-18 14:31:32 [main] WARN  org.hibernate.orm.deprecation - HHH90000025: PostgreSQLDialect does not need to be specified explicitly using 'hibernate.dialect' (remove the property setting and it will be selected by default)
2026-09-18 14:31:33 [main] INFO  o.h.e.t.j.p.i.JtaPlatformInitiator - HHH000489: No JTA platform available (set 'hibernate.transaction.jta.platform' to enable JTA platform integration)
2026-09-18 14:31:34 [main] WARN  o.s.b.w.s.c.AnnotationConfigServletWebServerApplicationContext - Exception encountered during context initialization - cancelling refresh attempt: org.springframework.beans.factory.UnsatisfiedDependencyException: Error creating bean with name 'carroController': Unsatisfied dependency expressed through field 'carrosService': Error creating bean with name 'carrosService' defined in file [C:\BackPj\demo\target\classes\com\autoCenterSilva\demo\service\CarrosService.class]: Unsatisfied dependency expressed through constructor parameter 2: Error creating bean with name 'carroProdutoVariacaoRepository' defined in com.autoCenterSilva.demo.repository.CarroProdutoVariacaoRepository defined in @EnableJpaRepositories declared on JpaRepositoriesRegistrar.EnableJpaRepositoriesConfiguration: Not a managed type: interface com.autoCenterSilva.demo.repository.CarroProdutoVariacaoRepository
2026-09-18 14:31:34 [main] INFO  com.zaxxer.hikari.HikariDataSource - HikariPool-1 - Shutdown initiated...
2026-09-18 14:31:34 [main] INFO  com.zaxxer.hikari.HikariDataSource - HikariPool-1 - Shutdown completed.
2026-09-18 14:31:34 [main] INFO  o.a.catalina.core.StandardService - Stopping service [Tomcat]
2026-09-18 14:31:34 [main] ERROR o.s.boot.SpringApplication - Application run failed
org.springframework.beans.factory.UnsatisfiedDependencyException: Error creating bean with name 'carroController': Unsatisfied dependency expressed through field 'carrosService': Error creating bean with name 'carrosService' defined in file [C:\BackPj\demo\target\classes\com\autoCenterSilva\demo\service\CarrosService.class]: Unsatisfied dependency expressed through constructor parameter 2: Error creating bean with name 'carroProdutoVariacaoRepository' defined in com.autoCenterSilva.demo.repository.CarroProdutoVariacaoRepository defined in @EnableJpaRepositories declared on JpaRepositoriesRegistrar.EnableJpaRepositoriesConfiguration: Not a managed type: interface com.autoCenterSilva.demo.repository.CarroProdutoVariacaoRepository
	at org.springframework.beans.factory.annotation.AutowiredAnnotationBeanPostProcessor$AutowiredFieldElement.resolveFieldValue(AutowiredAnnotationBeanPostProcessor.java:787)
	at org.springframework.beans.factory.annotation.AutowiredAnnotationBeanPostProcessor$AutowiredFieldElement.inject(AutowiredAnnotationBeanPostProcessor.java:767)
	at org.springframework.beans.factory.annotation.InjectionMetadata.inject(InjectionMetadata.java:145)
	at org.springframework.beans.factory.annotation.AutowiredAnnotationBeanPostProcessor.postProcessProperties(AutowiredAnnotationBeanPostProcessor.java:508)
	at org.springframework.beans.factory.support.AbstractAutowireCapableBeanFactory.populateBean(AbstractAutowireCapableBeanFactory.java:1419)
	at org.springframework.beans.factory.support.AbstractAutowireCapableBeanFactory.doCreateBean(AbstractAutowireCapableBeanFactory.java:599)
	at org.springframework.beans.factory.support.AbstractAutowireCapableBeanFactory.createBean(AbstractAutowireCapableBeanFactory.java:522)
	at org.springframework.beans.factory.support.AbstractBeanFactory.lambda$doGetBean$0(AbstractBeanFactory.java:326)
	at org.springframework.beans.factory.support.DefaultSingletonBeanRegistry.getSingleton(DefaultSingletonBeanRegistry.java:234)
	at org.springframework.beans.factory.support.AbstractBeanFactory.doGetBean(AbstractBeanFactory.java:324)
	at org.springframework.beans.factory.support.AbstractBeanFactory.getBean(AbstractBeanFactory.java:200)
	at org.springframework.beans.factory.support.DefaultListableBeanFactory.preInstantiateSingletons(DefaultListableBeanFactory.java:975)
	at org.springframework.context.support.AbstractApplicationContext.finishBeanFactoryInitialization(AbstractApplicationContext.java:962)
	at org.springframework.context.support.AbstractApplicationContext.refresh(AbstractApplicationContext.java:624)
	at org.springframework.boot.web.servlet.context.ServletWebServerApplicationContext.refresh(ServletWebServerApplicationContext.java:146)
	at org.springframework.boot.SpringApplication.refresh(SpringApplication.java:754)
	at org.springframework.boot.SpringApplication.refreshContext(SpringApplication.java:456)
	at org.springframework.boot.SpringApplication.run(SpringApplication.java:334)
	at org.springframework.boot.SpringApplication.run(SpringApplication.java:1354)
	at org.springframework.boot.SpringApplication.run(SpringApplication.java:1343)
	at com.autoCenterSilva.demo.DemoApplication.main(DemoApplication.java:12)
Caused by: org.springframework.beans.factory.UnsatisfiedDependencyException: Error creating bean with name 'carrosService' defined in file [C:\BackPj\demo\target\classes\com\autoCenterSilva\demo\service\CarrosService.class]: Unsatisfied dependency expressed through constructor parameter 2: Error creating bean with name 'carroProdutoVariacaoRepository' defined in com.autoCenterSilva.demo.repository.CarroProdutoVariacaoRepository defined in @EnableJpaRepositories declared on JpaRepositoriesRegistrar.EnableJpaRepositoriesConfiguration: Not a managed type: interface com.autoCenterSilva.demo.repository.CarroProdutoVariacaoRepository
	at org.springframework.beans.factory.support.ConstructorResolver.createArgumentArray(ConstructorResolver.java:795)
	at org.springframework.beans.factory.support.ConstructorResolver.autowireConstructor(ConstructorResolver.java:237)
	at org.springframework.beans.factory.support.AbstractAutowireCapableBeanFactory.autowireConstructor(AbstractAutowireCapableBeanFactory.java:1355)
	at org.springframework.beans.factory.support.AbstractAutowireCapableBeanFactory.createBeanInstance(AbstractAutowireCapableBeanFactory.java:1192)
	at org.springframework.beans.factory.support.AbstractAutowireCapableBeanFactory.doCreateBean(AbstractAutowireCapableBeanFactory.java:562)
	at org.springframework.beans.factory.support.AbstractAutowireCapableBeanFactory.createBean(AbstractAutowireCapableBeanFactory.java:522)
	at org.springframework.beans.factory.support.AbstractBeanFactory.lambda$doGetBean$0(AbstractBeanFactory.java:326)
	at org.springframework.beans.factory.support.DefaultSingletonBeanRegistry.getSingleton(DefaultSingletonBeanRegistry.java:234)
	at org.springframework.beans.factory.support.AbstractBeanFactory.doGetBean(AbstractBeanFactory.java:324)
	at org.springframework.beans.factory.support.AbstractBeanFactory.getBean(AbstractBeanFactory.java:200)
	at org.springframework.beans.factory.config.DependencyDescriptor.resolveCandidate(DependencyDescriptor.java:254)
	at org.springframework.beans.factory.support.DefaultListableBeanFactory.doResolveDependency(DefaultListableBeanFactory.java:1443)
	at org.springframework.beans.factory.support.DefaultListableBeanFactory.resolveDependency(DefaultListableBeanFactory.java:1353)
	at org.springframework.beans.factory.annotation.AutowiredAnnotationBeanPostProcessor$AutowiredFieldElement.resolveFieldValue(AutowiredAnnotationBeanPostProcessor.java:784)
	... 20 common frames omitted
Caused by: org.springframework.beans.factory.BeanCreationException: Error creating bean with name 'carroProdutoVariacaoRepository' defined in com.autoCenterSilva.demo.repository.CarroProdutoVariacaoRepository defined in @EnableJpaRepositories declared on JpaRepositoriesRegistrar.EnableJpaRepositoriesConfiguration: Not a managed type: interface com.autoCenterSilva.demo.repository.CarroProdutoVariacaoRepository
	at org.springframework.beans.factory.support.AbstractAutowireCapableBeanFactory.initializeBean(AbstractAutowireCapableBeanFactory.java:1786)
	at org.springframework.beans.factory.support.AbstractAutowireCapableBeanFactory.doCreateBean(AbstractAutowireCapableBeanFactory.java:600)
	at org.springframework.beans.factory.support.AbstractAutowireCapableBeanFactory.createBean(AbstractAutowireCapableBeanFactory.java:522)
	at org.springframework.beans.factory.support.AbstractBeanFactory.lambda$doGetBean$0(AbstractBeanFactory.java:326)
	at org.springframework.beans.factory.support.DefaultSingletonBeanRegistry.getSingleton(DefaultSingletonBeanRegistry.java:234)
	at org.springframework.beans.factory.support.AbstractBeanFactory.doGetBean(AbstractBeanFactory.java:324)
	at org.springframework.beans.factory.support.AbstractBeanFactory.getBean(AbstractBeanFactory.java:200)
	at org.springframework.beans.factory.config.DependencyDescriptor.resolveCandidate(DependencyDescriptor.java:254)
	at org.springframework.beans.factory.support.DefaultListableBeanFactory.doResolveDependency(DefaultListableBeanFactory.java:1443)
	at org.springframework.beans.factory.support.DefaultListableBeanFactory.resolveDependency(DefaultListableBeanFactory.java:1353)
	at org.springframework.beans.factory.support.ConstructorResolver.resolveAutowiredArgument(ConstructorResolver.java:904)
	at org.springframework.beans.factory.support.ConstructorResolver.createArgumentArray(ConstructorResolver.java:782)
	... 33 common frames omitted
Caused by: java.lang.IllegalArgumentException: Not a managed type: interface com.autoCenterSilva.demo.repository.CarroProdutoVariacaoRepository
	at org.hibernate.metamodel.model.domain.internal.JpaMetamodelImpl.managedType(JpaMetamodelImpl.java:193)
	at org.hibernate.metamodel.model.domain.internal.MappingMetamodelImpl.managedType(MappingMetamodelImpl.java:468)
	at org.hibernate.metamodel.model.domain.internal.MappingMetamodelImpl.managedType(MappingMetamodelImpl.java:98)
	at org.springframework.data.jpa.repository.support.JpaMetamodelEntityInformation.<init>(JpaMetamodelEntityInformation.java:82)
	at org.springframework.data.jpa.repository.support.JpaEntityInformationSupport.getEntityInformation(JpaEntityInformationSupport.java:69)
	at org.springframework.data.jpa.repository.support.JpaRepositoryFactory.getEntityInformation(JpaRepositoryFactory.java:246)
	at org.springframework.data.jpa.repository.support.JpaRepositoryFactory.getTargetRepository(JpaRepositoryFactory.java:211)
	at org.springframework.data.jpa.repository.support.JpaRepositoryFactory.getTargetRepository(JpaRepositoryFactory.java:194)
	at org.springframework.data.jpa.repository.support.JpaRepositoryFactory.getTargetRepository(JpaRepositoryFactory.java:1)
	at org.springframework.data.repository.core.support.RepositoryFactorySupport.getRepository(RepositoryFactorySupport.java:317)
	at org.springframework.data.repository.core.support.RepositoryFactoryBeanSupport.lambda$afterPropertiesSet$5(RepositoryFactoryBeanSupport.java:279)
	at org.springframework.data.util.Lazy.getNullable(Lazy.java:135)
	at org.springframework.data.util.Lazy.get(Lazy.java:113)
	at org.springframework.data.repository.core.support.RepositoryFactoryBeanSupport.afterPropertiesSet(RepositoryFactoryBeanSupport.java:285)
	at org.springframework.data.jpa.repository.support.JpaRepositoryFactoryBean.afterPropertiesSet(JpaRepositoryFactoryBean.java:132)
	at org.springframework.beans.factory.support.AbstractAutowireCapableBeanFactory.invokeInitMethods(AbstractAutowireCapableBeanFactory.java:1833)
	at org.springframework.beans.factory.support.AbstractAutowireCapableBeanFactory.initializeBean(AbstractAutowireCapableBeanFactory.java:1782)
	... 44 common frames omitted
2026-09-18 14:44:47 [main] INFO  c.a.demo.DemoApplication - Starting DemoApplication using Java 17.0.12 with PID 472 (C:\BackPj\demo\target\classes started by lucas in C:\BackPj)
2026-09-18 14:44:47 [main] INFO  c.a.demo.DemoApplication - No active profile set, falling back to 1 default profile: "default"
2026-09-18 14:44:50 [main] INFO  o.a.catalina.core.StandardService - Starting service [Tomcat]
2026-09-18 14:44:50 [main] INFO  o.a.catalina.core.StandardEngine - Starting Servlet engine: [Apache Tomcat/10.1.20]
2026-09-18 14:44:50 [main] INFO  o.a.c.c.C.[Tomcat].[localhost].[/] - Initializing Spring embedded WebApplicationContext
2026-09-18 14:44:50 [main] INFO  com.zaxxer.hikari.HikariDataSource - HikariPool-1 - Starting...
2026-09-18 14:44:50 [main] INFO  com.zaxxer.hikari.pool.HikariPool - HikariPool-1 - Added connection org.postgresql.jdbc.PgConnection@66d25ba9
2026-09-18 14:44:50 [main] INFO  com.zaxxer.hikari.HikariDataSource - HikariPool-1 - Start completed.
2026-09-18 14:44:51 [main] INFO  o.f.c.i.license.VersionPrinter - Flyway Community Edition 9.22.3 by Redgate
2026-09-18 14:44:51 [main] INFO  o.f.c.i.license.VersionPrinter - See release notes here: https://rd.gt/416ObMi
2026-09-18 14:44:51 [main] INFO  o.f.c.i.license.VersionPrinter - 
2026-09-18 14:44:51 [main] INFO  org.flywaydb.core.FlywayExecutor - Database: jdbc:postgresql://localhost:5432/bdAutoCenterSilva (PostgreSQL 18.3)
2026-09-18 14:44:51 [main] WARN  o.f.c.i.database.base.Database - Flyway upgrade recommended: PostgreSQL 18.3 is newer than this version of Flyway and support has not been tested. The latest supported version of PostgreSQL is 15.
2026-09-18 14:44:51 [main] INFO  o.f.core.internal.command.DbValidate - Successfully validated 8 migrations (execution time 00:00.091s)
2026-09-18 14:44:51 [main] INFO  o.f.core.internal.command.DbMigrate - Current version of schema "public": 8
2026-09-18 14:44:51 [main] INFO  o.f.core.internal.command.DbMigrate - Schema "public" is up to date. No migration necessary.
2026-09-18 14:44:51 [main] INFO  o.h.jpa.internal.util.LogHelper - HHH000204: Processing PersistenceUnitInfo [name: default]
2026-09-18 14:44:51 [main] INFO  org.hibernate.Version - HHH000412: Hibernate ORM core version 6.4.4.Final
2026-09-18 14:44:51 [main] INFO  o.h.c.i.RegionFactoryInitiator - HHH000026: Second-level cache disabled
2026-09-18 14:44:52 [main] WARN  org.hibernate.orm.deprecation - HHH90000025: PostgreSQLDialect does not need to be specified explicitly using 'hibernate.dialect' (remove the property setting and it will be selected by default)
2026-09-18 14:44:53 [main] INFO  o.h.e.t.j.p.i.JtaPlatformInitiator - HHH000489: No JTA platform available (set 'hibernate.transaction.jta.platform' to enable JTA platform integration)
2026-09-18 14:44:54 [main] WARN  o.s.b.a.o.j.JpaBaseConfiguration$JpaWebConfiguration - spring.jpa.open-in-view is enabled by default. Therefore, database queries may be performed during view rendering. Explicitly configure spring.jpa.open-in-view to disable this warning
2026-09-18 14:44:55 [main] INFO  c.a.demo.DemoApplication - Started DemoApplication in 8.612 seconds (process running for 9.406)
2026-09-18 14:45:11 [SpringApplicationShutdownHook] INFO  com.zaxxer.hikari.HikariDataSource - HikariPool-1 - Shutdown initiated...
2026-09-18 14:45:11 [SpringApplicationShutdownHook] INFO  com.zaxxer.hikari.HikariDataSource - HikariPool-1 - Shutdown completed.
2026-09-18 15:01:50 [main] INFO  c.a.demo.DemoApplication - Starting DemoApplication using Java 17.0.12 with PID 19080 (C:\BackPj\demo\target\classes started by lucas in C:\BackPj)
2026-09-18 15:01:50 [main] INFO  c.a.demo.DemoApplication - No active profile set, falling back to 1 default profile: "default"
2026-09-18 15:01:53 [main] INFO  o.a.catalina.core.StandardService - Starting service [Tomcat]
2026-09-18 15:01:53 [main] INFO  o.a.catalina.core.StandardEngine - Starting Servlet engine: [Apache Tomcat/10.1.20]
2026-09-18 15:01:53 [main] INFO  o.a.c.c.C.[Tomcat].[localhost].[/] - Initializing Spring embedded WebApplicationContext
2026-09-18 15:01:53 [main] INFO  com.zaxxer.hikari.HikariDataSource - HikariPool-1 - Starting...
2026-09-18 15:01:53 [main] INFO  com.zaxxer.hikari.pool.HikariPool - HikariPool-1 - Added connection org.postgresql.jdbc.PgConnection@6d293993
2026-09-18 15:01:53 [main] INFO  com.zaxxer.hikari.HikariDataSource - HikariPool-1 - Start completed.
2026-09-18 15:01:53 [main] INFO  o.f.c.i.license.VersionPrinter - Flyway Community Edition 9.22.3 by Redgate
2026-09-18 15:01:53 [main] INFO  o.f.c.i.license.VersionPrinter - See release notes here: https://rd.gt/416ObMi
2026-09-18 15:01:53 [main] INFO  o.f.c.i.license.VersionPrinter - 
2026-09-18 15:01:53 [main] INFO  org.flywaydb.core.FlywayExecutor - Database: jdbc:postgresql://localhost:5432/bdAutoCenterSilva (PostgreSQL 18.3)
2026-09-18 15:01:54 [main] WARN  o.f.c.i.database.base.Database - Flyway upgrade recommended: PostgreSQL 18.3 is newer than this version of Flyway and support has not been tested. The latest supported version of PostgreSQL is 15.
2026-09-18 15:01:54 [main] INFO  o.f.core.internal.command.DbValidate - Successfully validated 9 migrations (execution time 00:00.102s)
2026-09-18 15:01:54 [main] INFO  o.f.core.internal.command.DbMigrate - Current version of schema "public": 8
2026-09-18 15:01:54 [main] INFO  o.f.core.internal.command.DbMigrate - Migrating schema "public" to version "9 - atualizando tabela carro produto variacao"
2026-09-18 15:01:55 [main] INFO  o.f.core.internal.command.DbMigrate - Successfully applied 1 migration to schema "public", now at version v9 (execution time 00:00.324s)
2026-09-18 15:01:55 [main] INFO  o.h.jpa.internal.util.LogHelper - HHH000204: Processing PersistenceUnitInfo [name: default]
2026-09-18 15:01:55 [main] INFO  org.hibernate.Version - HHH000412: Hibernate ORM core version 6.4.4.Final
2026-09-18 15:01:55 [main] INFO  o.h.c.i.RegionFactoryInitiator - HHH000026: Second-level cache disabled
2026-09-18 15:01:56 [main] WARN  org.hibernate.orm.deprecation - HHH90000025: PostgreSQLDialect does not need to be specified explicitly using 'hibernate.dialect' (remove the property setting and it will be selected by default)
2026-09-18 15:01:58 [main] INFO  o.h.e.t.j.p.i.JtaPlatformInitiator - HHH000489: No JTA platform available (set 'hibernate.transaction.jta.platform' to enable JTA platform integration)
2026-09-18 15:01:58 [main] WARN  o.s.b.w.s.c.AnnotationConfigServletWebServerApplicationContext - Exception encountered during context initialization - cancelling refresh attempt: org.springframework.beans.factory.UnsatisfiedDependencyException: Error creating bean with name 'carroController': Unsatisfied dependency expressed through field 'carrosService': Error creating bean with name 'carrosService' defined in file [C:\BackPj\demo\target\classes\com\autoCenterSilva\demo\service\CarrosService.class]: Unsatisfied dependency expressed through constructor parameter 0: Error creating bean with name 'carrosRepository' defined in com.autoCenterSilva.demo.repository.CarrosRepository defined in @EnableJpaRepositories declared on JpaRepositoriesRegistrar.EnableJpaRepositoriesConfiguration: Could not create query for public abstract boolean com.autoCenterSilva.demo.repository.CarrosRepository.existsByIdAndVariacoes(java.lang.Long); Reason: Failed to create query for method public abstract boolean com.autoCenterSilva.demo.repository.CarrosRepository.existsByIdAndVariacoes(java.lang.Long); Method public abstract boolean com.autoCenterSilva.demo.repository.CarrosRepository.existsByIdAndVariacoes(java.lang.Long) expects at least 2 arguments but only found 1; This leaves an operator of type SIMPLE_PROPERTY for property variacoes unbound
2026-09-18 15:01:58 [main] INFO  com.zaxxer.hikari.HikariDataSource - HikariPool-1 - Shutdown initiated...
2026-09-18 15:01:58 [main] INFO  com.zaxxer.hikari.HikariDataSource - HikariPool-1 - Shutdown completed.
2026-09-18 15:01:58 [main] INFO  o.a.catalina.core.StandardService - Stopping service [Tomcat]
2026-09-18 15:01:58 [main] ERROR o.s.boot.SpringApplication - Application run failed
org.springframework.beans.factory.UnsatisfiedDependencyException: Error creating bean with name 'carroController': Unsatisfied dependency expressed through field 'carrosService': Error creating bean with name 'carrosService' defined in file [C:\BackPj\demo\target\classes\com\autoCenterSilva\demo\service\CarrosService.class]: Unsatisfied dependency expressed through constructor parameter 0: Error creating bean with name 'carrosRepository' defined in com.autoCenterSilva.demo.repository.CarrosRepository defined in @EnableJpaRepositories declared on JpaRepositoriesRegistrar.EnableJpaRepositoriesConfiguration: Could not create query for public abstract boolean com.autoCenterSilva.demo.repository.CarrosRepository.existsByIdAndVariacoes(java.lang.Long); Reason: Failed to create query for method public abstract boolean com.autoCenterSilva.demo.repository.CarrosRepository.existsByIdAndVariacoes(java.lang.Long); Method public abstract boolean com.autoCenterSilva.demo.repository.CarrosRepository.existsByIdAndVariacoes(java.lang.Long) expects at least 2 arguments but only found 1; This leaves an operator of type SIMPLE_PROPERTY for property variacoes unbound
	at org.springframework.beans.factory.annotation.AutowiredAnnotationBeanPostProcessor$AutowiredFieldElement.resolveFieldValue(AutowiredAnnotationBeanPostProcessor.java:787)
	at org.springframework.beans.factory.annotation.AutowiredAnnotationBeanPostProcessor$AutowiredFieldElement.inject(AutowiredAnnotationBeanPostProcessor.java:767)
	at org.springframework.beans.factory.annotation.InjectionMetadata.inject(InjectionMetadata.java:145)
	at org.springframework.beans.factory.annotation.AutowiredAnnotationBeanPostProcessor.postProcessProperties(AutowiredAnnotationBeanPostProcessor.java:508)
	at org.springframework.beans.factory.support.AbstractAutowireCapableBeanFactory.populateBean(AbstractAutowireCapableBeanFactory.java:1419)
	at org.springframework.beans.factory.support.AbstractAutowireCapableBeanFactory.doCreateBean(AbstractAutowireCapableBeanFactory.java:599)
	at org.springframework.beans.factory.support.AbstractAutowireCapableBeanFactory.createBean(AbstractAutowireCapableBeanFactory.java:522)
	at org.springframework.beans.factory.support.AbstractBeanFactory.lambda$doGetBean$0(AbstractBeanFactory.java:326)
	at org.springframework.beans.factory.support.DefaultSingletonBeanRegistry.getSingleton(DefaultSingletonBeanRegistry.java:234)
	at org.springframework.beans.factory.support.AbstractBeanFactory.doGetBean(AbstractBeanFactory.java:324)
	at org.springframework.beans.factory.support.AbstractBeanFactory.getBean(AbstractBeanFactory.java:200)
	at org.springframework.beans.factory.support.DefaultListableBeanFactory.preInstantiateSingletons(DefaultListableBeanFactory.java:975)
	at org.springframework.context.support.AbstractApplicationContext.finishBeanFactoryInitialization(AbstractApplicationContext.java:962)
	at org.springframework.context.support.AbstractApplicationContext.refresh(AbstractApplicationContext.java:624)
	at org.springframework.boot.web.servlet.context.ServletWebServerApplicationContext.refresh(ServletWebServerApplicationContext.java:146)
	at org.springframework.boot.SpringApplication.refresh(SpringApplication.java:754)
	at org.springframework.boot.SpringApplication.refreshContext(SpringApplication.java:456)
	at org.springframework.boot.SpringApplication.run(SpringApplication.java:334)
	at org.springframework.boot.SpringApplication.run(SpringApplication.java:1354)
	at org.springframework.boot.SpringApplication.run(SpringApplication.java:1343)
	at com.autoCenterSilva.demo.DemoApplication.main(DemoApplication.java:12)
Caused by: org.springframework.beans.factory.UnsatisfiedDependencyException: Error creating bean with name 'carrosService' defined in file [C:\BackPj\demo\target\classes\com\autoCenterSilva\demo\service\CarrosService.class]: Unsatisfied dependency expressed through constructor parameter 0: Error creating bean with name 'carrosRepository' defined in com.autoCenterSilva.demo.repository.CarrosRepository defined in @EnableJpaRepositories declared on JpaRepositoriesRegistrar.EnableJpaRepositoriesConfiguration: Could not create query for public abstract boolean com.autoCenterSilva.demo.repository.CarrosRepository.existsByIdAndVariacoes(java.lang.Long); Reason: Failed to create query for method public abstract boolean com.autoCenterSilva.demo.repository.CarrosRepository.existsByIdAndVariacoes(java.lang.Long); Method public abstract boolean com.autoCenterSilva.demo.repository.CarrosRepository.existsByIdAndVariacoes(java.lang.Long) expects at least 2 arguments but only found 1; This leaves an operator of type SIMPLE_PROPERTY for property variacoes unbound
	at org.springframework.beans.factory.support.ConstructorResolver.createArgumentArray(ConstructorResolver.java:795)
	at org.springframework.beans.factory.support.ConstructorResolver.autowireConstructor(ConstructorResolver.java:237)
	at org.springframework.beans.factory.support.AbstractAutowireCapableBeanFactory.autowireConstructor(AbstractAutowireCapableBeanFactory.java:1355)
	at org.springframework.beans.factory.support.AbstractAutowireCapableBeanFactory.createBeanInstance(AbstractAutowireCapableBeanFactory.java:1192)
	at org.springframework.beans.factory.support.AbstractAutowireCapableBeanFactory.doCreateBean(AbstractAutowireCapableBeanFactory.java:562)
	at org.springframework.beans.factory.support.AbstractAutowireCapableBeanFactory.createBean(AbstractAutowireCapableBeanFactory.java:522)
	at org.springframework.beans.factory.support.AbstractBeanFactory.lambda$doGetBean$0(AbstractBeanFactory.java:326)
	at org.springframework.beans.factory.support.DefaultSingletonBeanRegistry.getSingleton(DefaultSingletonBeanRegistry.java:234)
	at org.springframework.beans.factory.support.AbstractBeanFactory.doGetBean(AbstractBeanFactory.java:324)
	at org.springframework.beans.factory.support.AbstractBeanFactory.getBean(AbstractBeanFactory.java:200)
	at org.springframework.beans.factory.config.DependencyDescriptor.resolveCandidate(DependencyDescriptor.java:254)
	at org.springframework.beans.factory.support.DefaultListableBeanFactory.doResolveDependency(DefaultListableBeanFactory.java:1443)
	at org.springframework.beans.factory.support.DefaultListableBeanFactory.resolveDependency(DefaultListableBeanFactory.java:1353)
	at org.springframework.beans.factory.annotation.AutowiredAnnotationBeanPostProcessor$AutowiredFieldElement.resolveFieldValue(AutowiredAnnotationBeanPostProcessor.java:784)
	... 20 common frames omitted
Caused by: org.springframework.beans.factory.BeanCreationException: Error creating bean with name 'carrosRepository' defined in com.autoCenterSilva.demo.repository.CarrosRepository defined in @EnableJpaRepositories declared on JpaRepositoriesRegistrar.EnableJpaRepositoriesConfiguration: Could not create query for public abstract boolean com.autoCenterSilva.demo.repository.CarrosRepository.existsByIdAndVariacoes(java.lang.Long); Reason: Failed to create query for method public abstract boolean com.autoCenterSilva.demo.repository.CarrosRepository.existsByIdAndVariacoes(java.lang.Long); Method public abstract boolean com.autoCenterSilva.demo.repository.CarrosRepository.existsByIdAndVariacoes(java.lang.Long) expects at least 2 arguments but only found 1; This leaves an operator of type SIMPLE_PROPERTY for property variacoes unbound
	at org.springframework.beans.factory.support.AbstractAutowireCapableBeanFactory.initializeBean(AbstractAutowireCapableBeanFactory.java:1786)
	at org.springframework.beans.factory.support.AbstractAutowireCapableBeanFactory.doCreateBean(AbstractAutowireCapableBeanFactory.java:600)
	at org.springframework.beans.factory.support.AbstractAutowireCapableBeanFactory.createBean(AbstractAutowireCapableBeanFactory.java:522)
	at org.springframework.beans.factory.support.AbstractBeanFactory.lambda$doGetBean$0(AbstractBeanFactory.java:326)
	at org.springframework.beans.factory.support.DefaultSingletonBeanRegistry.getSingleton(DefaultSingletonBeanRegistry.java:234)
	at org.springframework.beans.factory.support.AbstractBeanFactory.doGetBean(AbstractBeanFactory.java:324)
	at org.springframework.beans.factory.support.AbstractBeanFactory.getBean(AbstractBeanFactory.java:200)
	at org.springframework.beans.factory.config.DependencyDescriptor.resolveCandidate(DependencyDescriptor.java:254)
	at org.springframework.beans.factory.support.DefaultListableBeanFactory.doResolveDependency(DefaultListableBeanFactory.java:1443)
	at org.springframework.beans.factory.support.DefaultListableBeanFactory.resolveDependency(DefaultListableBeanFactory.java:1353)
	at org.springframework.beans.factory.support.ConstructorResolver.resolveAutowiredArgument(ConstructorResolver.java:904)
	at org.springframework.beans.factory.support.ConstructorResolver.createArgumentArray(ConstructorResolver.java:782)
	... 33 common frames omitted
Caused by: org.springframework.data.repository.query.QueryCreationException: Could not create query for public abstract boolean com.autoCenterSilva.demo.repository.CarrosRepository.existsByIdAndVariacoes(java.lang.Long); Reason: Failed to create query for method public abstract boolean com.autoCenterSilva.demo.repository.CarrosRepository.existsByIdAndVariacoes(java.lang.Long); Method public abstract boolean com.autoCenterSilva.demo.repository.CarrosRepository.existsByIdAndVariacoes(java.lang.Long) expects at least 2 arguments but only found 1; This leaves an operator of type SIMPLE_PROPERTY for property variacoes unbound
	at org.springframework.data.repository.query.QueryCreationException.create(QueryCreationException.java:101)
	at org.springframework.data.repository.core.support.QueryExecutorMethodInterceptor.lookupQuery(QueryExecutorMethodInterceptor.java:115)
	at org.springframework.data.repository.core.support.QueryExecutorMethodInterceptor.mapMethodsToQuery(QueryExecutorMethodInterceptor.java:99)
	at org.springframework.data.repository.core.support.QueryExecutorMethodInterceptor.lambda$new$0(QueryExecutorMethodInterceptor.java:88)
	at java.base/java.util.Optional.map(Optional.java:260)
	at org.springframework.data.repository.core.support.QueryExecutorMethodInterceptor.<init>(QueryExecutorMethodInterceptor.java:88)
	at org.springframework.data.repository.core.support.RepositoryFactorySupport.getRepository(RepositoryFactorySupport.java:357)
	at org.springframework.data.repository.core.support.RepositoryFactoryBeanSupport.lambda$afterPropertiesSet$5(RepositoryFactoryBeanSupport.java:279)
	at org.springframework.data.util.Lazy.getNullable(Lazy.java:135)
	at org.springframework.data.util.Lazy.get(Lazy.java:113)
	at org.springframework.data.repository.core.support.RepositoryFactoryBeanSupport.afterPropertiesSet(RepositoryFactoryBeanSupport.java:285)
	at org.springframework.data.jpa.repository.support.JpaRepositoryFactoryBean.afterPropertiesSet(JpaRepositoryFactoryBean.java:132)
	at org.springframework.beans.factory.support.AbstractAutowireCapableBeanFactory.invokeInitMethods(AbstractAutowireCapableBeanFactory.java:1833)
	at org.springframework.beans.factory.support.AbstractAutowireCapableBeanFactory.initializeBean(AbstractAutowireCapableBeanFactory.java:1782)
	... 44 common frames omitted
Caused by: java.lang.IllegalArgumentException: Failed to create query for method public abstract boolean com.autoCenterSilva.demo.repository.CarrosRepository.existsByIdAndVariacoes(java.lang.Long); Method public abstract boolean com.autoCenterSilva.demo.repository.CarrosRepository.existsByIdAndVariacoes(java.lang.Long) expects at least 2 arguments but only found 1; This leaves an operator of type SIMPLE_PROPERTY for property variacoes unbound
	at org.springframework.data.jpa.repository.query.PartTreeJpaQuery.<init>(PartTreeJpaQuery.java:106)
	at org.springframework.data.jpa.repository.query.JpaQueryLookupStrategy$CreateQueryLookupStrategy.resolveQuery(JpaQueryLookupStrategy.java:124)
	at org.springframework.data.jpa.repository.query.JpaQueryLookupStrategy$CreateIfNotFoundQueryLookupStrategy.resolveQuery(JpaQueryLookupStrategy.java:258)
	at org.springframework.data.jpa.repository.query.JpaQueryLookupStrategy$AbstractQueryLookupStrategy.resolveQuery(JpaQueryLookupStrategy.java:95)
	at org.springframework.data.repository.core.support.QueryExecutorMethodInterceptor.lookupQuery(QueryExecutorMethodInterceptor.java:111)
	... 56 common frames omitted
Caused by: java.lang.IllegalStateException: Method public abstract boolean com.autoCenterSilva.demo.repository.CarrosRepository.existsByIdAndVariacoes(java.lang.Long) expects at least 2 arguments but only found 1; This leaves an operator of type SIMPLE_PROPERTY for property variacoes unbound
	at org.springframework.data.jpa.repository.query.PartTreeJpaQuery.throwExceptionOnArgumentMismatch(PartTreeJpaQuery.java:162)
	at org.springframework.data.jpa.repository.query.PartTreeJpaQuery.validate(PartTreeJpaQuery.java:148)
	at org.springframework.data.jpa.repository.query.PartTreeJpaQuery.<init>(PartTreeJpaQuery.java:101)
	... 60 common frames omitted
2026-09-18 15:04:27 [main] INFO  c.a.demo.DemoApplication - Starting DemoApplication using Java 17.0.12 with PID 13784 (C:\BackPj\demo\target\classes started by lucas in C:\BackPj)
2026-09-18 15:04:27 [main] INFO  c.a.demo.DemoApplication - No active profile set, falling back to 1 default profile: "default"
2026-09-18 15:04:31 [main] INFO  o.a.catalina.core.StandardService - Starting service [Tomcat]
2026-09-18 15:04:31 [main] INFO  o.a.catalina.core.StandardEngine - Starting Servlet engine: [Apache Tomcat/10.1.20]
2026-09-18 15:04:31 [main] INFO  o.a.c.c.C.[Tomcat].[localhost].[/] - Initializing Spring embedded WebApplicationContext
2026-09-18 15:04:31 [main] INFO  com.zaxxer.hikari.HikariDataSource - HikariPool-1 - Starting...
2026-09-18 15:04:31 [main] INFO  com.zaxxer.hikari.pool.HikariPool - HikariPool-1 - Added connection org.postgresql.jdbc.PgConnection@14c99bf6
2026-09-18 15:04:31 [main] INFO  com.zaxxer.hikari.HikariDataSource - HikariPool-1 - Start completed.
2026-09-18 15:04:32 [main] INFO  o.f.c.i.license.VersionPrinter - Flyway Community Edition 9.22.3 by Redgate
2026-09-18 15:04:32 [main] INFO  o.f.c.i.license.VersionPrinter - See release notes here: https://rd.gt/416ObMi
2026-09-18 15:04:32 [main] INFO  o.f.c.i.license.VersionPrinter - 
2026-09-18 15:04:32 [main] INFO  org.flywaydb.core.FlywayExecutor - Database: jdbc:postgresql://localhost:5432/bdAutoCenterSilva (PostgreSQL 18.3)
2026-09-18 15:04:32 [main] WARN  o.f.c.i.database.base.Database - Flyway upgrade recommended: PostgreSQL 18.3 is newer than this version of Flyway and support has not been tested. The latest supported version of PostgreSQL is 15.
2026-09-18 15:04:32 [main] INFO  o.f.core.internal.command.DbValidate - Successfully validated 9 migrations (execution time 00:00.095s)
2026-09-18 15:04:32 [main] INFO  o.f.core.internal.command.DbMigrate - Current version of schema "public": 9
2026-09-18 15:04:32 [main] INFO  o.f.core.internal.command.DbMigrate - Schema "public" is up to date. No migration necessary.
2026-09-18 15:04:32 [main] INFO  o.h.jpa.internal.util.LogHelper - HHH000204: Processing PersistenceUnitInfo [name: default]
2026-09-18 15:04:32 [main] INFO  org.hibernate.Version - HHH000412: Hibernate ORM core version 6.4.4.Final
2026-09-18 15:04:32 [main] INFO  o.h.c.i.RegionFactoryInitiator - HHH000026: Second-level cache disabled
2026-09-18 15:04:33 [main] WARN  org.hibernate.orm.deprecation - HHH90000025: PostgreSQLDialect does not need to be specified explicitly using 'hibernate.dialect' (remove the property setting and it will be selected by default)
2026-09-18 15:04:34 [main] INFO  o.h.e.t.j.p.i.JtaPlatformInitiator - HHH000489: No JTA platform available (set 'hibernate.transaction.jta.platform' to enable JTA platform integration)
2026-09-18 15:04:35 [main] WARN  o.s.b.a.o.j.JpaBaseConfiguration$JpaWebConfiguration - spring.jpa.open-in-view is enabled by default. Therefore, database queries may be performed during view rendering. Explicitly configure spring.jpa.open-in-view to disable this warning
2026-09-18 15:04:36 [main] INFO  c.a.demo.DemoApplication - Started DemoApplication in 11.191 seconds (process running for 12.275)
2026-09-18 15:05:20 [http-nio-8080-exec-1] INFO  o.a.c.c.C.[Tomcat].[localhost].[/] - Initializing Spring DispatcherServlet 'dispatcherServlet'
2026-09-18 15:05:21 [http-nio-8080-exec-1] INFO  c.a.demo.service.CarrosService - Carro com o ID 2 excluido com sucesso!
2026-09-18 15:06:40 [http-nio-8080-exec-4] WARN  c.a.d.c.GlobalExceptionHandler - Não foi possivel encontrar o recurso: Carro com ID 2 não encontrado
2026-09-18 15:06:51 [http-nio-8080-exec-5] WARN  c.a.d.c.GlobalExceptionHandler - Erro de validação: Carro vinculado a um produto não é possivel excluir!
2026-09-18 15:07:13 [SpringApplicationShutdownHook] INFO  com.zaxxer.hikari.HikariDataSource - HikariPool-1 - Shutdown initiated...
2026-09-18 15:07:13 [SpringApplicationShutdownHook] INFO  com.zaxxer.hikari.HikariDataSource - HikariPool-1 - Shutdown completed.
2026-09-18 15:26:36 [main] INFO  c.a.demo.DemoApplication - Starting DemoApplication using Java 17.0.12 with PID 11832 (C:\BackPj\demo\target\classes started by lucas in C:\BackPj)
2026-09-18 15:26:36 [main] INFO  c.a.demo.DemoApplication - No active profile set, falling back to 1 default profile: "default"
2026-09-18 15:26:39 [main] INFO  o.a.catalina.core.StandardService - Starting service [Tomcat]
2026-09-18 15:26:39 [main] INFO  o.a.catalina.core.StandardEngine - Starting Servlet engine: [Apache Tomcat/10.1.20]
2026-09-18 15:26:39 [main] INFO  o.a.c.c.C.[Tomcat].[localhost].[/] - Initializing Spring embedded WebApplicationContext
2026-09-18 15:26:40 [main] INFO  com.zaxxer.hikari.HikariDataSource - HikariPool-1 - Starting...
2026-09-18 15:26:40 [main] INFO  com.zaxxer.hikari.pool.HikariPool - HikariPool-1 - Added connection org.postgresql.jdbc.PgConnection@6bcae9
2026-09-18 15:26:40 [main] INFO  com.zaxxer.hikari.HikariDataSource - HikariPool-1 - Start completed.
2026-09-18 15:26:40 [main] INFO  o.f.c.i.license.VersionPrinter - Flyway Community Edition 9.22.3 by Redgate
2026-09-18 15:26:40 [main] INFO  o.f.c.i.license.VersionPrinter - See release notes here: https://rd.gt/416ObMi
2026-09-18 15:26:40 [main] INFO  o.f.c.i.license.VersionPrinter - 
2026-09-18 15:26:40 [main] INFO  org.flywaydb.core.FlywayExecutor - Database: jdbc:postgresql://localhost:5432/bdAutoCenterSilva (PostgreSQL 18.3)
2026-09-18 15:26:40 [main] WARN  o.f.c.i.database.base.Database - Flyway upgrade recommended: PostgreSQL 18.3 is newer than this version of Flyway and support has not been tested. The latest supported version of PostgreSQL is 15.
2026-09-18 15:26:41 [main] INFO  o.f.core.internal.command.DbValidate - Successfully validated 9 migrations (execution time 00:00.095s)
2026-09-18 15:26:41 [main] INFO  o.f.core.internal.command.DbMigrate - Current version of schema "public": 9
2026-09-18 15:26:41 [main] INFO  o.f.core.internal.command.DbMigrate - Schema "public" is up to date. No migration necessary.
2026-09-18 15:26:41 [main] INFO  o.h.jpa.internal.util.LogHelper - HHH000204: Processing PersistenceUnitInfo [name: default]
2026-09-18 15:26:41 [main] INFO  org.hibernate.Version - HHH000412: Hibernate ORM core version 6.4.4.Final
2026-09-18 15:26:41 [main] INFO  o.h.c.i.RegionFactoryInitiator - HHH000026: Second-level cache disabled
2026-09-18 15:26:42 [main] WARN  org.hibernate.orm.deprecation - HHH90000025: PostgreSQLDialect does not need to be specified explicitly using 'hibernate.dialect' (remove the property setting and it will be selected by default)
2026-09-18 15:26:44 [main] INFO  o.h.e.t.j.p.i.JtaPlatformInitiator - HHH000489: No JTA platform available (set 'hibernate.transaction.jta.platform' to enable JTA platform integration)
2026-09-18 15:26:45 [main] WARN  o.s.b.a.o.j.JpaBaseConfiguration$JpaWebConfiguration - spring.jpa.open-in-view is enabled by default. Therefore, database queries may be performed during view rendering. Explicitly configure spring.jpa.open-in-view to disable this warning
2026-09-18 15:26:46 [main] INFO  c.a.demo.DemoApplication - Started DemoApplication in 10.931 seconds (process running for 11.98)
2026-09-18 15:29:46 [http-nio-8080-exec-1] INFO  o.a.c.c.C.[Tomcat].[localhost].[/] - Initializing Spring DispatcherServlet 'dispatcherServlet'
2026-09-18 15:43:18 [SpringApplicationShutdownHook] INFO  com.zaxxer.hikari.HikariDataSource - HikariPool-1 - Shutdown initiated...
2026-09-18 15:43:18 [SpringApplicationShutdownHook] INFO  com.zaxxer.hikari.HikariDataSource - HikariPool-1 - Shutdown completed.
2026-09-18 16:05:05 [main] INFO  c.a.demo.DemoApplication - Starting DemoApplication using Java 17.0.12 with PID 10852 (C:\BackPj\demo\target\classes started by lucas in C:\BackPj)
2026-09-18 16:05:05 [main] INFO  c.a.demo.DemoApplication - No active profile set, falling back to 1 default profile: "default"
2026-09-18 16:05:11 [main] INFO  o.a.catalina.core.StandardService - Starting service [Tomcat]
2026-09-18 16:05:11 [main] INFO  o.a.catalina.core.StandardEngine - Starting Servlet engine: [Apache Tomcat/10.1.20]
2026-09-18 16:05:12 [main] INFO  o.a.c.c.C.[Tomcat].[localhost].[/] - Initializing Spring embedded WebApplicationContext
2026-09-18 16:05:12 [main] INFO  com.zaxxer.hikari.HikariDataSource - HikariPool-1 - Starting...
2026-09-18 16:05:12 [main] INFO  com.zaxxer.hikari.pool.HikariPool - HikariPool-1 - Added connection org.postgresql.jdbc.PgConnection@266e9dda
2026-09-18 16:05:12 [main] INFO  com.zaxxer.hikari.HikariDataSource - HikariPool-1 - Start completed.
2026-09-18 16:05:12 [main] INFO  o.f.c.i.license.VersionPrinter - Flyway Community Edition 9.22.3 by Redgate
2026-09-18 16:05:12 [main] INFO  o.f.c.i.license.VersionPrinter - See release notes here: https://rd.gt/416ObMi
2026-09-18 16:05:12 [main] INFO  o.f.c.i.license.VersionPrinter - 
2026-09-18 16:05:12 [main] INFO  org.flywaydb.core.FlywayExecutor - Database: jdbc:postgresql://localhost:5432/bdAutoCenterSilva (PostgreSQL 18.3)
2026-09-18 16:05:12 [main] WARN  o.f.c.i.database.base.Database - Flyway upgrade recommended: PostgreSQL 18.3 is newer than this version of Flyway and support has not been tested. The latest supported version of PostgreSQL is 15.
2026-09-18 16:05:13 [main] INFO  o.f.core.internal.command.DbValidate - Successfully validated 9 migrations (execution time 00:00.084s)
2026-09-18 16:05:13 [main] INFO  o.f.core.internal.command.DbMigrate - Current version of schema "public": 9
2026-09-18 16:05:13 [main] INFO  o.f.core.internal.command.DbMigrate - Schema "public" is up to date. No migration necessary.
2026-09-18 16:05:13 [main] INFO  o.h.jpa.internal.util.LogHelper - HHH000204: Processing PersistenceUnitInfo [name: default]
2026-09-18 16:05:13 [main] INFO  org.hibernate.Version - HHH000412: Hibernate ORM core version 6.4.4.Final
2026-09-18 16:05:13 [main] INFO  o.h.c.i.RegionFactoryInitiator - HHH000026: Second-level cache disabled
2026-09-18 16:05:14 [main] WARN  org.hibernate.orm.deprecation - HHH90000025: PostgreSQLDialect does not need to be specified explicitly using 'hibernate.dialect' (remove the property setting and it will be selected by default)
2026-09-18 16:05:16 [main] INFO  o.h.e.t.j.p.i.JtaPlatformInitiator - HHH000489: No JTA platform available (set 'hibernate.transaction.jta.platform' to enable JTA platform integration)
2026-09-18 16:05:17 [main] WARN  o.s.b.a.o.j.JpaBaseConfiguration$JpaWebConfiguration - spring.jpa.open-in-view is enabled by default. Therefore, database queries may be performed during view rendering. Explicitly configure spring.jpa.open-in-view to disable this warning
2026-09-18 16:05:18 [main] INFO  c.a.demo.DemoApplication - Started DemoApplication in 13.675 seconds (process running for 14.52)
2026-09-18 16:05:24 [SpringApplicationShutdownHook] INFO  com.zaxxer.hikari.HikariDataSource - HikariPool-1 - Shutdown initiated...
2026-09-18 16:05:24 [SpringApplicationShutdownHook] INFO  com.zaxxer.hikari.HikariDataSource - HikariPool-1 - Shutdown completed.
2026-09-18 16:14:32 [main] INFO  c.a.demo.DemoApplication - Starting DemoApplication using Java 17.0.12 with PID 4668 (C:\BackPj\demo\target\classes started by lucas in C:\BackPj)
2026-09-18 16:14:32 [main] INFO  c.a.demo.DemoApplication - No active profile set, falling back to 1 default profile: "default"
2026-09-18 16:14:34 [main] INFO  o.a.catalina.core.StandardService - Starting service [Tomcat]
2026-09-18 16:14:34 [main] INFO  o.a.catalina.core.StandardEngine - Starting Servlet engine: [Apache Tomcat/10.1.20]
2026-09-18 16:14:34 [main] INFO  o.a.c.c.C.[Tomcat].[localhost].[/] - Initializing Spring embedded WebApplicationContext
2026-09-18 16:14:35 [main] INFO  com.zaxxer.hikari.HikariDataSource - HikariPool-1 - Starting...
2026-09-18 16:14:35 [main] INFO  com.zaxxer.hikari.pool.HikariPool - HikariPool-1 - Added connection org.postgresql.jdbc.PgConnection@739831a4
2026-09-18 16:14:35 [main] INFO  com.zaxxer.hikari.HikariDataSource - HikariPool-1 - Start completed.
2026-09-18 16:14:35 [main] INFO  o.f.c.i.license.VersionPrinter - Flyway Community Edition 9.22.3 by Redgate
2026-09-18 16:14:35 [main] INFO  o.f.c.i.license.VersionPrinter - See release notes here: https://rd.gt/416ObMi
2026-09-18 16:14:35 [main] INFO  o.f.c.i.license.VersionPrinter - 
2026-09-18 16:14:35 [main] INFO  org.flywaydb.core.FlywayExecutor - Database: jdbc:postgresql://localhost:5432/bdAutoCenterSilva (PostgreSQL 18.3)
2026-09-18 16:14:35 [main] WARN  o.f.c.i.database.base.Database - Flyway upgrade recommended: PostgreSQL 18.3 is newer than this version of Flyway and support has not been tested. The latest supported version of PostgreSQL is 15.
2026-09-18 16:14:35 [main] INFO  o.f.core.internal.command.DbValidate - Successfully validated 9 migrations (execution time 00:00.099s)
2026-09-18 16:14:35 [main] INFO  o.f.core.internal.command.DbMigrate - Current version of schema "public": 9
2026-09-18 16:14:35 [main] INFO  o.f.core.internal.command.DbMigrate - Schema "public" is up to date. No migration necessary.
2026-09-18 16:14:35 [main] INFO  o.h.jpa.internal.util.LogHelper - HHH000204: Processing PersistenceUnitInfo [name: default]
2026-09-18 16:14:35 [main] INFO  org.hibernate.Version - HHH000412: Hibernate ORM core version 6.4.4.Final
2026-09-18 16:14:35 [main] INFO  o.h.c.i.RegionFactoryInitiator - HHH000026: Second-level cache disabled
2026-09-18 16:14:36 [main] WARN  org.hibernate.orm.deprecation - HHH90000025: PostgreSQLDialect does not need to be specified explicitly using 'hibernate.dialect' (remove the property setting and it will be selected by default)
2026-09-18 16:14:37 [main] INFO  o.h.e.t.j.p.i.JtaPlatformInitiator - HHH000489: No JTA platform available (set 'hibernate.transaction.jta.platform' to enable JTA platform integration)
2026-09-18 16:14:38 [main] WARN  o.s.b.a.o.j.JpaBaseConfiguration$JpaWebConfiguration - spring.jpa.open-in-view is enabled by default. Therefore, database queries may be performed during view rendering. Explicitly configure spring.jpa.open-in-view to disable this warning
2026-09-18 16:14:39 [main] INFO  c.a.demo.DemoApplication - Started DemoApplication in 8.363 seconds (process running for 9.325)
2026-09-18 16:16:10 [http-nio-8080-exec-2] INFO  o.a.c.c.C.[Tomcat].[localhost].[/] - Initializing Spring DispatcherServlet 'dispatcherServlet'
2026-09-18 16:16:10 [http-nio-8080-exec-2] INFO  c.a.demo.controller.CarroController - Requisição recebida: POST -  /api/carros/criar/com.autoCenterSilva.demo.dto.request.carro.CarroCreateRequest@2a23140
2026-09-18 16:16:46 [SpringApplicationShutdownHook] INFO  com.zaxxer.hikari.HikariDataSource - HikariPool-1 - Shutdown initiated...
2026-09-18 16:16:46 [SpringApplicationShutdownHook] INFO  com.zaxxer.hikari.HikariDataSource - HikariPool-1 - Shutdown completed.
2026-09-18 16:35:07 [main] INFO  c.a.demo.DemoApplication - Starting DemoApplication using Java 17.0.12 with PID 26872 (C:\BackPj\demo\target\classes started by lucas in C:\BackPj)
2026-09-18 16:35:07 [main] INFO  c.a.demo.DemoApplication - No active profile set, falling back to 1 default profile: "default"
2026-09-18 16:35:09 [main] INFO  o.a.catalina.core.StandardService - Starting service [Tomcat]
2026-09-18 16:35:09 [main] INFO  o.a.catalina.core.StandardEngine - Starting Servlet engine: [Apache Tomcat/10.1.20]
2026-09-18 16:35:09 [main] INFO  o.a.c.c.C.[Tomcat].[localhost].[/] - Initializing Spring embedded WebApplicationContext
2026-09-18 16:35:09 [main] INFO  com.zaxxer.hikari.HikariDataSource - HikariPool-1 - Starting...
2026-09-18 16:35:10 [main] INFO  com.zaxxer.hikari.pool.HikariPool - HikariPool-1 - Added connection org.postgresql.jdbc.PgConnection@44598ef7
2026-09-18 16:35:10 [main] INFO  com.zaxxer.hikari.HikariDataSource - HikariPool-1 - Start completed.
2026-09-18 16:35:10 [main] INFO  o.f.c.i.license.VersionPrinter - Flyway Community Edition 9.22.3 by Redgate
2026-09-18 16:35:10 [main] INFO  o.f.c.i.license.VersionPrinter - See release notes here: https://rd.gt/416ObMi
2026-09-18 16:35:10 [main] INFO  o.f.c.i.license.VersionPrinter - 
2026-09-18 16:35:10 [main] INFO  org.flywaydb.core.FlywayExecutor - Database: jdbc:postgresql://localhost:5432/bdAutoCenterSilva (PostgreSQL 18.3)
2026-09-18 16:35:10 [main] WARN  o.f.c.i.database.base.Database - Flyway upgrade recommended: PostgreSQL 18.3 is newer than this version of Flyway and support has not been tested. The latest supported version of PostgreSQL is 15.
2026-09-18 16:35:10 [main] INFO  o.f.core.internal.command.DbValidate - Successfully validated 9 migrations (execution time 00:00.093s)
2026-09-18 16:35:10 [main] INFO  o.f.core.internal.command.DbMigrate - Current version of schema "public": 9
2026-09-18 16:35:10 [main] INFO  o.f.core.internal.command.DbMigrate - Schema "public" is up to date. No migration necessary.
2026-09-18 16:35:10 [main] INFO  o.h.jpa.internal.util.LogHelper - HHH000204: Processing PersistenceUnitInfo [name: default]
2026-09-18 16:35:10 [main] INFO  org.hibernate.Version - HHH000412: Hibernate ORM core version 6.4.4.Final
2026-09-18 16:35:11 [main] INFO  o.h.c.i.RegionFactoryInitiator - HHH000026: Second-level cache disabled
2026-09-18 16:35:11 [main] WARN  org.hibernate.orm.deprecation - HHH90000025: PostgreSQLDialect does not need to be specified explicitly using 'hibernate.dialect' (remove the property setting and it will be selected by default)
2026-09-18 16:35:13 [main] INFO  o.h.e.t.j.p.i.JtaPlatformInitiator - HHH000489: No JTA platform available (set 'hibernate.transaction.jta.platform' to enable JTA platform integration)
2026-09-18 16:35:13 [main] WARN  o.s.b.w.s.c.AnnotationConfigServletWebServerApplicationContext - Exception encountered during context initialization - cancelling refresh attempt: org.springframework.beans.factory.UnsatisfiedDependencyException: Error creating bean with name 'clientesController': Unsatisfied dependency expressed through field 'clientesService': Error creating bean with name 'clientesService' defined in file [C:\BackPj\demo\target\classes\com\autoCenterSilva\demo\service\ClientesService.class]: Unsatisfied dependency expressed through constructor parameter 0: Error creating bean with name 'clientesRepository' defined in com.autoCenterSilva.demo.repository.ClientesRepository defined in @EnableJpaRepositories declared on JpaRepositoriesRegistrar.EnableJpaRepositoriesConfiguration: Could not create query for public abstract boolean com.autoCenterSilva.demo.repository.ClientesRepository.existsByIdAndPedidoIsNotEmpty(java.lang.Long); Reason: Failed to create query for method public abstract boolean com.autoCenterSilva.demo.repository.ClientesRepository.existsByIdAndPedidoIsNotEmpty(java.lang.Long); No property 'pedido' found for type 'Cliente'; Did you mean 'pedidos'
2026-09-18 16:35:13 [main] INFO  com.zaxxer.hikari.HikariDataSource - HikariPool-1 - Shutdown initiated...
2026-09-18 16:35:13 [main] INFO  com.zaxxer.hikari.HikariDataSource - HikariPool-1 - Shutdown completed.
2026-09-18 16:35:13 [main] INFO  o.a.catalina.core.StandardService - Stopping service [Tomcat]
2026-09-18 16:35:13 [main] ERROR o.s.boot.SpringApplication - Application run failed
org.springframework.beans.factory.UnsatisfiedDependencyException: Error creating bean with name 'clientesController': Unsatisfied dependency expressed through field 'clientesService': Error creating bean with name 'clientesService' defined in file [C:\BackPj\demo\target\classes\com\autoCenterSilva\demo\service\ClientesService.class]: Unsatisfied dependency expressed through constructor parameter 0: Error creating bean with name 'clientesRepository' defined in com.autoCenterSilva.demo.repository.ClientesRepository defined in @EnableJpaRepositories declared on JpaRepositoriesRegistrar.EnableJpaRepositoriesConfiguration: Could not create query for public abstract boolean com.autoCenterSilva.demo.repository.ClientesRepository.existsByIdAndPedidoIsNotEmpty(java.lang.Long); Reason: Failed to create query for method public abstract boolean com.autoCenterSilva.demo.repository.ClientesRepository.existsByIdAndPedidoIsNotEmpty(java.lang.Long); No property 'pedido' found for type 'Cliente'; Did you mean 'pedidos'
	at org.springframework.beans.factory.annotation.AutowiredAnnotationBeanPostProcessor$AutowiredFieldElement.resolveFieldValue(AutowiredAnnotationBeanPostProcessor.java:787)
	at org.springframework.beans.factory.annotation.AutowiredAnnotationBeanPostProcessor$AutowiredFieldElement.inject(AutowiredAnnotationBeanPostProcessor.java:767)
	at org.springframework.beans.factory.annotation.InjectionMetadata.inject(InjectionMetadata.java:145)
	at org.springframework.beans.factory.annotation.AutowiredAnnotationBeanPostProcessor.postProcessProperties(AutowiredAnnotationBeanPostProcessor.java:508)
	at org.springframework.beans.factory.support.AbstractAutowireCapableBeanFactory.populateBean(AbstractAutowireCapableBeanFactory.java:1419)
	at org.springframework.beans.factory.support.AbstractAutowireCapableBeanFactory.doCreateBean(AbstractAutowireCapableBeanFactory.java:599)
	at org.springframework.beans.factory.support.AbstractAutowireCapableBeanFactory.createBean(AbstractAutowireCapableBeanFactory.java:522)
	at org.springframework.beans.factory.support.AbstractBeanFactory.lambda$doGetBean$0(AbstractBeanFactory.java:326)
	at org.springframework.beans.factory.support.DefaultSingletonBeanRegistry.getSingleton(DefaultSingletonBeanRegistry.java:234)
	at org.springframework.beans.factory.support.AbstractBeanFactory.doGetBean(AbstractBeanFactory.java:324)
	at org.springframework.beans.factory.support.AbstractBeanFactory.getBean(AbstractBeanFactory.java:200)
	at org.springframework.beans.factory.support.DefaultListableBeanFactory.preInstantiateSingletons(DefaultListableBeanFactory.java:975)
	at org.springframework.context.support.AbstractApplicationContext.finishBeanFactoryInitialization(AbstractApplicationContext.java:962)
	at org.springframework.context.support.AbstractApplicationContext.refresh(AbstractApplicationContext.java:624)
	at org.springframework.boot.web.servlet.context.ServletWebServerApplicationContext.refresh(ServletWebServerApplicationContext.java:146)
	at org.springframework.boot.SpringApplication.refresh(SpringApplication.java:754)
	at org.springframework.boot.SpringApplication.refreshContext(SpringApplication.java:456)
	at org.springframework.boot.SpringApplication.run(SpringApplication.java:334)
	at org.springframework.boot.SpringApplication.run(SpringApplication.java:1354)
	at org.springframework.boot.SpringApplication.run(SpringApplication.java:1343)
	at com.autoCenterSilva.demo.DemoApplication.main(DemoApplication.java:12)
Caused by: org.springframework.beans.factory.UnsatisfiedDependencyException: Error creating bean with name 'clientesService' defined in file [C:\BackPj\demo\target\classes\com\autoCenterSilva\demo\service\ClientesService.class]: Unsatisfied dependency expressed through constructor parameter 0: Error creating bean with name 'clientesRepository' defined in com.autoCenterSilva.demo.repository.ClientesRepository defined in @EnableJpaRepositories declared on JpaRepositoriesRegistrar.EnableJpaRepositoriesConfiguration: Could not create query for public abstract boolean com.autoCenterSilva.demo.repository.ClientesRepository.existsByIdAndPedidoIsNotEmpty(java.lang.Long); Reason: Failed to create query for method public abstract boolean com.autoCenterSilva.demo.repository.ClientesRepository.existsByIdAndPedidoIsNotEmpty(java.lang.Long); No property 'pedido' found for type 'Cliente'; Did you mean 'pedidos'
	at org.springframework.beans.factory.support.ConstructorResolver.createArgumentArray(ConstructorResolver.java:795)
	at org.springframework.beans.factory.support.ConstructorResolver.autowireConstructor(ConstructorResolver.java:237)
	at org.springframework.beans.factory.support.AbstractAutowireCapableBeanFactory.autowireConstructor(AbstractAutowireCapableBeanFactory.java:1355)
	at org.springframework.beans.factory.support.AbstractAutowireCapableBeanFactory.createBeanInstance(AbstractAutowireCapableBeanFactory.java:1192)
	at org.springframework.beans.factory.support.AbstractAutowireCapableBeanFactory.doCreateBean(AbstractAutowireCapableBeanFactory.java:562)
	at org.springframework.beans.factory.support.AbstractAutowireCapableBeanFactory.createBean(AbstractAutowireCapableBeanFactory.java:522)
	at org.springframework.beans.factory.support.AbstractBeanFactory.lambda$doGetBean$0(AbstractBeanFactory.java:326)
	at org.springframework.beans.factory.support.DefaultSingletonBeanRegistry.getSingleton(DefaultSingletonBeanRegistry.java:234)
	at org.springframework.beans.factory.support.AbstractBeanFactory.doGetBean(AbstractBeanFactory.java:324)
	at org.springframework.beans.factory.support.AbstractBeanFactory.getBean(AbstractBeanFactory.java:200)
	at org.springframework.beans.factory.config.DependencyDescriptor.resolveCandidate(DependencyDescriptor.java:254)
	at org.springframework.beans.factory.support.DefaultListableBeanFactory.doResolveDependency(DefaultListableBeanFactory.java:1443)
	at org.springframework.beans.factory.support.DefaultListableBeanFactory.resolveDependency(DefaultListableBeanFactory.java:1353)
	at org.springframework.beans.factory.annotation.AutowiredAnnotationBeanPostProcessor$AutowiredFieldElement.resolveFieldValue(AutowiredAnnotationBeanPostProcessor.java:784)
	... 20 common frames omitted
Caused by: org.springframework.beans.factory.BeanCreationException: Error creating bean with name 'clientesRepository' defined in com.autoCenterSilva.demo.repository.ClientesRepository defined in @EnableJpaRepositories declared on JpaRepositoriesRegistrar.EnableJpaRepositoriesConfiguration: Could not create query for public abstract boolean com.autoCenterSilva.demo.repository.ClientesRepository.existsByIdAndPedidoIsNotEmpty(java.lang.Long); Reason: Failed to create query for method public abstract boolean com.autoCenterSilva.demo.repository.ClientesRepository.existsByIdAndPedidoIsNotEmpty(java.lang.Long); No property 'pedido' found for type 'Cliente'; Did you mean 'pedidos'
	at org.springframework.beans.factory.support.AbstractAutowireCapableBeanFactory.initializeBean(AbstractAutowireCapableBeanFactory.java:1786)
	at org.springframework.beans.factory.support.AbstractAutowireCapableBeanFactory.doCreateBean(AbstractAutowireCapableBeanFactory.java:600)
	at org.springframework.beans.factory.support.AbstractAutowireCapableBeanFactory.createBean(AbstractAutowireCapableBeanFactory.java:522)
	at org.springframework.beans.factory.support.AbstractBeanFactory.lambda$doGetBean$0(AbstractBeanFactory.java:326)
	at org.springframework.beans.factory.support.DefaultSingletonBeanRegistry.getSingleton(DefaultSingletonBeanRegistry.java:234)
	at org.springframework.beans.factory.support.AbstractBeanFactory.doGetBean(AbstractBeanFactory.java:324)
	at org.springframework.beans.factory.support.AbstractBeanFactory.getBean(AbstractBeanFactory.java:200)
	at org.springframework.beans.factory.config.DependencyDescriptor.resolveCandidate(DependencyDescriptor.java:254)
	at org.springframework.beans.factory.support.DefaultListableBeanFactory.doResolveDependency(DefaultListableBeanFactory.java:1443)
	at org.springframework.beans.factory.support.DefaultListableBeanFactory.resolveDependency(DefaultListableBeanFactory.java:1353)
	at org.springframework.beans.factory.support.ConstructorResolver.resolveAutowiredArgument(ConstructorResolver.java:904)
	at org.springframework.beans.factory.support.ConstructorResolver.createArgumentArray(ConstructorResolver.java:782)
	... 33 common frames omitted
Caused by: org.springframework.data.repository.query.QueryCreationException: Could not create query for public abstract boolean com.autoCenterSilva.demo.repository.ClientesRepository.existsByIdAndPedidoIsNotEmpty(java.lang.Long); Reason: Failed to create query for method public abstract boolean com.autoCenterSilva.demo.repository.ClientesRepository.existsByIdAndPedidoIsNotEmpty(java.lang.Long); No property 'pedido' found for type 'Cliente'; Did you mean 'pedidos'
	at org.springframework.data.repository.query.QueryCreationException.create(QueryCreationException.java:101)
	at org.springframework.data.repository.core.support.QueryExecutorMethodInterceptor.lookupQuery(QueryExecutorMethodInterceptor.java:115)
	at org.springframework.data.repository.core.support.QueryExecutorMethodInterceptor.mapMethodsToQuery(QueryExecutorMethodInterceptor.java:99)
	at org.springframework.data.repository.core.support.QueryExecutorMethodInterceptor.lambda$new$0(QueryExecutorMethodInterceptor.java:88)
	at java.base/java.util.Optional.map(Optional.java:260)
	at org.springframework.data.repository.core.support.QueryExecutorMethodInterceptor.<init>(QueryExecutorMethodInterceptor.java:88)
	at org.springframework.data.repository.core.support.RepositoryFactorySupport.getRepository(RepositoryFactorySupport.java:357)
	at org.springframework.data.repository.core.support.RepositoryFactoryBeanSupport.lambda$afterPropertiesSet$5(RepositoryFactoryBeanSupport.java:279)
	at org.springframework.data.util.Lazy.getNullable(Lazy.java:135)
	at org.springframework.data.util.Lazy.get(Lazy.java:113)
	at org.springframework.data.repository.core.support.RepositoryFactoryBeanSupport.afterPropertiesSet(RepositoryFactoryBeanSupport.java:285)
	at org.springframework.data.jpa.repository.support.JpaRepositoryFactoryBean.afterPropertiesSet(JpaRepositoryFactoryBean.java:132)
	at org.springframework.beans.factory.support.AbstractAutowireCapableBeanFactory.invokeInitMethods(AbstractAutowireCapableBeanFactory.java:1833)
	at org.springframework.beans.factory.support.AbstractAutowireCapableBeanFactory.initializeBean(AbstractAutowireCapableBeanFactory.java:1782)
	... 44 common frames omitted
Caused by: java.lang.IllegalArgumentException: Failed to create query for method public abstract boolean com.autoCenterSilva.demo.repository.ClientesRepository.existsByIdAndPedidoIsNotEmpty(java.lang.Long); No property 'pedido' found for type 'Cliente'; Did you mean 'pedidos'
	at org.springframework.data.jpa.repository.query.PartTreeJpaQuery.<init>(PartTreeJpaQuery.java:106)
	at org.springframework.data.jpa.repository.query.JpaQueryLookupStrategy$CreateQueryLookupStrategy.resolveQuery(JpaQueryLookupStrategy.java:124)
	at org.springframework.data.jpa.repository.query.JpaQueryLookupStrategy$CreateIfNotFoundQueryLookupStrategy.resolveQuery(JpaQueryLookupStrategy.java:258)
	at org.springframework.data.jpa.repository.query.JpaQueryLookupStrategy$AbstractQueryLookupStrategy.resolveQuery(JpaQueryLookupStrategy.java:95)
	at org.springframework.data.repository.core.support.QueryExecutorMethodInterceptor.lookupQuery(QueryExecutorMethodInterceptor.java:111)
	... 56 common frames omitted
Caused by: org.springframework.data.mapping.PropertyReferenceException: No property 'pedido' found for type 'Cliente'; Did you mean 'pedidos'
	at org.springframework.data.mapping.PropertyPath.<init>(PropertyPath.java:90)
	at org.springframework.data.mapping.PropertyPath.create(PropertyPath.java:443)
	at org.springframework.data.mapping.PropertyPath.create(PropertyPath.java:419)
	at org.springframework.data.mapping.PropertyPath.lambda$from$0(PropertyPath.java:372)
	at java.base/java.util.concurrent.ConcurrentMap.computeIfAbsent(ConcurrentMap.java:330)
	at org.springframework.data.mapping.PropertyPath.from(PropertyPath.java:354)
	at org.springframework.data.mapping.PropertyPath.from(PropertyPath.java:332)
	at org.springframework.data.repository.query.parser.Part.<init>(Part.java:81)
	at org.springframework.data.repository.query.parser.PartTree$OrPart.lambda$new$0(PartTree.java:259)
	at java.base/java.util.stream.ReferencePipeline$3$1.accept(ReferencePipeline.java:197)
	at java.base/java.util.stream.ReferencePipeline$2$1.accept(ReferencePipeline.java:179)
	at java.base/java.util.Spliterators$ArraySpliterator.forEachRemaining(Spliterators.java:992)
	at java.base/java.util.stream.AbstractPipeline.copyInto(AbstractPipeline.java:509)
	at java.base/java.util.stream.AbstractPipeline.wrapAndCopyInto(AbstractPipeline.java:499)
	at java.base/java.util.stream.ReduceOps$ReduceOp.evaluateSequential(ReduceOps.java:921)
	at java.base/java.util.stream.AbstractPipeline.evaluate(AbstractPipeline.java:234)
	at java.base/java.util.stream.ReferencePipeline.collect(ReferencePipeline.java:682)
	at org.springframework.data.repository.query.parser.PartTree$OrPart.<init>(PartTree.java:260)
	at org.springframework.data.repository.query.parser.PartTree$Predicate.lambda$new$0(PartTree.java:389)
	at java.base/java.util.stream.ReferencePipeline$3$1.accept(ReferencePipeline.java:197)
	at java.base/java.util.stream.ReferencePipeline$2$1.accept(ReferencePipeline.java:179)
	at java.base/java.util.Spliterators$ArraySpliterator.forEachRemaining(Spliterators.java:992)
	at java.base/java.util.stream.AbstractPipeline.copyInto(AbstractPipeline.java:509)
	at java.base/java.util.stream.AbstractPipeline.wrapAndCopyInto(AbstractPipeline.java:499)
	at java.base/java.util.stream.ReduceOps$ReduceOp.evaluateSequential(ReduceOps.java:921)
	at java.base/java.util.stream.AbstractPipeline.evaluate(AbstractPipeline.java:234)
	at java.base/java.util.stream.ReferencePipeline.collect(ReferencePipeline.java:682)
	at org.springframework.data.repository.query.parser.PartTree$Predicate.<init>(PartTree.java:390)
	at org.springframework.data.repository.query.parser.PartTree.<init>(PartTree.java:103)
	at org.springframework.data.jpa.repository.query.PartTreeJpaQuery.<init>(PartTreeJpaQuery.java:100)
	... 60 common frames omitted
2026-09-18 16:35:49 [main] INFO  c.a.demo.DemoApplication - Starting DemoApplication using Java 17.0.12 with PID 18748 (C:\BackPj\demo\target\classes started by lucas in C:\BackPj)
2026-09-18 16:35:49 [main] INFO  c.a.demo.DemoApplication - No active profile set, falling back to 1 default profile: "default"
2026-09-18 16:35:54 [main] INFO  o.a.catalina.core.StandardService - Starting service [Tomcat]
2026-09-18 16:35:54 [main] INFO  o.a.catalina.core.StandardEngine - Starting Servlet engine: [Apache Tomcat/10.1.20]
2026-09-18 16:35:54 [main] INFO  o.a.c.c.C.[Tomcat].[localhost].[/] - Initializing Spring embedded WebApplicationContext
2026-09-18 16:35:55 [main] INFO  com.zaxxer.hikari.HikariDataSource - HikariPool-1 - Starting...
2026-09-18 16:35:55 [main] INFO  com.zaxxer.hikari.pool.HikariPool - HikariPool-1 - Added connection org.postgresql.jdbc.PgConnection@57fdb8a4
2026-09-18 16:35:55 [main] INFO  com.zaxxer.hikari.HikariDataSource - HikariPool-1 - Start completed.
2026-09-18 16:35:55 [main] INFO  o.f.c.i.license.VersionPrinter - Flyway Community Edition 9.22.3 by Redgate
2026-09-18 16:35:55 [main] INFO  o.f.c.i.license.VersionPrinter - See release notes here: https://rd.gt/416ObMi
2026-09-18 16:35:55 [main] INFO  o.f.c.i.license.VersionPrinter - 
2026-09-18 16:35:55 [main] INFO  org.flywaydb.core.FlywayExecutor - Database: jdbc:postgresql://localhost:5432/bdAutoCenterSilva (PostgreSQL 18.3)
2026-09-18 16:35:55 [main] WARN  o.f.c.i.database.base.Database - Flyway upgrade recommended: PostgreSQL 18.3 is newer than this version of Flyway and support has not been tested. The latest supported version of PostgreSQL is 15.
2026-09-18 16:35:55 [main] INFO  o.f.core.internal.command.DbValidate - Successfully validated 9 migrations (execution time 00:00.066s)
2026-09-18 16:35:55 [main] INFO  o.f.core.internal.command.DbMigrate - Current version of schema "public": 9
2026-09-18 16:35:55 [main] INFO  o.f.core.internal.command.DbMigrate - Schema "public" is up to date. No migration necessary.
2026-09-18 16:35:56 [main] INFO  o.h.jpa.internal.util.LogHelper - HHH000204: Processing PersistenceUnitInfo [name: default]
2026-09-18 16:35:56 [main] INFO  org.hibernate.Version - HHH000412: Hibernate ORM core version 6.4.4.Final
2026-09-18 16:35:56 [main] INFO  o.h.c.i.RegionFactoryInitiator - HHH000026: Second-level cache disabled
2026-09-18 16:35:56 [main] WARN  org.hibernate.orm.deprecation - HHH90000025: PostgreSQLDialect does not need to be specified explicitly using 'hibernate.dialect' (remove the property setting and it will be selected by default)
2026-09-18 16:35:58 [main] INFO  o.h.e.t.j.p.i.JtaPlatformInitiator - HHH000489: No JTA platform available (set 'hibernate.transaction.jta.platform' to enable JTA platform integration)
2026-09-18 16:35:59 [main] WARN  o.s.b.w.s.c.AnnotationConfigServletWebServerApplicationContext - Exception encountered during context initialization - cancelling refresh attempt: org.springframework.beans.factory.UnsatisfiedDependencyException: Error creating bean with name 'clientesController': Unsatisfied dependency expressed through field 'clientesService': Error creating bean with name 'clientesService' defined in file [C:\BackPj\demo\target\classes\com\autoCenterSilva\demo\service\ClientesService.class]: Unsatisfied dependency expressed through constructor parameter 0: Error creating bean with name 'clientesRepository' defined in com.autoCenterSilva.demo.repository.ClientesRepository defined in @EnableJpaRepositories declared on JpaRepositoriesRegistrar.EnableJpaRepositoriesConfiguration: Could not create query for public abstract boolean com.autoCenterSilva.demo.repository.ClientesRepository.existsByIdAndPedidoIsNotEmpty(java.lang.Long); Reason: Failed to create query for method public abstract boolean com.autoCenterSilva.demo.repository.ClientesRepository.existsByIdAndPedidoIsNotEmpty(java.lang.Long); No property 'pedido' found for type 'Cliente'; Did you mean 'pedidos'
2026-09-18 16:35:59 [main] INFO  com.zaxxer.hikari.HikariDataSource - HikariPool-1 - Shutdown initiated...
2026-09-18 16:35:59 [main] INFO  com.zaxxer.hikari.HikariDataSource - HikariPool-1 - Shutdown completed.
2026-09-18 16:35:59 [main] INFO  o.a.catalina.core.StandardService - Stopping service [Tomcat]
2026-09-18 16:35:59 [main] ERROR o.s.boot.SpringApplication - Application run failed
org.springframework.beans.factory.UnsatisfiedDependencyException: Error creating bean with name 'clientesController': Unsatisfied dependency expressed through field 'clientesService': Error creating bean with name 'clientesService' defined in file [C:\BackPj\demo\target\classes\com\autoCenterSilva\demo\service\ClientesService.class]: Unsatisfied dependency expressed through constructor parameter 0: Error creating bean with name 'clientesRepository' defined in com.autoCenterSilva.demo.repository.ClientesRepository defined in @EnableJpaRepositories declared on JpaRepositoriesRegistrar.EnableJpaRepositoriesConfiguration: Could not create query for public abstract boolean com.autoCenterSilva.demo.repository.ClientesRepository.existsByIdAndPedidoIsNotEmpty(java.lang.Long); Reason: Failed to create query for method public abstract boolean com.autoCenterSilva.demo.repository.ClientesRepository.existsByIdAndPedidoIsNotEmpty(java.lang.Long); No property 'pedido' found for type 'Cliente'; Did you mean 'pedidos'
	at org.springframework.beans.factory.annotation.AutowiredAnnotationBeanPostProcessor$AutowiredFieldElement.resolveFieldValue(AutowiredAnnotationBeanPostProcessor.java:787)
	at org.springframework.beans.factory.annotation.AutowiredAnnotationBeanPostProcessor$AutowiredFieldElement.inject(AutowiredAnnotationBeanPostProcessor.java:767)
	at org.springframework.beans.factory.annotation.InjectionMetadata.inject(InjectionMetadata.java:145)
	at org.springframework.beans.factory.annotation.AutowiredAnnotationBeanPostProcessor.postProcessProperties(AutowiredAnnotationBeanPostProcessor.java:508)
	at org.springframework.beans.factory.support.AbstractAutowireCapableBeanFactory.populateBean(AbstractAutowireCapableBeanFactory.java:1419)
	at org.springframework.beans.factory.support.AbstractAutowireCapableBeanFactory.doCreateBean(AbstractAutowireCapableBeanFactory.java:599)
	at org.springframework.beans.factory.support.AbstractAutowireCapableBeanFactory.createBean(AbstractAutowireCapableBeanFactory.java:522)
	at org.springframework.beans.factory.support.AbstractBeanFactory.lambda$doGetBean$0(AbstractBeanFactory.java:326)
	at org.springframework.beans.factory.support.DefaultSingletonBeanRegistry.getSingleton(DefaultSingletonBeanRegistry.java:234)
	at org.springframework.beans.factory.support.AbstractBeanFactory.doGetBean(AbstractBeanFactory.java:324)
	at org.springframework.beans.factory.support.AbstractBeanFactory.getBean(AbstractBeanFactory.java:200)
	at org.springframework.beans.factory.support.DefaultListableBeanFactory.preInstantiateSingletons(DefaultListableBeanFactory.java:975)
	at org.springframework.context.support.AbstractApplicationContext.finishBeanFactoryInitialization(AbstractApplicationContext.java:962)
	at org.springframework.context.support.AbstractApplicationContext.refresh(AbstractApplicationContext.java:624)
	at org.springframework.boot.web.servlet.context.ServletWebServerApplicationContext.refresh(ServletWebServerApplicationContext.java:146)
	at org.springframework.boot.SpringApplication.refresh(SpringApplication.java:754)
	at org.springframework.boot.SpringApplication.refreshContext(SpringApplication.java:456)
	at org.springframework.boot.SpringApplication.run(SpringApplication.java:334)
	at org.springframework.boot.SpringApplication.run(SpringApplication.java:1354)
	at org.springframework.boot.SpringApplication.run(SpringApplication.java:1343)
	at com.autoCenterSilva.demo.DemoApplication.main(DemoApplication.java:12)
Caused by: org.springframework.beans.factory.UnsatisfiedDependencyException: Error creating bean with name 'clientesService' defined in file [C:\BackPj\demo\target\classes\com\autoCenterSilva\demo\service\ClientesService.class]: Unsatisfied dependency expressed through constructor parameter 0: Error creating bean with name 'clientesRepository' defined in com.autoCenterSilva.demo.repository.ClientesRepository defined in @EnableJpaRepositories declared on JpaRepositoriesRegistrar.EnableJpaRepositoriesConfiguration: Could not create query for public abstract boolean com.autoCenterSilva.demo.repository.ClientesRepository.existsByIdAndPedidoIsNotEmpty(java.lang.Long); Reason: Failed to create query for method public abstract boolean com.autoCenterSilva.demo.repository.ClientesRepository.existsByIdAndPedidoIsNotEmpty(java.lang.Long); No property 'pedido' found for type 'Cliente'; Did you mean 'pedidos'
	at org.springframework.beans.factory.support.ConstructorResolver.createArgumentArray(ConstructorResolver.java:795)
	at org.springframework.beans.factory.support.ConstructorResolver.autowireConstructor(ConstructorResolver.java:237)
	at org.springframework.beans.factory.support.AbstractAutowireCapableBeanFactory.autowireConstructor(AbstractAutowireCapableBeanFactory.java:1355)
	at org.springframework.beans.factory.support.AbstractAutowireCapableBeanFactory.createBeanInstance(AbstractAutowireCapableBeanFactory.java:1192)
	at org.springframework.beans.factory.support.AbstractAutowireCapableBeanFactory.doCreateBean(AbstractAutowireCapableBeanFactory.java:562)
	at org.springframework.beans.factory.support.AbstractAutowireCapableBeanFactory.createBean(AbstractAutowireCapableBeanFactory.java:522)
	at org.springframework.beans.factory.support.AbstractBeanFactory.lambda$doGetBean$0(AbstractBeanFactory.java:326)
	at org.springframework.beans.factory.support.DefaultSingletonBeanRegistry.getSingleton(DefaultSingletonBeanRegistry.java:234)
	at org.springframework.beans.factory.support.AbstractBeanFactory.doGetBean(AbstractBeanFactory.java:324)
	at org.springframework.beans.factory.support.AbstractBeanFactory.getBean(AbstractBeanFactory.java:200)
	at org.springframework.beans.factory.config.DependencyDescriptor.resolveCandidate(DependencyDescriptor.java:254)
	at org.springframework.beans.factory.support.DefaultListableBeanFactory.doResolveDependency(DefaultListableBeanFactory.java:1443)
	at org.springframework.beans.factory.support.DefaultListableBeanFactory.resolveDependency(DefaultListableBeanFactory.java:1353)
	at org.springframework.beans.factory.annotation.AutowiredAnnotationBeanPostProcessor$AutowiredFieldElement.resolveFieldValue(AutowiredAnnotationBeanPostProcessor.java:784)
	... 20 common frames omitted
Caused by: org.springframework.beans.factory.BeanCreationException: Error creating bean with name 'clientesRepository' defined in com.autoCenterSilva.demo.repository.ClientesRepository defined in @EnableJpaRepositories declared on JpaRepositoriesRegistrar.EnableJpaRepositoriesConfiguration: Could not create query for public abstract boolean com.autoCenterSilva.demo.repository.ClientesRepository.existsByIdAndPedidoIsNotEmpty(java.lang.Long); Reason: Failed to create query for method public abstract boolean com.autoCenterSilva.demo.repository.ClientesRepository.existsByIdAndPedidoIsNotEmpty(java.lang.Long); No property 'pedido' found for type 'Cliente'; Did you mean 'pedidos'
	at org.springframework.beans.factory.support.AbstractAutowireCapableBeanFactory.initializeBean(AbstractAutowireCapableBeanFactory.java:1786)
	at org.springframework.beans.factory.support.AbstractAutowireCapableBeanFactory.doCreateBean(AbstractAutowireCapableBeanFactory.java:600)
	at org.springframework.beans.factory.support.AbstractAutowireCapableBeanFactory.createBean(AbstractAutowireCapableBeanFactory.java:522)
	at org.springframework.beans.factory.support.AbstractBeanFactory.lambda$doGetBean$0(AbstractBeanFactory.java:326)
	at org.springframework.beans.factory.support.DefaultSingletonBeanRegistry.getSingleton(DefaultSingletonBeanRegistry.java:234)
	at org.springframework.beans.factory.support.AbstractBeanFactory.doGetBean(AbstractBeanFactory.java:324)
	at org.springframework.beans.factory.support.AbstractBeanFactory.getBean(AbstractBeanFactory.java:200)
	at org.springframework.beans.factory.config.DependencyDescriptor.resolveCandidate(DependencyDescriptor.java:254)
	at org.springframework.beans.factory.support.DefaultListableBeanFactory.doResolveDependency(DefaultListableBeanFactory.java:1443)
	at org.springframework.beans.factory.support.DefaultListableBeanFactory.resolveDependency(DefaultListableBeanFactory.java:1353)
	at org.springframework.beans.factory.support.ConstructorResolver.resolveAutowiredArgument(ConstructorResolver.java:904)
	at org.springframework.beans.factory.support.ConstructorResolver.createArgumentArray(ConstructorResolver.java:782)
	... 33 common frames omitted
Caused by: org.springframework.data.repository.query.QueryCreationException: Could not create query for public abstract boolean com.autoCenterSilva.demo.repository.ClientesRepository.existsByIdAndPedidoIsNotEmpty(java.lang.Long); Reason: Failed to create query for method public abstract boolean com.autoCenterSilva.demo.repository.ClientesRepository.existsByIdAndPedidoIsNotEmpty(java.lang.Long); No property 'pedido' found for type 'Cliente'; Did you mean 'pedidos'
	at org.springframework.data.repository.query.QueryCreationException.create(QueryCreationException.java:101)
	at org.springframework.data.repository.core.support.QueryExecutorMethodInterceptor.lookupQuery(QueryExecutorMethodInterceptor.java:115)
	at org.springframework.data.repository.core.support.QueryExecutorMethodInterceptor.mapMethodsToQuery(QueryExecutorMethodInterceptor.java:99)
	at org.springframework.data.repository.core.support.QueryExecutorMethodInterceptor.lambda$new$0(QueryExecutorMethodInterceptor.java:88)
	at java.base/java.util.Optional.map(Optional.java:260)
	at org.springframework.data.repository.core.support.QueryExecutorMethodInterceptor.<init>(QueryExecutorMethodInterceptor.java:88)
	at org.springframework.data.repository.core.support.RepositoryFactorySupport.getRepository(RepositoryFactorySupport.java:357)
	at org.springframework.data.repository.core.support.RepositoryFactoryBeanSupport.lambda$afterPropertiesSet$5(RepositoryFactoryBeanSupport.java:279)
	at org.springframework.data.util.Lazy.getNullable(Lazy.java:135)
	at org.springframework.data.util.Lazy.get(Lazy.java:113)
	at org.springframework.data.repository.core.support.RepositoryFactoryBeanSupport.afterPropertiesSet(RepositoryFactoryBeanSupport.java:285)
	at org.springframework.data.jpa.repository.support.JpaRepositoryFactoryBean.afterPropertiesSet(JpaRepositoryFactoryBean.java:132)
	at org.springframework.beans.factory.support.AbstractAutowireCapableBeanFactory.invokeInitMethods(AbstractAutowireCapableBeanFactory.java:1833)
	at org.springframework.beans.factory.support.AbstractAutowireCapableBeanFactory.initializeBean(AbstractAutowireCapableBeanFactory.java:1782)
	... 44 common frames omitted
Caused by: java.lang.IllegalArgumentException: Failed to create query for method public abstract boolean com.autoCenterSilva.demo.repository.ClientesRepository.existsByIdAndPedidoIsNotEmpty(java.lang.Long); No property 'pedido' found for type 'Cliente'; Did you mean 'pedidos'
	at org.springframework.data.jpa.repository.query.PartTreeJpaQuery.<init>(PartTreeJpaQuery.java:106)
	at org.springframework.data.jpa.repository.query.JpaQueryLookupStrategy$CreateQueryLookupStrategy.resolveQuery(JpaQueryLookupStrategy.java:124)
	at org.springframework.data.jpa.repository.query.JpaQueryLookupStrategy$CreateIfNotFoundQueryLookupStrategy.resolveQuery(JpaQueryLookupStrategy.java:258)
	at org.springframework.data.jpa.repository.query.JpaQueryLookupStrategy$AbstractQueryLookupStrategy.resolveQuery(JpaQueryLookupStrategy.java:95)
	at org.springframework.data.repository.core.support.QueryExecutorMethodInterceptor.lookupQuery(QueryExecutorMethodInterceptor.java:111)
	... 56 common frames omitted
Caused by: org.springframework.data.mapping.PropertyReferenceException: No property 'pedido' found for type 'Cliente'; Did you mean 'pedidos'
	at org.springframework.data.mapping.PropertyPath.<init>(PropertyPath.java:90)
	at org.springframework.data.mapping.PropertyPath.create(PropertyPath.java:443)
	at org.springframework.data.mapping.PropertyPath.create(PropertyPath.java:419)
	at org.springframework.data.mapping.PropertyPath.lambda$from$0(PropertyPath.java:372)
	at java.base/java.util.concurrent.ConcurrentMap.computeIfAbsent(ConcurrentMap.java:330)
	at org.springframework.data.mapping.PropertyPath.from(PropertyPath.java:354)
	at org.springframework.data.mapping.PropertyPath.from(PropertyPath.java:332)
	at org.springframework.data.repository.query.parser.Part.<init>(Part.java:81)
	at org.springframework.data.repository.query.parser.PartTree$OrPart.lambda$new$0(PartTree.java:259)
	at java.base/java.util.stream.ReferencePipeline$3$1.accept(ReferencePipeline.java:197)
	at java.base/java.util.stream.ReferencePipeline$2$1.accept(ReferencePipeline.java:179)
	at java.base/java.util.Spliterators$ArraySpliterator.forEachRemaining(Spliterators.java:992)
	at java.base/java.util.stream.AbstractPipeline.copyInto(AbstractPipeline.java:509)
	at java.base/java.util.stream.AbstractPipeline.wrapAndCopyInto(AbstractPipeline.java:499)
	at java.base/java.util.stream.ReduceOps$ReduceOp.evaluateSequential(ReduceOps.java:921)
	at java.base/java.util.stream.AbstractPipeline.evaluate(AbstractPipeline.java:234)
	at java.base/java.util.stream.ReferencePipeline.collect(ReferencePipeline.java:682)
	at org.springframework.data.repository.query.parser.PartTree$OrPart.<init>(PartTree.java:260)
	at org.springframework.data.repository.query.parser.PartTree$Predicate.lambda$new$0(PartTree.java:389)
	at java.base/java.util.stream.ReferencePipeline$3$1.accept(ReferencePipeline.java:197)
	at java.base/java.util.stream.ReferencePipeline$2$1.accept(ReferencePipeline.java:179)
	at java.base/java.util.Spliterators$ArraySpliterator.forEachRemaining(Spliterators.java:992)
	at java.base/java.util.stream.AbstractPipeline.copyInto(AbstractPipeline.java:509)
	at java.base/java.util.stream.AbstractPipeline.wrapAndCopyInto(AbstractPipeline.java:499)
	at java.base/java.util.stream.ReduceOps$ReduceOp.evaluateSequential(ReduceOps.java:921)
	at java.base/java.util.stream.AbstractPipeline.evaluate(AbstractPipeline.java:234)
	at java.base/java.util.stream.ReferencePipeline.collect(ReferencePipeline.java:682)
	at org.springframework.data.repository.query.parser.PartTree$Predicate.<init>(PartTree.java:390)
	at org.springframework.data.repository.query.parser.PartTree.<init>(PartTree.java:103)
	at org.springframework.data.jpa.repository.query.PartTreeJpaQuery.<init>(PartTreeJpaQuery.java:100)
	... 60 common frames omitted
2026-09-18 16:38:39 [main] INFO  c.a.demo.DemoApplication - Starting DemoApplication using Java 17.0.12 with PID 16796 (C:\BackPj\demo\target\classes started by lucas in C:\BackPj)
2026-09-18 16:38:39 [main] INFO  c.a.demo.DemoApplication - No active profile set, falling back to 1 default profile: "default"
2026-09-18 16:38:41 [main] INFO  o.a.catalina.core.StandardService - Starting service [Tomcat]
2026-09-18 16:38:41 [main] INFO  o.a.catalina.core.StandardEngine - Starting Servlet engine: [Apache Tomcat/10.1.20]
2026-09-18 16:38:41 [main] INFO  o.a.c.c.C.[Tomcat].[localhost].[/] - Initializing Spring embedded WebApplicationContext
2026-09-18 16:38:42 [main] INFO  com.zaxxer.hikari.HikariDataSource - HikariPool-1 - Starting...
2026-09-18 16:38:42 [main] INFO  com.zaxxer.hikari.pool.HikariPool - HikariPool-1 - Added connection org.postgresql.jdbc.PgConnection@739831a4
2026-09-18 16:38:42 [main] INFO  com.zaxxer.hikari.HikariDataSource - HikariPool-1 - Start completed.
2026-09-18 16:38:42 [main] INFO  o.f.c.i.license.VersionPrinter - Flyway Community Edition 9.22.3 by Redgate
2026-09-18 16:38:42 [main] INFO  o.f.c.i.license.VersionPrinter - See release notes here: https://rd.gt/416ObMi
2026-09-18 16:38:42 [main] INFO  o.f.c.i.license.VersionPrinter - 
2026-09-18 16:38:42 [main] INFO  org.flywaydb.core.FlywayExecutor - Database: jdbc:postgresql://localhost:5432/bdAutoCenterSilva (PostgreSQL 18.3)
2026-09-18 16:38:42 [main] WARN  o.f.c.i.database.base.Database - Flyway upgrade recommended: PostgreSQL 18.3 is newer than this version of Flyway and support has not been tested. The latest supported version of PostgreSQL is 15.
2026-09-18 16:38:42 [main] INFO  o.f.core.internal.command.DbValidate - Successfully validated 9 migrations (execution time 00:00.055s)
2026-09-18 16:38:42 [main] INFO  o.f.core.internal.command.DbMigrate - Current version of schema "public": 9
2026-09-18 16:38:42 [main] INFO  o.f.core.internal.command.DbMigrate - Schema "public" is up to date. No migration necessary.
2026-09-18 16:38:42 [main] INFO  o.h.jpa.internal.util.LogHelper - HHH000204: Processing PersistenceUnitInfo [name: default]
2026-09-18 16:38:43 [main] INFO  org.hibernate.Version - HHH000412: Hibernate ORM core version 6.4.4.Final
2026-09-18 16:38:43 [main] INFO  o.h.c.i.RegionFactoryInitiator - HHH000026: Second-level cache disabled
2026-09-18 16:38:43 [main] WARN  org.hibernate.orm.deprecation - HHH90000025: PostgreSQLDialect does not need to be specified explicitly using 'hibernate.dialect' (remove the property setting and it will be selected by default)
2026-09-18 16:38:44 [main] INFO  o.h.e.t.j.p.i.JtaPlatformInitiator - HHH000489: No JTA platform available (set 'hibernate.transaction.jta.platform' to enable JTA platform integration)
2026-09-18 16:38:45 [main] WARN  o.s.b.a.o.j.JpaBaseConfiguration$JpaWebConfiguration - spring.jpa.open-in-view is enabled by default. Therefore, database queries may be performed during view rendering. Explicitly configure spring.jpa.open-in-view to disable this warning
2026-09-18 16:38:46 [main] INFO  c.a.demo.DemoApplication - Started DemoApplication in 8.205 seconds (process running for 8.928)
2026-09-18 16:38:57 [SpringApplicationShutdownHook] INFO  com.zaxxer.hikari.HikariDataSource - HikariPool-1 - Shutdown initiated...
2026-09-18 16:38:57 [SpringApplicationShutdownHook] INFO  com.zaxxer.hikari.HikariDataSource - HikariPool-1 - Shutdown completed.
2026-09-18 16:39:39 [main] INFO  c.a.demo.DemoApplication - Starting DemoApplication using Java 17.0.12 with PID 4432 (C:\BackPj\demo\target\classes started by lucas in C:\BackPj)
2026-09-18 16:39:39 [main] INFO  c.a.demo.DemoApplication - No active profile set, falling back to 1 default profile: "default"
2026-09-18 16:39:42 [main] INFO  o.a.catalina.core.StandardService - Starting service [Tomcat]
2026-09-18 16:39:42 [main] INFO  o.a.catalina.core.StandardEngine - Starting Servlet engine: [Apache Tomcat/10.1.20]
2026-09-18 16:39:42 [main] INFO  o.a.c.c.C.[Tomcat].[localhost].[/] - Initializing Spring embedded WebApplicationContext
2026-09-18 16:39:42 [main] INFO  com.zaxxer.hikari.HikariDataSource - HikariPool-1 - Starting...
2026-09-18 16:39:42 [main] INFO  com.zaxxer.hikari.pool.HikariPool - HikariPool-1 - Added connection org.postgresql.jdbc.PgConnection@1f15e689
2026-09-18 16:39:42 [main] INFO  com.zaxxer.hikari.HikariDataSource - HikariPool-1 - Start completed.
2026-09-18 16:39:42 [main] INFO  o.f.c.i.license.VersionPrinter - Flyway Community Edition 9.22.3 by Redgate
2026-09-18 16:39:42 [main] INFO  o.f.c.i.license.VersionPrinter - See release notes here: https://rd.gt/416ObMi
2026-09-18 16:39:42 [main] INFO  o.f.c.i.license.VersionPrinter - 
2026-09-18 16:39:42 [main] INFO  org.flywaydb.core.FlywayExecutor - Database: jdbc:postgresql://localhost:5432/bdAutoCenterSilva (PostgreSQL 18.3)
2026-09-18 16:39:42 [main] WARN  o.f.c.i.database.base.Database - Flyway upgrade recommended: PostgreSQL 18.3 is newer than this version of Flyway and support has not been tested. The latest supported version of PostgreSQL is 15.
2026-09-18 16:39:42 [main] INFO  o.f.core.internal.command.DbValidate - Successfully validated 9 migrations (execution time 00:00.080s)
2026-09-18 16:39:42 [main] INFO  o.f.core.internal.command.DbMigrate - Current version of schema "public": 9
2026-09-18 16:39:42 [main] INFO  o.f.core.internal.command.DbMigrate - Schema "public" is up to date. No migration necessary.
2026-09-18 16:39:43 [main] INFO  o.h.jpa.internal.util.LogHelper - HHH000204: Processing PersistenceUnitInfo [name: default]
2026-09-18 16:39:43 [main] INFO  org.hibernate.Version - HHH000412: Hibernate ORM core version 6.4.4.Final
2026-09-18 16:39:43 [main] INFO  o.h.c.i.RegionFactoryInitiator - HHH000026: Second-level cache disabled
2026-09-18 16:39:43 [main] WARN  org.hibernate.orm.deprecation - HHH90000025: PostgreSQLDialect does not need to be specified explicitly using 'hibernate.dialect' (remove the property setting and it will be selected by default)
2026-09-18 16:39:45 [main] INFO  o.h.e.t.j.p.i.JtaPlatformInitiator - HHH000489: No JTA platform available (set 'hibernate.transaction.jta.platform' to enable JTA platform integration)
2026-09-18 16:39:45 [main] WARN  o.s.b.a.o.j.JpaBaseConfiguration$JpaWebConfiguration - spring.jpa.open-in-view is enabled by default. Therefore, database queries may be performed during view rendering. Explicitly configure spring.jpa.open-in-view to disable this warning
2026-09-18 16:39:46 [main] INFO  c.a.demo.DemoApplication - Started DemoApplication in 8.954 seconds (process running for 9.691)
2026-09-18 16:49:24 [SpringApplicationShutdownHook] INFO  com.zaxxer.hikari.HikariDataSource - HikariPool-1 - Shutdown initiated...
2026-09-18 16:49:24 [SpringApplicationShutdownHook] INFO  com.zaxxer.hikari.HikariDataSource - HikariPool-1 - Shutdown completed.
2026-09-18 16:50:40 [main] INFO  c.a.demo.DemoApplication - Starting DemoApplication using Java 17.0.12 with PID 24616 (C:\BackPj\demo\target\classes started by lucas in C:\BackPj)
2026-09-18 16:50:40 [main] INFO  c.a.demo.DemoApplication - No active profile set, falling back to 1 default profile: "default"
2026-09-18 16:50:44 [main] INFO  o.a.catalina.core.StandardService - Starting service [Tomcat]
2026-09-18 16:50:44 [main] INFO  o.a.catalina.core.StandardEngine - Starting Servlet engine: [Apache Tomcat/10.1.20]
2026-09-18 16:50:44 [main] INFO  o.a.c.c.C.[Tomcat].[localhost].[/] - Initializing Spring embedded WebApplicationContext
2026-09-18 16:50:44 [main] INFO  com.zaxxer.hikari.HikariDataSource - HikariPool-1 - Starting...
2026-09-18 16:50:45 [main] INFO  com.zaxxer.hikari.pool.HikariPool - HikariPool-1 - Added connection org.postgresql.jdbc.PgConnection@11b5f4e2
2026-09-18 16:50:45 [main] INFO  com.zaxxer.hikari.HikariDataSource - HikariPool-1 - Start completed.
2026-09-18 16:50:45 [main] INFO  o.f.c.i.license.VersionPrinter - Flyway Community Edition 9.22.3 by Redgate
2026-09-18 16:50:45 [main] INFO  o.f.c.i.license.VersionPrinter - See release notes here: https://rd.gt/416ObMi
2026-09-18 16:50:45 [main] INFO  o.f.c.i.license.VersionPrinter - 
2026-09-18 16:50:45 [main] INFO  org.flywaydb.core.FlywayExecutor - Database: jdbc:postgresql://localhost:5432/bdAutoCenterSilva (PostgreSQL 18.3)
2026-09-18 16:50:45 [main] WARN  o.f.c.i.database.base.Database - Flyway upgrade recommended: PostgreSQL 18.3 is newer than this version of Flyway and support has not been tested. The latest supported version of PostgreSQL is 15.
2026-09-18 16:50:45 [main] INFO  o.f.core.internal.command.DbValidate - Successfully validated 10 migrations (execution time 00:00.071s)
2026-09-18 16:50:45 [main] INFO  o.f.core.internal.command.DbMigrate - Current version of schema "public": 9
2026-09-18 16:50:45 [main] INFO  o.f.core.internal.command.DbMigrate - Migrating schema "public" to version "10 - alterando perfil deffault"
2026-09-18 16:50:45 [main] INFO  o.f.core.internal.command.DbMigrate - Successfully applied 1 migration to schema "public", now at version v10 (execution time 00:00.027s)
2026-09-18 16:50:45 [main] INFO  o.h.jpa.internal.util.LogHelper - HHH000204: Processing PersistenceUnitInfo [name: default]
2026-09-18 16:50:45 [main] INFO  org.hibernate.Version - HHH000412: Hibernate ORM core version 6.4.4.Final
2026-09-18 16:50:45 [main] INFO  o.h.c.i.RegionFactoryInitiator - HHH000026: Second-level cache disabled
2026-09-18 16:50:46 [main] WARN  org.hibernate.orm.deprecation - HHH90000025: PostgreSQLDialect does not need to be specified explicitly using 'hibernate.dialect' (remove the property setting and it will be selected by default)
2026-09-18 16:50:47 [main] INFO  o.h.e.t.j.p.i.JtaPlatformInitiator - HHH000489: No JTA platform available (set 'hibernate.transaction.jta.platform' to enable JTA platform integration)
2026-09-18 16:50:48 [main] WARN  o.s.b.a.o.j.JpaBaseConfiguration$JpaWebConfiguration - spring.jpa.open-in-view is enabled by default. Therefore, database queries may be performed during view rendering. Explicitly configure spring.jpa.open-in-view to disable this warning
2026-09-18 16:50:49 [main] INFO  c.a.demo.DemoApplication - Started DemoApplication in 10.319 seconds (process running for 11.549)
2026-09-18 16:53:38 [http-nio-8080-exec-1] INFO  o.a.c.c.C.[Tomcat].[localhost].[/] - Initializing Spring DispatcherServlet 'dispatcherServlet'
2026-09-18 16:53:39 [http-nio-8080-exec-1] INFO  c.a.d.controller.ClientesController - Requisição recebida: POST -  /api/cliente/criar com.autoCenterSilva.demo.dto.request.cliente.ClienteCreatRequest@23e72a28
2026-09-18 16:53:56 [SpringApplicationShutdownHook] INFO  com.zaxxer.hikari.HikariDataSource - HikariPool-1 - Shutdown initiated...
2026-09-18 16:53:56 [SpringApplicationShutdownHook] INFO  com.zaxxer.hikari.HikariDataSource - HikariPool-1 - Shutdown completed.
2026-09-18 16:54:27 [main] INFO  c.a.demo.DemoApplication - Starting DemoApplication using Java 17.0.12 with PID 6940 (C:\BackPj\demo\target\classes started by lucas in C:\BackPj)
2026-09-18 16:54:27 [main] INFO  c.a.demo.DemoApplication - No active profile set, falling back to 1 default profile: "default"
2026-09-18 16:54:30 [main] INFO  o.a.catalina.core.StandardService - Starting service [Tomcat]
2026-09-18 16:54:30 [main] INFO  o.a.catalina.core.StandardEngine - Starting Servlet engine: [Apache Tomcat/10.1.20]
2026-09-18 16:54:30 [main] INFO  o.a.c.c.C.[Tomcat].[localhost].[/] - Initializing Spring embedded WebApplicationContext
2026-09-18 16:54:30 [main] INFO  com.zaxxer.hikari.HikariDataSource - HikariPool-1 - Starting...
2026-09-18 16:54:31 [main] INFO  com.zaxxer.hikari.pool.HikariPool - HikariPool-1 - Added connection org.postgresql.jdbc.PgConnection@739831a4
2026-09-18 16:54:31 [main] INFO  com.zaxxer.hikari.HikariDataSource - HikariPool-1 - Start completed.
2026-09-18 16:54:31 [main] INFO  o.f.c.i.license.VersionPrinter - Flyway Community Edition 9.22.3 by Redgate
2026-09-18 16:54:31 [main] INFO  o.f.c.i.license.VersionPrinter - See release notes here: https://rd.gt/416ObMi
2026-09-18 16:54:31 [main] INFO  o.f.c.i.license.VersionPrinter - 
2026-09-18 16:54:31 [main] INFO  org.flywaydb.core.FlywayExecutor - Database: jdbc:postgresql://localhost:5432/bdAutoCenterSilva (PostgreSQL 18.3)
2026-09-18 16:54:31 [main] WARN  o.f.c.i.database.base.Database - Flyway upgrade recommended: PostgreSQL 18.3 is newer than this version of Flyway and support has not been tested. The latest supported version of PostgreSQL is 15.
2026-09-18 16:54:31 [main] INFO  o.f.core.internal.command.DbValidate - Successfully validated 10 migrations (execution time 00:00.100s)
2026-09-18 16:54:31 [main] INFO  o.f.core.internal.command.DbMigrate - Current version of schema "public": 10
2026-09-18 16:54:31 [main] INFO  o.f.core.internal.command.DbMigrate - Schema "public" is up to date. No migration necessary.
2026-09-18 16:54:31 [main] INFO  o.h.jpa.internal.util.LogHelper - HHH000204: Processing PersistenceUnitInfo [name: default]
2026-09-18 16:54:32 [main] INFO  org.hibernate.Version - HHH000412: Hibernate ORM core version 6.4.4.Final
2026-09-18 16:54:32 [main] INFO  o.h.c.i.RegionFactoryInitiator - HHH000026: Second-level cache disabled
2026-09-18 16:54:33 [main] WARN  org.hibernate.orm.deprecation - HHH90000025: PostgreSQLDialect does not need to be specified explicitly using 'hibernate.dialect' (remove the property setting and it will be selected by default)
2026-09-18 16:54:34 [main] INFO  o.h.e.t.j.p.i.JtaPlatformInitiator - HHH000489: No JTA platform available (set 'hibernate.transaction.jta.platform' to enable JTA platform integration)
2026-09-18 16:54:35 [main] WARN  o.s.b.a.o.j.JpaBaseConfiguration$JpaWebConfiguration - spring.jpa.open-in-view is enabled by default. Therefore, database queries may be performed during view rendering. Explicitly configure spring.jpa.open-in-view to disable this warning
2026-09-18 16:54:36 [main] INFO  c.a.demo.DemoApplication - Started DemoApplication in 10.349 seconds (process running for 11.974)
2026-09-18 16:56:37 [http-nio-8080-exec-1] INFO  o.a.c.c.C.[Tomcat].[localhost].[/] - Initializing Spring DispatcherServlet 'dispatcherServlet'
2026-09-18 16:56:37 [http-nio-8080-exec-1] INFO  c.a.d.controller.ClientesController - Requisição recebida: POST -  /api/cliente/criar com.autoCenterSilva.demo.dto.request.cliente.ClienteCreatRequest@985cc93
2026-09-18 16:56:37 [http-nio-8080-exec-1] WARN  o.h.e.jdbc.spi.SqlExceptionHelper - SQL Error: 0, SQLState: 23502
2026-09-18 16:56:37 [http-nio-8080-exec-1] ERROR o.h.e.jdbc.spi.SqlExceptionHelper - ERRO: o valor nulo na coluna "perfil" da relação "cliente" viola a restrição de não-nulo
  Detalhe: Registro que falhou contém (4, 958, ROGER MACHADO, 123458, null).
2026-09-18 16:56:37 [http-nio-8080-exec-1] ERROR c.a.d.c.GlobalExceptionHandler - Erro crítico não tratado no sistema: 
org.springframework.dao.DataIntegrityViolationException: could not execute statement [ERRO: o valor nulo na coluna "perfil" da relação "cliente" viola a restrição de não-nulo
  Detalhe: Registro que falhou contém (4, 958, ROGER MACHADO, 123458, null).] [insert into cliente (nome,perfil,senha,telefone) values (?,?,?,?)]; SQL [insert into cliente (nome,perfil,senha,telefone) values (?,?,?,?)]; constraint [null]
	at org.springframework.orm.jpa.vendor.HibernateJpaDialect.convertHibernateAccessException(HibernateJpaDialect.java:290)
	at org.springframework.orm.jpa.vendor.HibernateJpaDialect.translateExceptionIfPossible(HibernateJpaDialect.java:241)
	at org.springframework.orm.jpa.AbstractEntityManagerFactoryBean.translateExceptionIfPossible(AbstractEntityManagerFactoryBean.java:550)
	at org.springframework.dao.support.ChainedPersistenceExceptionTranslator.translateExceptionIfPossible(ChainedPersistenceExceptionTranslator.java:61)
	at org.springframework.dao.support.DataAccessUtils.translateIfNecessary(DataAccessUtils.java:335)
	at org.springframework.dao.support.PersistenceExceptionTranslationInterceptor.invoke(PersistenceExceptionTranslationInterceptor.java:152)
	at org.springframework.aop.framework.ReflectiveMethodInvocation.proceed(ReflectiveMethodInvocation.java:184)
	at org.springframework.data.jpa.repository.support.CrudMethodMetadataPostProcessor$CrudMethodMetadataPopulatingMethodInterceptor.invoke(CrudMethodMetadataPostProcessor.java:164)
	at org.springframework.aop.framework.ReflectiveMethodInvocation.proceed(ReflectiveMethodInvocation.java:184)
	at org.springframework.aop.interceptor.ExposeInvocationInterceptor.invoke(ExposeInvocationInterceptor.java:97)
	at org.springframework.aop.framework.ReflectiveMethodInvocation.proceed(ReflectiveMethodInvocation.java:184)
	at org.springframework.aop.framework.JdkDynamicAopProxy.invoke(JdkDynamicAopProxy.java:223)
	at jdk.proxy2/jdk.proxy2.$Proxy140.save(Unknown Source)
	at com.autoCenterSilva.demo.service.ClientesService.salvarCliente(ClientesService.java:53)
	at java.base/jdk.internal.reflect.NativeMethodAccessorImpl.invoke0(Native Method)
	at java.base/jdk.internal.reflect.NativeMethodAccessorImpl.invoke(NativeMethodAccessorImpl.java:77)
	at java.base/jdk.internal.reflect.DelegatingMethodAccessorImpl.invoke(DelegatingMethodAccessorImpl.java:43)
	at java.base/java.lang.reflect.Method.invoke(Method.java:568)
	at org.springframework.aop.support.AopUtils.invokeJoinpointUsingReflection(AopUtils.java:354)
	at org.springframework.aop.framework.ReflectiveMethodInvocation.invokeJoinpoint(ReflectiveMethodInvocation.java:196)
	at org.springframework.aop.framework.ReflectiveMethodInvocation.proceed(ReflectiveMethodInvocation.java:163)
	at org.springframework.aop.framework.CglibAopProxy$CglibMethodInvocation.proceed(CglibAopProxy.java:768)
	at org.springframework.transaction.interceptor.TransactionInterceptor$1.proceedWithInvocation(TransactionInterceptor.java:123)
	at org.springframework.transaction.interceptor.TransactionAspectSupport.invokeWithinTransaction(TransactionAspectSupport.java:392)
	at org.springframework.transaction.interceptor.TransactionInterceptor.invoke(TransactionInterceptor.java:119)
	at org.springframework.aop.framework.ReflectiveMethodInvocation.proceed(ReflectiveMethodInvocation.java:184)
	at org.springframework.aop.framework.CglibAopProxy$CglibMethodInvocation.proceed(CglibAopProxy.java:768)
	at org.springframework.aop.framework.CglibAopProxy$DynamicAdvisedInterceptor.intercept(CglibAopProxy.java:720)
	at com.autoCenterSilva.demo.service.ClientesService$$SpringCGLIB$$0.salvarCliente(<generated>)
	at com.autoCenterSilva.demo.controller.ClientesController.salvar(ClientesController.java:32)
	at java.base/jdk.internal.reflect.NativeMethodAccessorImpl.invoke0(Native Method)
	at java.base/jdk.internal.reflect.NativeMethodAccessorImpl.invoke(NativeMethodAccessorImpl.java:77)
	at java.base/jdk.internal.reflect.DelegatingMethodAccessorImpl.invoke(DelegatingMethodAccessorImpl.java:43)
	at java.base/java.lang.reflect.Method.invoke(Method.java:568)
	at org.springframework.web.method.support.InvocableHandlerMethod.doInvoke(InvocableHandlerMethod.java:255)
	at org.springframework.web.method.support.InvocableHandlerMethod.invokeForRequest(InvocableHandlerMethod.java:188)
	at org.springframework.web.servlet.mvc.method.annotation.ServletInvocableHandlerMethod.invokeAndHandle(ServletInvocableHandlerMethod.java:118)
	at org.springframework.web.servlet.mvc.method.annotation.RequestMappingHandlerAdapter.invokeHandlerMethod(RequestMappingHandlerAdapter.java:926)
	at org.springframework.web.servlet.mvc.method.annotation.RequestMappingHandlerAdapter.handleInternal(RequestMappingHandlerAdapter.java:831)
	at org.springframework.web.servlet.mvc.method.AbstractHandlerMethodAdapter.handle(AbstractHandlerMethodAdapter.java:87)
	at org.springframework.web.servlet.DispatcherServlet.doDispatch(DispatcherServlet.java:1089)
	at org.springframework.web.servlet.DispatcherServlet.doService(DispatcherServlet.java:979)
	at org.springframework.web.servlet.FrameworkServlet.processRequest(FrameworkServlet.java:1014)
	at org.springframework.web.servlet.FrameworkServlet.doPost(FrameworkServlet.java:914)
	at jakarta.servlet.http.HttpServlet.service(HttpServlet.java:590)
	at org.springframework.web.servlet.FrameworkServlet.service(FrameworkServlet.java:885)
	at jakarta.servlet.http.HttpServlet.service(HttpServlet.java:658)
	at org.apache.catalina.core.ApplicationFilterChain.internalDoFilter(ApplicationFilterChain.java:206)
	at org.apache.catalina.core.ApplicationFilterChain.doFilter(ApplicationFilterChain.java:150)
	at org.apache.tomcat.websocket.server.WsFilter.doFilter(WsFilter.java:51)
	at org.apache.catalina.core.ApplicationFilterChain.internalDoFilter(ApplicationFilterChain.java:175)
	at org.apache.catalina.core.ApplicationFilterChain.doFilter(ApplicationFilterChain.java:150)
	at org.springframework.web.filter.RequestContextFilter.doFilterInternal(RequestContextFilter.java:100)
	at org.springframework.web.filter.OncePerRequestFilter.doFilter(OncePerRequestFilter.java:116)
	at org.apache.catalina.core.ApplicationFilterChain.internalDoFilter(ApplicationFilterChain.java:175)
	at org.apache.catalina.core.ApplicationFilterChain.doFilter(ApplicationFilterChain.java:150)
	at org.springframework.web.filter.FormContentFilter.doFilterInternal(FormContentFilter.java:93)
	at org.springframework.web.filter.OncePerRequestFilter.doFilter(OncePerRequestFilter.java:116)
	at org.apache.catalina.core.ApplicationFilterChain.internalDoFilter(ApplicationFilterChain.java:175)
	at org.apache.catalina.core.ApplicationFilterChain.doFilter(ApplicationFilterChain.java:150)
	at org.springframework.web.filter.CharacterEncodingFilter.doFilterInternal(CharacterEncodingFilter.java:201)
	at org.springframework.web.filter.OncePerRequestFilter.doFilter(OncePerRequestFilter.java:116)
	at org.apache.catalina.core.ApplicationFilterChain.internalDoFilter(ApplicationFilterChain.java:175)
	at org.apache.catalina.core.ApplicationFilterChain.doFilter(ApplicationFilterChain.java:150)
	at org.apache.catalina.core.StandardWrapperValve.invoke(StandardWrapperValve.java:167)
	at org.apache.catalina.core.StandardContextValve.invoke(StandardContextValve.java:90)
	at org.apache.catalina.authenticator.AuthenticatorBase.invoke(AuthenticatorBase.java:482)
	at org.apache.catalina.core.StandardHostValve.invoke(StandardHostValve.java:115)
	at org.apache.catalina.valves.ErrorReportValve.invoke(ErrorReportValve.java:93)
	at org.apache.catalina.core.StandardEngineValve.invoke(StandardEngineValve.java:74)
	at org.apache.catalina.connector.CoyoteAdapter.service(CoyoteAdapter.java:344)
	at org.apache.coyote.http11.Http11Processor.service(Http11Processor.java:391)
	at org.apache.coyote.AbstractProcessorLight.process(AbstractProcessorLight.java:63)
	at org.apache.coyote.AbstractProtocol$ConnectionHandler.process(AbstractProtocol.java:896)
	at org.apache.tomcat.util.net.NioEndpoint$SocketProcessor.doRun(NioEndpoint.java:1736)
	at org.apache.tomcat.util.net.SocketProcessorBase.run(SocketProcessorBase.java:52)
	at org.apache.tomcat.util.threads.ThreadPoolExecutor.runWorker(ThreadPoolExecutor.java:1191)
	at org.apache.tomcat.util.threads.ThreadPoolExecutor$Worker.run(ThreadPoolExecutor.java:659)
	at org.apache.tomcat.util.threads.TaskThread$WrappingRunnable.run(TaskThread.java:63)
	at java.base/java.lang.Thread.run(Thread.java:842)
Caused by: org.hibernate.exception.ConstraintViolationException: could not execute statement [ERRO: o valor nulo na coluna "perfil" da relação "cliente" viola a restrição de não-nulo
  Detalhe: Registro que falhou contém (4, 958, ROGER MACHADO, 123458, null).] [insert into cliente (nome,perfil,senha,telefone) values (?,?,?,?)]
	at org.hibernate.exception.internal.SQLStateConversionDelegate.convert(SQLStateConversionDelegate.java:97)
	at org.hibernate.exception.internal.StandardSQLExceptionConverter.convert(StandardSQLExceptionConverter.java:58)
	at org.hibernate.engine.jdbc.spi.SqlExceptionHelper.convert(SqlExceptionHelper.java:108)
	at org.hibernate.engine.jdbc.internal.ResultSetReturnImpl.executeUpdate(ResultSetReturnImpl.java:197)
	at org.hibernate.id.insert.GetGeneratedKeysDelegate.performInsert(GetGeneratedKeysDelegate.java:107)
	at org.hibernate.engine.jdbc.mutation.internal.MutationExecutorPostInsertSingleTable.execute(MutationExecutorPostInsertSingleTable.java:100)
	at org.hibernate.persister.entity.mutation.InsertCoordinator.doStaticInserts(InsertCoordinator.java:175)
	at org.hibernate.persister.entity.mutation.InsertCoordinator.coordinateInsert(InsertCoordinator.java:113)
	at org.hibernate.persister.entity.AbstractEntityPersister.insert(AbstractEntityPersister.java:2868)
	at org.hibernate.action.internal.EntityIdentityInsertAction.execute(EntityIdentityInsertAction.java:81)
	at org.hibernate.engine.spi.ActionQueue.execute(ActionQueue.java:670)
	at org.hibernate.engine.spi.ActionQueue.addResolvedEntityInsertAction(ActionQueue.java:291)
	at org.hibernate.engine.spi.ActionQueue.addInsertAction(ActionQueue.java:272)
	at org.hibernate.engine.spi.ActionQueue.addAction(ActionQueue.java:322)
	at org.hibernate.event.internal.AbstractSaveEventListener.addInsertAction(AbstractSaveEventListener.java:386)
	at org.hibernate.event.internal.AbstractSaveEventListener.performSaveOrReplicate(AbstractSaveEventListener.java:300)
	at org.hibernate.event.internal.AbstractSaveEventListener.performSave(AbstractSaveEventListener.java:219)
	at org.hibernate.event.internal.AbstractSaveEventListener.saveWithGeneratedId(AbstractSaveEventListener.java:134)
	at org.hibernate.event.internal.DefaultPersistEventListener.entityIsTransient(DefaultPersistEventListener.java:175)
	at org.hibernate.event.internal.DefaultPersistEventListener.persist(DefaultPersistEventListener.java:93)
	at org.hibernate.event.internal.DefaultPersistEventListener.onPersist(DefaultPersistEventListener.java:77)
	at org.hibernate.event.internal.DefaultPersistEventListener.onPersist(DefaultPersistEventListener.java:54)
	at org.hibernate.event.service.internal.EventListenerGroupImpl.fireEventOnEachListener(EventListenerGroupImpl.java:127)
	at org.hibernate.internal.SessionImpl.firePersist(SessionImpl.java:754)
	at org.hibernate.internal.SessionImpl.persist(SessionImpl.java:738)
	at java.base/jdk.internal.reflect.NativeMethodAccessorImpl.invoke0(Native Method)
	at java.base/jdk.internal.reflect.NativeMethodAccessorImpl.invoke(NativeMethodAccessorImpl.java:77)
	at java.base/jdk.internal.reflect.DelegatingMethodAccessorImpl.invoke(DelegatingMethodAccessorImpl.java:43)
	at java.base/java.lang.reflect.Method.invoke(Method.java:568)
	at org.springframework.orm.jpa.ExtendedEntityManagerCreator$ExtendedEntityManagerInvocationHandler.invoke(ExtendedEntityManagerCreator.java:364)
	at jdk.proxy2/jdk.proxy2.$Proxy130.persist(Unknown Source)
	at java.base/jdk.internal.reflect.NativeMethodAccessorImpl.invoke0(Native Method)
	at java.base/jdk.internal.reflect.NativeMethodAccessorImpl.invoke(NativeMethodAccessorImpl.java:77)
	at java.base/jdk.internal.reflect.DelegatingMethodAccessorImpl.invoke(DelegatingMethodAccessorImpl.java:43)
	at java.base/java.lang.reflect.Method.invoke(Method.java:568)
	at org.springframework.orm.jpa.SharedEntityManagerCreator$SharedEntityManagerInvocationHandler.invoke(SharedEntityManagerCreator.java:319)
	at jdk.proxy2/jdk.proxy2.$Proxy130.persist(Unknown Source)
	at org.springframework.data.jpa.repository.support.SimpleJpaRepository.save(SimpleJpaRepository.java:618)
	at java.base/jdk.internal.reflect.NativeMethodAccessorImpl.invoke0(Native Method)
	at java.base/jdk.internal.reflect.NativeMethodAccessorImpl.invoke(NativeMethodAccessorImpl.java:77)
	at java.base/jdk.internal.reflect.DelegatingMethodAccessorImpl.invoke(DelegatingMethodAccessorImpl.java:43)
	at java.base/java.lang.reflect.Method.invoke(Method.java:568)
	at org.springframework.aop.support.AopUtils.invokeJoinpointUsingReflection(AopUtils.java:354)
	at org.springframework.data.repository.core.support.RepositoryMethodInvoker$RepositoryFragmentMethodInvoker.lambda$new$0(RepositoryMethodInvoker.java:277)
	at org.springframework.data.repository.core.support.RepositoryMethodInvoker.doInvoke(RepositoryMethodInvoker.java:170)
	at org.springframework.data.repository.core.support.RepositoryMethodInvoker.invoke(RepositoryMethodInvoker.java:158)
	at org.springframework.data.repository.core.support.RepositoryComposition$RepositoryFragments.invoke(RepositoryComposition.java:516)
	at org.springframework.data.repository.core.support.RepositoryComposition.invoke(RepositoryComposition.java:285)
	at org.springframework.data.repository.core.support.RepositoryFactorySupport$ImplementationMethodExecutionInterceptor.invoke(RepositoryFactorySupport.java:628)
	at org.springframework.aop.framework.ReflectiveMethodInvocation.proceed(ReflectiveMethodInvocation.java:184)
	at org.springframework.data.repository.core.support.QueryExecutorMethodInterceptor.doInvoke(QueryExecutorMethodInterceptor.java:168)
	at org.springframework.data.repository.core.support.QueryExecutorMethodInterceptor.invoke(QueryExecutorMethodInterceptor.java:143)
	at org.springframework.aop.framework.ReflectiveMethodInvocation.proceed(ReflectiveMethodInvocation.java:184)
	at org.springframework.data.projection.DefaultMethodInvokingMethodInterceptor.invoke(DefaultMethodInvokingMethodInterceptor.java:70)
	at org.springframework.aop.framework.ReflectiveMethodInvocation.proceed(ReflectiveMethodInvocation.java:184)
	at org.springframework.transaction.interceptor.TransactionInterceptor$1.proceedWithInvocation(TransactionInterceptor.java:123)
	at org.springframework.transaction.interceptor.TransactionAspectSupport.invokeWithinTransaction(TransactionAspectSupport.java:392)
	at org.springframework.transaction.interceptor.TransactionInterceptor.invoke(TransactionInterceptor.java:119)
	at org.springframework.aop.framework.ReflectiveMethodInvocation.proceed(ReflectiveMethodInvocation.java:184)
	at org.springframework.dao.support.PersistenceExceptionTranslationInterceptor.invoke(PersistenceExceptionTranslationInterceptor.java:137)
	... 74 common frames omitted
Caused by: org.postgresql.util.PSQLException: ERRO: o valor nulo na coluna "perfil" da relação "cliente" viola a restrição de não-nulo
  Detalhe: Registro que falhou contém (4, 958, ROGER MACHADO, 123458, null).
	at org.postgresql.core.v3.QueryExecutorImpl.receiveErrorResponse(QueryExecutorImpl.java:2713)
	at org.postgresql.core.v3.QueryExecutorImpl.processResults(QueryExecutorImpl.java:2401)
	at org.postgresql.core.v3.QueryExecutorImpl.execute(QueryExecutorImpl.java:368)
	at org.postgresql.jdbc.PgStatement.executeInternal(PgStatement.java:498)
	at org.postgresql.jdbc.PgStatement.execute(PgStatement.java:415)
	at org.postgresql.jdbc.PgPreparedStatement.executeWithFlags(PgPreparedStatement.java:190)
	at org.postgresql.jdbc.PgPreparedStatement.executeUpdate(PgPreparedStatement.java:152)
	at com.zaxxer.hikari.pool.ProxyPreparedStatement.executeUpdate(ProxyPreparedStatement.java:61)
	at com.zaxxer.hikari.pool.HikariProxyPreparedStatement.executeUpdate(HikariProxyPreparedStatement.java)
	at org.hibernate.engine.jdbc.internal.ResultSetReturnImpl.executeUpdate(ResultSetReturnImpl.java:194)
	... 130 common frames omitted
2026-09-18 16:57:43 [SpringApplicationShutdownHook] INFO  com.zaxxer.hikari.HikariDataSource - HikariPool-1 - Shutdown initiated...
2026-09-18 16:57:43 [SpringApplicationShutdownHook] INFO  com.zaxxer.hikari.HikariDataSource - HikariPool-1 - Shutdown completed.
2026-09-18 16:57:52 [main] INFO  c.a.demo.DemoApplication - Starting DemoApplication using Java 17.0.12 with PID 9796 (C:\BackPj\demo\target\classes started by lucas in C:\BackPj)
2026-09-18 16:57:52 [main] INFO  c.a.demo.DemoApplication - No active profile set, falling back to 1 default profile: "default"
2026-09-18 16:57:54 [main] INFO  o.a.catalina.core.StandardService - Starting service [Tomcat]
2026-09-18 16:57:54 [main] INFO  o.a.catalina.core.StandardEngine - Starting Servlet engine: [Apache Tomcat/10.1.20]
2026-09-18 16:57:55 [main] INFO  o.a.c.c.C.[Tomcat].[localhost].[/] - Initializing Spring embedded WebApplicationContext
2026-09-18 16:57:55 [main] INFO  com.zaxxer.hikari.HikariDataSource - HikariPool-1 - Starting...
2026-09-18 16:57:55 [main] INFO  com.zaxxer.hikari.pool.HikariPool - HikariPool-1 - Added connection org.postgresql.jdbc.PgConnection@475f5672
2026-09-18 16:57:55 [main] INFO  com.zaxxer.hikari.HikariDataSource - HikariPool-1 - Start completed.
2026-09-18 16:57:55 [main] INFO  o.f.c.i.license.VersionPrinter - Flyway Community Edition 9.22.3 by Redgate
2026-09-18 16:57:55 [main] INFO  o.f.c.i.license.VersionPrinter - See release notes here: https://rd.gt/416ObMi
2026-09-18 16:57:55 [main] INFO  o.f.c.i.license.VersionPrinter - 
2026-09-18 16:57:55 [main] INFO  org.flywaydb.core.FlywayExecutor - Database: jdbc:postgresql://localhost:5432/bdAutoCenterSilva (PostgreSQL 18.3)
2026-09-18 16:57:55 [main] WARN  o.f.c.i.database.base.Database - Flyway upgrade recommended: PostgreSQL 18.3 is newer than this version of Flyway and support has not been tested. The latest supported version of PostgreSQL is 15.
2026-09-18 16:57:55 [main] INFO  o.f.core.internal.command.DbValidate - Successfully validated 10 migrations (execution time 00:00.065s)
2026-09-18 16:57:55 [main] INFO  o.f.core.internal.command.DbMigrate - Current version of schema "public": 10
2026-09-18 16:57:55 [main] INFO  o.f.core.internal.command.DbMigrate - Schema "public" is up to date. No migration necessary.
2026-09-18 16:57:55 [main] INFO  o.h.jpa.internal.util.LogHelper - HHH000204: Processing PersistenceUnitInfo [name: default]
2026-09-18 16:57:55 [main] INFO  org.hibernate.Version - HHH000412: Hibernate ORM core version 6.4.4.Final
2026-09-18 16:57:55 [main] INFO  o.h.c.i.RegionFactoryInitiator - HHH000026: Second-level cache disabled
2026-09-18 16:57:56 [main] WARN  org.hibernate.orm.deprecation - HHH90000025: PostgreSQLDialect does not need to be specified explicitly using 'hibernate.dialect' (remove the property setting and it will be selected by default)
2026-09-18 16:57:57 [main] INFO  o.h.e.t.j.p.i.JtaPlatformInitiator - HHH000489: No JTA platform available (set 'hibernate.transaction.jta.platform' to enable JTA platform integration)
2026-09-18 16:57:58 [main] WARN  o.s.b.a.o.j.JpaBaseConfiguration$JpaWebConfiguration - spring.jpa.open-in-view is enabled by default. Therefore, database queries may be performed during view rendering. Explicitly configure spring.jpa.open-in-view to disable this warning
2026-09-18 16:57:59 [main] INFO  c.a.demo.DemoApplication - Started DemoApplication in 8.349 seconds (process running for 9.632)
2026-09-18 16:58:38 [http-nio-8080-exec-1] INFO  o.a.c.c.C.[Tomcat].[localhost].[/] - Initializing Spring DispatcherServlet 'dispatcherServlet'
2026-09-18 16:58:39 [http-nio-8080-exec-1] INFO  c.a.d.controller.ClientesController - Requisição recebida: POST -  /api/cliente/criar com.autoCenterSilva.demo.dto.request.cliente.ClienteCreatRequest@380e0958
2026-09-18 16:58:39 [http-nio-8080-exec-1] WARN  o.h.e.jdbc.spi.SqlExceptionHelper - SQL Error: 0, SQLState: 23505
2026-09-18 16:58:39 [http-nio-8080-exec-1] ERROR o.h.e.jdbc.spi.SqlExceptionHelper - ERRO: duplicar valor da chave viola a restrição de unicidade "cliente_telefone_key"
  Detalhe: Chave (telefone)=(958) já existe.
2026-09-18 16:58:39 [http-nio-8080-exec-1] ERROR c.a.d.c.GlobalExceptionHandler - Erro crítico não tratado no sistema: 
org.springframework.dao.DataIntegrityViolationException: could not execute statement [ERRO: duplicar valor da chave viola a restrição de unicidade "cliente_telefone_key"
  Detalhe: Chave (telefone)=(958) já existe.] [insert into cliente (nome,perfil,senha,telefone) values (?,?,?,?)]; SQL [insert into cliente (nome,perfil,senha,telefone) values (?,?,?,?)]; constraint [null]
	at org.springframework.orm.jpa.vendor.HibernateJpaDialect.convertHibernateAccessException(HibernateJpaDialect.java:290)
	at org.springframework.orm.jpa.vendor.HibernateJpaDialect.translateExceptionIfPossible(HibernateJpaDialect.java:241)
	at org.springframework.orm.jpa.AbstractEntityManagerFactoryBean.translateExceptionIfPossible(AbstractEntityManagerFactoryBean.java:550)
	at org.springframework.dao.support.ChainedPersistenceExceptionTranslator.translateExceptionIfPossible(ChainedPersistenceExceptionTranslator.java:61)
	at org.springframework.dao.support.DataAccessUtils.translateIfNecessary(DataAccessUtils.java:335)
	at org.springframework.dao.support.PersistenceExceptionTranslationInterceptor.invoke(PersistenceExceptionTranslationInterceptor.java:152)
	at org.springframework.aop.framework.ReflectiveMethodInvocation.proceed(ReflectiveMethodInvocation.java:184)
	at org.springframework.data.jpa.repository.support.CrudMethodMetadataPostProcessor$CrudMethodMetadataPopulatingMethodInterceptor.invoke(CrudMethodMetadataPostProcessor.java:164)
	at org.springframework.aop.framework.ReflectiveMethodInvocation.proceed(ReflectiveMethodInvocation.java:184)
	at org.springframework.aop.interceptor.ExposeInvocationInterceptor.invoke(ExposeInvocationInterceptor.java:97)
	at org.springframework.aop.framework.ReflectiveMethodInvocation.proceed(ReflectiveMethodInvocation.java:184)
	at org.springframework.aop.framework.JdkDynamicAopProxy.invoke(JdkDynamicAopProxy.java:223)
	at jdk.proxy2/jdk.proxy2.$Proxy140.save(Unknown Source)
	at com.autoCenterSilva.demo.service.ClientesService.salvarCliente(ClientesService.java:54)
	at java.base/jdk.internal.reflect.NativeMethodAccessorImpl.invoke0(Native Method)
	at java.base/jdk.internal.reflect.NativeMethodAccessorImpl.invoke(NativeMethodAccessorImpl.java:77)
	at java.base/jdk.internal.reflect.DelegatingMethodAccessorImpl.invoke(DelegatingMethodAccessorImpl.java:43)
	at java.base/java.lang.reflect.Method.invoke(Method.java:568)
	at org.springframework.aop.support.AopUtils.invokeJoinpointUsingReflection(AopUtils.java:354)
	at org.springframework.aop.framework.ReflectiveMethodInvocation.invokeJoinpoint(ReflectiveMethodInvocation.java:196)
	at org.springframework.aop.framework.ReflectiveMethodInvocation.proceed(ReflectiveMethodInvocation.java:163)
	at org.springframework.aop.framework.CglibAopProxy$CglibMethodInvocation.proceed(CglibAopProxy.java:768)
	at org.springframework.transaction.interceptor.TransactionInterceptor$1.proceedWithInvocation(TransactionInterceptor.java:123)
	at org.springframework.transaction.interceptor.TransactionAspectSupport.invokeWithinTransaction(TransactionAspectSupport.java:392)
	at org.springframework.transaction.interceptor.TransactionInterceptor.invoke(TransactionInterceptor.java:119)
	at org.springframework.aop.framework.ReflectiveMethodInvocation.proceed(ReflectiveMethodInvocation.java:184)
	at org.springframework.aop.framework.CglibAopProxy$CglibMethodInvocation.proceed(CglibAopProxy.java:768)
	at org.springframework.aop.framework.CglibAopProxy$DynamicAdvisedInterceptor.intercept(CglibAopProxy.java:720)
	at com.autoCenterSilva.demo.service.ClientesService$$SpringCGLIB$$0.salvarCliente(<generated>)
	at com.autoCenterSilva.demo.controller.ClientesController.salvar(ClientesController.java:32)
	at java.base/jdk.internal.reflect.NativeMethodAccessorImpl.invoke0(Native Method)
	at java.base/jdk.internal.reflect.NativeMethodAccessorImpl.invoke(NativeMethodAccessorImpl.java:77)
	at java.base/jdk.internal.reflect.DelegatingMethodAccessorImpl.invoke(DelegatingMethodAccessorImpl.java:43)
	at java.base/java.lang.reflect.Method.invoke(Method.java:568)
	at org.springframework.web.method.support.InvocableHandlerMethod.doInvoke(InvocableHandlerMethod.java:255)
	at org.springframework.web.method.support.InvocableHandlerMethod.invokeForRequest(InvocableHandlerMethod.java:188)
	at org.springframework.web.servlet.mvc.method.annotation.ServletInvocableHandlerMethod.invokeAndHandle(ServletInvocableHandlerMethod.java:118)
	at org.springframework.web.servlet.mvc.method.annotation.RequestMappingHandlerAdapter.invokeHandlerMethod(RequestMappingHandlerAdapter.java:926)
	at org.springframework.web.servlet.mvc.method.annotation.RequestMappingHandlerAdapter.handleInternal(RequestMappingHandlerAdapter.java:831)
	at org.springframework.web.servlet.mvc.method.AbstractHandlerMethodAdapter.handle(AbstractHandlerMethodAdapter.java:87)
	at org.springframework.web.servlet.DispatcherServlet.doDispatch(DispatcherServlet.java:1089)
	at org.springframework.web.servlet.DispatcherServlet.doService(DispatcherServlet.java:979)
	at org.springframework.web.servlet.FrameworkServlet.processRequest(FrameworkServlet.java:1014)
	at org.springframework.web.servlet.FrameworkServlet.doPost(FrameworkServlet.java:914)
	at jakarta.servlet.http.HttpServlet.service(HttpServlet.java:590)
	at org.springframework.web.servlet.FrameworkServlet.service(FrameworkServlet.java:885)
	at jakarta.servlet.http.HttpServlet.service(HttpServlet.java:658)
	at org.apache.catalina.core.ApplicationFilterChain.internalDoFilter(ApplicationFilterChain.java:206)
	at org.apache.catalina.core.ApplicationFilterChain.doFilter(ApplicationFilterChain.java:150)
	at org.apache.tomcat.websocket.server.WsFilter.doFilter(WsFilter.java:51)
	at org.apache.catalina.core.ApplicationFilterChain.internalDoFilter(ApplicationFilterChain.java:175)
	at org.apache.catalina.core.ApplicationFilterChain.doFilter(ApplicationFilterChain.java:150)
	at org.springframework.web.filter.RequestContextFilter.doFilterInternal(RequestContextFilter.java:100)
	at org.springframework.web.filter.OncePerRequestFilter.doFilter(OncePerRequestFilter.java:116)
	at org.apache.catalina.core.ApplicationFilterChain.internalDoFilter(ApplicationFilterChain.java:175)
	at org.apache.catalina.core.ApplicationFilterChain.doFilter(ApplicationFilterChain.java:150)
	at org.springframework.web.filter.FormContentFilter.doFilterInternal(FormContentFilter.java:93)
	at org.springframework.web.filter.OncePerRequestFilter.doFilter(OncePerRequestFilter.java:116)
	at org.apache.catalina.core.ApplicationFilterChain.internalDoFilter(ApplicationFilterChain.java:175)
	at org.apache.catalina.core.ApplicationFilterChain.doFilter(ApplicationFilterChain.java:150)
	at org.springframework.web.filter.CharacterEncodingFilter.doFilterInternal(CharacterEncodingFilter.java:201)
	at org.springframework.web.filter.OncePerRequestFilter.doFilter(OncePerRequestFilter.java:116)
	at org.apache.catalina.core.ApplicationFilterChain.internalDoFilter(ApplicationFilterChain.java:175)
	at org.apache.catalina.core.ApplicationFilterChain.doFilter(ApplicationFilterChain.java:150)
	at org.apache.catalina.core.StandardWrapperValve.invoke(StandardWrapperValve.java:167)
	at org.apache.catalina.core.StandardContextValve.invoke(StandardContextValve.java:90)
	at org.apache.catalina.authenticator.AuthenticatorBase.invoke(AuthenticatorBase.java:482)
	at org.apache.catalina.core.StandardHostValve.invoke(StandardHostValve.java:115)
	at org.apache.catalina.valves.ErrorReportValve.invoke(ErrorReportValve.java:93)
	at org.apache.catalina.core.StandardEngineValve.invoke(StandardEngineValve.java:74)
	at org.apache.catalina.connector.CoyoteAdapter.service(CoyoteAdapter.java:344)
	at org.apache.coyote.http11.Http11Processor.service(Http11Processor.java:391)
	at org.apache.coyote.AbstractProcessorLight.process(AbstractProcessorLight.java:63)
	at org.apache.coyote.AbstractProtocol$ConnectionHandler.process(AbstractProtocol.java:896)
	at org.apache.tomcat.util.net.NioEndpoint$SocketProcessor.doRun(NioEndpoint.java:1736)
	at org.apache.tomcat.util.net.SocketProcessorBase.run(SocketProcessorBase.java:52)
	at org.apache.tomcat.util.threads.ThreadPoolExecutor.runWorker(ThreadPoolExecutor.java:1191)
	at org.apache.tomcat.util.threads.ThreadPoolExecutor$Worker.run(ThreadPoolExecutor.java:659)
	at org.apache.tomcat.util.threads.TaskThread$WrappingRunnable.run(TaskThread.java:63)
	at java.base/java.lang.Thread.run(Thread.java:842)
Caused by: org.hibernate.exception.ConstraintViolationException: could not execute statement [ERRO: duplicar valor da chave viola a restrição de unicidade "cliente_telefone_key"
  Detalhe: Chave (telefone)=(958) já existe.] [insert into cliente (nome,perfil,senha,telefone) values (?,?,?,?)]
	at org.hibernate.exception.internal.SQLStateConversionDelegate.convert(SQLStateConversionDelegate.java:97)
	at org.hibernate.exception.internal.StandardSQLExceptionConverter.convert(StandardSQLExceptionConverter.java:58)
	at org.hibernate.engine.jdbc.spi.SqlExceptionHelper.convert(SqlExceptionHelper.java:108)
	at org.hibernate.engine.jdbc.internal.ResultSetReturnImpl.executeUpdate(ResultSetReturnImpl.java:197)
	at org.hibernate.id.insert.GetGeneratedKeysDelegate.performInsert(GetGeneratedKeysDelegate.java:107)
	at org.hibernate.engine.jdbc.mutation.internal.MutationExecutorPostInsertSingleTable.execute(MutationExecutorPostInsertSingleTable.java:100)
	at org.hibernate.persister.entity.mutation.InsertCoordinator.doStaticInserts(InsertCoordinator.java:175)
	at org.hibernate.persister.entity.mutation.InsertCoordinator.coordinateInsert(InsertCoordinator.java:113)
	at org.hibernate.persister.entity.AbstractEntityPersister.insert(AbstractEntityPersister.java:2868)
	at org.hibernate.action.internal.EntityIdentityInsertAction.execute(EntityIdentityInsertAction.java:81)
	at org.hibernate.engine.spi.ActionQueue.execute(ActionQueue.java:670)
	at org.hibernate.engine.spi.ActionQueue.addResolvedEntityInsertAction(ActionQueue.java:291)
	at org.hibernate.engine.spi.ActionQueue.addInsertAction(ActionQueue.java:272)
	at org.hibernate.engine.spi.ActionQueue.addAction(ActionQueue.java:322)
	at org.hibernate.event.internal.AbstractSaveEventListener.addInsertAction(AbstractSaveEventListener.java:386)
	at org.hibernate.event.internal.AbstractSaveEventListener.performSaveOrReplicate(AbstractSaveEventListener.java:300)
	at org.hibernate.event.internal.AbstractSaveEventListener.performSave(AbstractSaveEventListener.java:219)
	at org.hibernate.event.internal.AbstractSaveEventListener.saveWithGeneratedId(AbstractSaveEventListener.java:134)
	at org.hibernate.event.internal.DefaultPersistEventListener.entityIsTransient(DefaultPersistEventListener.java:175)
	at org.hibernate.event.internal.DefaultPersistEventListener.persist(DefaultPersistEventListener.java:93)
	at org.hibernate.event.internal.DefaultPersistEventListener.onPersist(DefaultPersistEventListener.java:77)
	at org.hibernate.event.internal.DefaultPersistEventListener.onPersist(DefaultPersistEventListener.java:54)
	at org.hibernate.event.service.internal.EventListenerGroupImpl.fireEventOnEachListener(EventListenerGroupImpl.java:127)
	at org.hibernate.internal.SessionImpl.firePersist(SessionImpl.java:754)
	at org.hibernate.internal.SessionImpl.persist(SessionImpl.java:738)
	at java.base/jdk.internal.reflect.NativeMethodAccessorImpl.invoke0(Native Method)
	at java.base/jdk.internal.reflect.NativeMethodAccessorImpl.invoke(NativeMethodAccessorImpl.java:77)
	at java.base/jdk.internal.reflect.DelegatingMethodAccessorImpl.invoke(DelegatingMethodAccessorImpl.java:43)
	at java.base/java.lang.reflect.Method.invoke(Method.java:568)
	at org.springframework.orm.jpa.ExtendedEntityManagerCreator$ExtendedEntityManagerInvocationHandler.invoke(ExtendedEntityManagerCreator.java:364)
	at jdk.proxy2/jdk.proxy2.$Proxy130.persist(Unknown Source)
	at java.base/jdk.internal.reflect.NativeMethodAccessorImpl.invoke0(Native Method)
	at java.base/jdk.internal.reflect.NativeMethodAccessorImpl.invoke(NativeMethodAccessorImpl.java:77)
	at java.base/jdk.internal.reflect.DelegatingMethodAccessorImpl.invoke(DelegatingMethodAccessorImpl.java:43)
	at java.base/java.lang.reflect.Method.invoke(Method.java:568)
	at org.springframework.orm.jpa.SharedEntityManagerCreator$SharedEntityManagerInvocationHandler.invoke(SharedEntityManagerCreator.java:319)
	at jdk.proxy2/jdk.proxy2.$Proxy130.persist(Unknown Source)
	at org.springframework.data.jpa.repository.support.SimpleJpaRepository.save(SimpleJpaRepository.java:618)
	at java.base/jdk.internal.reflect.NativeMethodAccessorImpl.invoke0(Native Method)
	at java.base/jdk.internal.reflect.NativeMethodAccessorImpl.invoke(NativeMethodAccessorImpl.java:77)
	at java.base/jdk.internal.reflect.DelegatingMethodAccessorImpl.invoke(DelegatingMethodAccessorImpl.java:43)
	at java.base/java.lang.reflect.Method.invoke(Method.java:568)
	at org.springframework.aop.support.AopUtils.invokeJoinpointUsingReflection(AopUtils.java:354)
	at org.springframework.data.repository.core.support.RepositoryMethodInvoker$RepositoryFragmentMethodInvoker.lambda$new$0(RepositoryMethodInvoker.java:277)
	at org.springframework.data.repository.core.support.RepositoryMethodInvoker.doInvoke(RepositoryMethodInvoker.java:170)
	at org.springframework.data.repository.core.support.RepositoryMethodInvoker.invoke(RepositoryMethodInvoker.java:158)
	at org.springframework.data.repository.core.support.RepositoryComposition$RepositoryFragments.invoke(RepositoryComposition.java:516)
	at org.springframework.data.repository.core.support.RepositoryComposition.invoke(RepositoryComposition.java:285)
	at org.springframework.data.repository.core.support.RepositoryFactorySupport$ImplementationMethodExecutionInterceptor.invoke(RepositoryFactorySupport.java:628)
	at org.springframework.aop.framework.ReflectiveMethodInvocation.proceed(ReflectiveMethodInvocation.java:184)
	at org.springframework.data.repository.core.support.QueryExecutorMethodInterceptor.doInvoke(QueryExecutorMethodInterceptor.java:168)
	at org.springframework.data.repository.core.support.QueryExecutorMethodInterceptor.invoke(QueryExecutorMethodInterceptor.java:143)
	at org.springframework.aop.framework.ReflectiveMethodInvocation.proceed(ReflectiveMethodInvocation.java:184)
	at org.springframework.data.projection.DefaultMethodInvokingMethodInterceptor.invoke(DefaultMethodInvokingMethodInterceptor.java:70)
	at org.springframework.aop.framework.ReflectiveMethodInvocation.proceed(ReflectiveMethodInvocation.java:184)
	at org.springframework.transaction.interceptor.TransactionInterceptor$1.proceedWithInvocation(TransactionInterceptor.java:123)
	at org.springframework.transaction.interceptor.TransactionAspectSupport.invokeWithinTransaction(TransactionAspectSupport.java:392)
	at org.springframework.transaction.interceptor.TransactionInterceptor.invoke(TransactionInterceptor.java:119)
	at org.springframework.aop.framework.ReflectiveMethodInvocation.proceed(ReflectiveMethodInvocation.java:184)
	at org.springframework.dao.support.PersistenceExceptionTranslationInterceptor.invoke(PersistenceExceptionTranslationInterceptor.java:137)
	... 74 common frames omitted
Caused by: org.postgresql.util.PSQLException: ERRO: duplicar valor da chave viola a restrição de unicidade "cliente_telefone_key"
  Detalhe: Chave (telefone)=(958) já existe.
	at org.postgresql.core.v3.QueryExecutorImpl.receiveErrorResponse(QueryExecutorImpl.java:2713)
	at org.postgresql.core.v3.QueryExecutorImpl.processResults(QueryExecutorImpl.java:2401)
	at org.postgresql.core.v3.QueryExecutorImpl.execute(QueryExecutorImpl.java:368)
	at org.postgresql.jdbc.PgStatement.executeInternal(PgStatement.java:498)
	at org.postgresql.jdbc.PgStatement.execute(PgStatement.java:415)
	at org.postgresql.jdbc.PgPreparedStatement.executeWithFlags(PgPreparedStatement.java:190)
	at org.postgresql.jdbc.PgPreparedStatement.executeUpdate(PgPreparedStatement.java:152)
	at com.zaxxer.hikari.pool.ProxyPreparedStatement.executeUpdate(ProxyPreparedStatement.java:61)
	at com.zaxxer.hikari.pool.HikariProxyPreparedStatement.executeUpdate(HikariProxyPreparedStatement.java)
	at org.hibernate.engine.jdbc.internal.ResultSetReturnImpl.executeUpdate(ResultSetReturnImpl.java:194)
	... 130 common frames omitted
2026-09-18 16:59:07 [http-nio-8080-exec-2] INFO  c.a.d.controller.ClientesController - Requisição recebida: POST -  /api/cliente/criar com.autoCenterSilva.demo.dto.request.cliente.ClienteCreatRequest@681d63a4
2026-09-18 16:59:51 [SpringApplicationShutdownHook] INFO  com.zaxxer.hikari.HikariDataSource - HikariPool-1 - Shutdown initiated...
2026-09-18 16:59:51 [SpringApplicationShutdownHook] INFO  com.zaxxer.hikari.HikariDataSource - HikariPool-1 - Shutdown completed.
2026-09-18 17:00:17 [main] INFO  c.a.demo.DemoApplication - Starting DemoApplication using Java 17.0.12 with PID 17792 (C:\BackPj\demo\target\classes started by lucas in C:\BackPj)
2026-09-18 17:00:17 [main] INFO  c.a.demo.DemoApplication - No active profile set, falling back to 1 default profile: "default"
2026-09-18 17:00:19 [main] INFO  com.zaxxer.hikari.HikariDataSource - HikariPool-1 - Starting...
2026-09-18 17:00:20 [main] INFO  com.zaxxer.hikari.pool.HikariPool - HikariPool-1 - Added connection org.postgresql.jdbc.PgConnection@66d25ba9
2026-09-18 17:00:20 [main] INFO  com.zaxxer.hikari.HikariDataSource - HikariPool-1 - Start completed.
2026-09-18 17:00:20 [main] INFO  o.f.c.i.license.VersionPrinter - Flyway Community Edition 9.22.3 by Redgate
2026-09-18 17:00:20 [main] INFO  o.f.c.i.license.VersionPrinter - See release notes here: https://rd.gt/416ObMi
2026-09-18 17:00:20 [main] INFO  o.f.c.i.license.VersionPrinter - 
2026-09-18 17:00:20 [main] INFO  org.flywaydb.core.FlywayExecutor - Database: jdbc:postgresql://localhost:5432/bdAutoCenterSilva (PostgreSQL 18.3)
2026-09-18 17:00:20 [main] WARN  o.f.c.i.database.base.Database - Flyway upgrade recommended: PostgreSQL 18.3 is newer than this version of Flyway and support has not been tested. The latest supported version of PostgreSQL is 15.
2026-09-18 17:00:20 [main] INFO  o.f.core.internal.command.DbValidate - Successfully validated 10 migrations (execution time 00:00.092s)
2026-09-18 17:00:20 [main] INFO  o.f.core.internal.command.DbMigrate - Current version of schema "public": 10
2026-09-18 17:00:20 [main] INFO  o.f.core.internal.command.DbMigrate - Schema "public" is up to date. No migration necessary.
2026-09-18 17:00:20 [main] INFO  o.h.jpa.internal.util.LogHelper - HHH000204: Processing PersistenceUnitInfo [name: default]
2026-09-18 17:00:20 [main] INFO  org.hibernate.Version - HHH000412: Hibernate ORM core version 6.4.4.Final
2026-09-18 17:00:20 [main] INFO  o.h.c.i.RegionFactoryInitiator - HHH000026: Second-level cache disabled
2026-09-18 17:00:21 [main] WARN  org.hibernate.orm.deprecation - HHH90000025: PostgreSQLDialect does not need to be specified explicitly using 'hibernate.dialect' (remove the property setting and it will be selected by default)
2026-09-18 17:00:22 [main] INFO  o.h.e.t.j.p.i.JtaPlatformInitiator - HHH000489: No JTA platform available (set 'hibernate.transaction.jta.platform' to enable JTA platform integration)
2026-09-18 17:00:23 [main] WARN  o.s.b.a.o.j.JpaBaseConfiguration$JpaWebConfiguration - spring.jpa.open-in-view is enabled by default. Therefore, database queries may be performed during view rendering. Explicitly configure spring.jpa.open-in-view to disable this warning
2026-09-18 17:00:24 [main] INFO  c.a.demo.DemoApplication - Started DemoApplication in 8.238 seconds (process running for 8.981)
2026-09-18 17:00:24 [SpringApplicationShutdownHook] INFO  com.zaxxer.hikari.HikariDataSource - HikariPool-1 - Shutdown initiated...
2026-09-18 17:00:24 [SpringApplicationShutdownHook] INFO  com.zaxxer.hikari.HikariDataSource - HikariPool-1 - Shutdown completed.
2026-09-18 17:00:32 [main] INFO  c.a.demo.DemoApplication - Starting DemoApplication using Java 17.0.12 with PID 25560 (C:\BackPj\demo\target\classes started by lucas in C:\BackPj)
2026-09-18 17:00:32 [main] INFO  c.a.demo.DemoApplication - No active profile set, falling back to 1 default profile: "default"
2026-09-18 17:00:34 [main] INFO  o.a.catalina.core.StandardService - Starting service [Tomcat]
2026-09-18 17:00:34 [main] INFO  o.a.catalina.core.StandardEngine - Starting Servlet engine: [Apache Tomcat/10.1.20]
2026-09-18 17:00:35 [main] INFO  o.a.c.c.C.[Tomcat].[localhost].[/] - Initializing Spring embedded WebApplicationContext
2026-09-18 17:00:35 [main] INFO  com.zaxxer.hikari.HikariDataSource - HikariPool-1 - Starting...
2026-09-18 17:00:35 [main] INFO  com.zaxxer.hikari.pool.HikariPool - HikariPool-1 - Added connection org.postgresql.jdbc.PgConnection@58feb6b0
2026-09-18 17:00:35 [main] INFO  com.zaxxer.hikari.HikariDataSource - HikariPool-1 - Start completed.
2026-09-18 17:00:35 [main] INFO  o.f.c.i.license.VersionPrinter - Flyway Community Edition 9.22.3 by Redgate
2026-09-18 17:00:35 [main] INFO  o.f.c.i.license.VersionPrinter - See release notes here: https://rd.gt/416ObMi
2026-09-18 17:00:35 [main] INFO  o.f.c.i.license.VersionPrinter - 
2026-09-18 17:00:35 [main] INFO  org.flywaydb.core.FlywayExecutor - Database: jdbc:postgresql://localhost:5432/bdAutoCenterSilva (PostgreSQL 18.3)
2026-09-18 17:00:35 [main] WARN  o.f.c.i.database.base.Database - Flyway upgrade recommended: PostgreSQL 18.3 is newer than this version of Flyway and support has not been tested. The latest supported version of PostgreSQL is 15.
2026-09-18 17:00:35 [main] INFO  o.f.core.internal.command.DbValidate - Successfully validated 10 migrations (execution time 00:00.107s)
2026-09-18 17:00:35 [main] INFO  o.f.core.internal.command.DbMigrate - Current version of schema "public": 10
2026-09-18 17:00:35 [main] INFO  o.f.core.internal.command.DbMigrate - Schema "public" is up to date. No migration necessary.
2026-09-18 17:00:36 [main] INFO  o.h.jpa.internal.util.LogHelper - HHH000204: Processing PersistenceUnitInfo [name: default]
2026-09-18 17:00:36 [main] INFO  org.hibernate.Version - HHH000412: Hibernate ORM core version 6.4.4.Final
2026-09-18 17:00:36 [main] INFO  o.h.c.i.RegionFactoryInitiator - HHH000026: Second-level cache disabled
2026-09-18 17:00:37 [main] WARN  org.hibernate.orm.deprecation - HHH90000025: PostgreSQLDialect does not need to be specified explicitly using 'hibernate.dialect' (remove the property setting and it will be selected by default)
2026-09-18 17:00:38 [main] INFO  o.h.e.t.j.p.i.JtaPlatformInitiator - HHH000489: No JTA platform available (set 'hibernate.transaction.jta.platform' to enable JTA platform integration)
2026-09-18 17:00:39 [main] WARN  o.s.b.a.o.j.JpaBaseConfiguration$JpaWebConfiguration - spring.jpa.open-in-view is enabled by default. Therefore, database queries may be performed during view rendering. Explicitly configure spring.jpa.open-in-view to disable this warning
2026-09-18 17:00:40 [main] INFO  c.a.demo.DemoApplication - Started DemoApplication in 8.414 seconds (process running for 9.104)
2026-09-18 17:01:13 [http-nio-8080-exec-1] INFO  o.a.c.c.C.[Tomcat].[localhost].[/] - Initializing Spring DispatcherServlet 'dispatcherServlet'
2026-09-18 17:01:14 [http-nio-8080-exec-1] INFO  c.a.d.controller.ClientesController - Requisição recebida: POST -  /api/cliente/criar com.autoCenterSilva.demo.dto.request.cliente.ClienteCreatRequest@63700a21
2026-09-18 17:01:14 [http-nio-8080-exec-1] WARN  o.h.e.jdbc.spi.SqlExceptionHelper - SQL Error: 0, SQLState: 23502
2026-09-18 17:01:14 [http-nio-8080-exec-1] ERROR o.h.e.jdbc.spi.SqlExceptionHelper - ERRO: o valor nulo na coluna "perfil" da relação "cliente" viola a restrição de não-nulo
  Detalhe: Registro que falhou contém (7, 554598, Luiza Marquesa, 123459, null).
2026-09-18 17:01:14 [http-nio-8080-exec-1] ERROR c.a.d.c.GlobalExceptionHandler - Erro crítico não tratado no sistema: 
org.springframework.dao.DataIntegrityViolationException: could not execute statement [ERRO: o valor nulo na coluna "perfil" da relação "cliente" viola a restrição de não-nulo
  Detalhe: Registro que falhou contém (7, 554598, Luiza Marquesa, 123459, null).] [insert into cliente (nome,perfil,senha,telefone) values (?,?,?,?)]; SQL [insert into cliente (nome,perfil,senha,telefone) values (?,?,?,?)]; constraint [null]
	at org.springframework.orm.jpa.vendor.HibernateJpaDialect.convertHibernateAccessException(HibernateJpaDialect.java:290)
	at org.springframework.orm.jpa.vendor.HibernateJpaDialect.translateExceptionIfPossible(HibernateJpaDialect.java:241)
	at org.springframework.orm.jpa.AbstractEntityManagerFactoryBean.translateExceptionIfPossible(AbstractEntityManagerFactoryBean.java:550)
	at org.springframework.dao.support.ChainedPersistenceExceptionTranslator.translateExceptionIfPossible(ChainedPersistenceExceptionTranslator.java:61)
	at org.springframework.dao.support.DataAccessUtils.translateIfNecessary(DataAccessUtils.java:335)
	at org.springframework.dao.support.PersistenceExceptionTranslationInterceptor.invoke(PersistenceExceptionTranslationInterceptor.java:152)
	at org.springframework.aop.framework.ReflectiveMethodInvocation.proceed(ReflectiveMethodInvocation.java:184)
	at org.springframework.data.jpa.repository.support.CrudMethodMetadataPostProcessor$CrudMethodMetadataPopulatingMethodInterceptor.invoke(CrudMethodMetadataPostProcessor.java:164)
	at org.springframework.aop.framework.ReflectiveMethodInvocation.proceed(ReflectiveMethodInvocation.java:184)
	at org.springframework.aop.interceptor.ExposeInvocationInterceptor.invoke(ExposeInvocationInterceptor.java:97)
	at org.springframework.aop.framework.ReflectiveMethodInvocation.proceed(ReflectiveMethodInvocation.java:184)
	at org.springframework.aop.framework.JdkDynamicAopProxy.invoke(JdkDynamicAopProxy.java:223)
	at jdk.proxy2/jdk.proxy2.$Proxy140.save(Unknown Source)
	at com.autoCenterSilva.demo.service.ClientesService.salvarCliente(ClientesService.java:53)
	at java.base/jdk.internal.reflect.NativeMethodAccessorImpl.invoke0(Native Method)
	at java.base/jdk.internal.reflect.NativeMethodAccessorImpl.invoke(NativeMethodAccessorImpl.java:77)
	at java.base/jdk.internal.reflect.DelegatingMethodAccessorImpl.invoke(DelegatingMethodAccessorImpl.java:43)
	at java.base/java.lang.reflect.Method.invoke(Method.java:568)
	at org.springframework.aop.support.AopUtils.invokeJoinpointUsingReflection(AopUtils.java:354)
	at org.springframework.aop.framework.ReflectiveMethodInvocation.invokeJoinpoint(ReflectiveMethodInvocation.java:196)
	at org.springframework.aop.framework.ReflectiveMethodInvocation.proceed(ReflectiveMethodInvocation.java:163)
	at org.springframework.aop.framework.CglibAopProxy$CglibMethodInvocation.proceed(CglibAopProxy.java:768)
	at org.springframework.transaction.interceptor.TransactionInterceptor$1.proceedWithInvocation(TransactionInterceptor.java:123)
	at org.springframework.transaction.interceptor.TransactionAspectSupport.invokeWithinTransaction(TransactionAspectSupport.java:392)
	at org.springframework.transaction.interceptor.TransactionInterceptor.invoke(TransactionInterceptor.java:119)
	at org.springframework.aop.framework.ReflectiveMethodInvocation.proceed(ReflectiveMethodInvocation.java:184)
	at org.springframework.aop.framework.CglibAopProxy$CglibMethodInvocation.proceed(CglibAopProxy.java:768)
	at org.springframework.aop.framework.CglibAopProxy$DynamicAdvisedInterceptor.intercept(CglibAopProxy.java:720)
	at com.autoCenterSilva.demo.service.ClientesService$$SpringCGLIB$$0.salvarCliente(<generated>)
	at com.autoCenterSilva.demo.controller.ClientesController.salvar(ClientesController.java:32)
	at java.base/jdk.internal.reflect.NativeMethodAccessorImpl.invoke0(Native Method)
	at java.base/jdk.internal.reflect.NativeMethodAccessorImpl.invoke(NativeMethodAccessorImpl.java:77)
	at java.base/jdk.internal.reflect.DelegatingMethodAccessorImpl.invoke(DelegatingMethodAccessorImpl.java:43)
	at java.base/java.lang.reflect.Method.invoke(Method.java:568)
	at org.springframework.web.method.support.InvocableHandlerMethod.doInvoke(InvocableHandlerMethod.java:255)
	at org.springframework.web.method.support.InvocableHandlerMethod.invokeForRequest(InvocableHandlerMethod.java:188)
	at org.springframework.web.servlet.mvc.method.annotation.ServletInvocableHandlerMethod.invokeAndHandle(ServletInvocableHandlerMethod.java:118)
	at org.springframework.web.servlet.mvc.method.annotation.RequestMappingHandlerAdapter.invokeHandlerMethod(RequestMappingHandlerAdapter.java:926)
	at org.springframework.web.servlet.mvc.method.annotation.RequestMappingHandlerAdapter.handleInternal(RequestMappingHandlerAdapter.java:831)
	at org.springframework.web.servlet.mvc.method.AbstractHandlerMethodAdapter.handle(AbstractHandlerMethodAdapter.java:87)
	at org.springframework.web.servlet.DispatcherServlet.doDispatch(DispatcherServlet.java:1089)
	at org.springframework.web.servlet.DispatcherServlet.doService(DispatcherServlet.java:979)
	at org.springframework.web.servlet.FrameworkServlet.processRequest(FrameworkServlet.java:1014)
	at org.springframework.web.servlet.FrameworkServlet.doPost(FrameworkServlet.java:914)
	at jakarta.servlet.http.HttpServlet.service(HttpServlet.java:590)
	at org.springframework.web.servlet.FrameworkServlet.service(FrameworkServlet.java:885)
	at jakarta.servlet.http.HttpServlet.service(HttpServlet.java:658)
	at org.apache.catalina.core.ApplicationFilterChain.internalDoFilter(ApplicationFilterChain.java:206)
	at org.apache.catalina.core.ApplicationFilterChain.doFilter(ApplicationFilterChain.java:150)
	at org.apache.tomcat.websocket.server.WsFilter.doFilter(WsFilter.java:51)
	at org.apache.catalina.core.ApplicationFilterChain.internalDoFilter(ApplicationFilterChain.java:175)
	at org.apache.catalina.core.ApplicationFilterChain.doFilter(ApplicationFilterChain.java:150)
	at org.springframework.web.filter.RequestContextFilter.doFilterInternal(RequestContextFilter.java:100)
	at org.springframework.web.filter.OncePerRequestFilter.doFilter(OncePerRequestFilter.java:116)
	at org.apache.catalina.core.ApplicationFilterChain.internalDoFilter(ApplicationFilterChain.java:175)
	at org.apache.catalina.core.ApplicationFilterChain.doFilter(ApplicationFilterChain.java:150)
	at org.springframework.web.filter.FormContentFilter.doFilterInternal(FormContentFilter.java:93)
	at org.springframework.web.filter.OncePerRequestFilter.doFilter(OncePerRequestFilter.java:116)
	at org.apache.catalina.core.ApplicationFilterChain.internalDoFilter(ApplicationFilterChain.java:175)
	at org.apache.catalina.core.ApplicationFilterChain.doFilter(ApplicationFilterChain.java:150)
	at org.springframework.web.filter.CharacterEncodingFilter.doFilterInternal(CharacterEncodingFilter.java:201)
	at org.springframework.web.filter.OncePerRequestFilter.doFilter(OncePerRequestFilter.java:116)
	at org.apache.catalina.core.ApplicationFilterChain.internalDoFilter(ApplicationFilterChain.java:175)
	at org.apache.catalina.core.ApplicationFilterChain.doFilter(ApplicationFilterChain.java:150)
	at org.apache.catalina.core.StandardWrapperValve.invoke(StandardWrapperValve.java:167)
	at org.apache.catalina.core.StandardContextValve.invoke(StandardContextValve.java:90)
	at org.apache.catalina.authenticator.AuthenticatorBase.invoke(AuthenticatorBase.java:482)
	at org.apache.catalina.core.StandardHostValve.invoke(StandardHostValve.java:115)
	at org.apache.catalina.valves.ErrorReportValve.invoke(ErrorReportValve.java:93)
	at org.apache.catalina.core.StandardEngineValve.invoke(StandardEngineValve.java:74)
	at org.apache.catalina.connector.CoyoteAdapter.service(CoyoteAdapter.java:344)
	at org.apache.coyote.http11.Http11Processor.service(Http11Processor.java:391)
	at org.apache.coyote.AbstractProcessorLight.process(AbstractProcessorLight.java:63)
	at org.apache.coyote.AbstractProtocol$ConnectionHandler.process(AbstractProtocol.java:896)
	at org.apache.tomcat.util.net.NioEndpoint$SocketProcessor.doRun(NioEndpoint.java:1736)
	at org.apache.tomcat.util.net.SocketProcessorBase.run(SocketProcessorBase.java:52)
	at org.apache.tomcat.util.threads.ThreadPoolExecutor.runWorker(ThreadPoolExecutor.java:1191)
	at org.apache.tomcat.util.threads.ThreadPoolExecutor$Worker.run(ThreadPoolExecutor.java:659)
	at org.apache.tomcat.util.threads.TaskThread$WrappingRunnable.run(TaskThread.java:63)
	at java.base/java.lang.Thread.run(Thread.java:842)
Caused by: org.hibernate.exception.ConstraintViolationException: could not execute statement [ERRO: o valor nulo na coluna "perfil" da relação "cliente" viola a restrição de não-nulo
  Detalhe: Registro que falhou contém (7, 554598, Luiza Marquesa, 123459, null).] [insert into cliente (nome,perfil,senha,telefone) values (?,?,?,?)]
	at org.hibernate.exception.internal.SQLStateConversionDelegate.convert(SQLStateConversionDelegate.java:97)
	at org.hibernate.exception.internal.StandardSQLExceptionConverter.convert(StandardSQLExceptionConverter.java:58)
	at org.hibernate.engine.jdbc.spi.SqlExceptionHelper.convert(SqlExceptionHelper.java:108)
	at org.hibernate.engine.jdbc.internal.ResultSetReturnImpl.executeUpdate(ResultSetReturnImpl.java:197)
	at org.hibernate.id.insert.GetGeneratedKeysDelegate.performInsert(GetGeneratedKeysDelegate.java:107)
	at org.hibernate.engine.jdbc.mutation.internal.MutationExecutorPostInsertSingleTable.execute(MutationExecutorPostInsertSingleTable.java:100)
	at org.hibernate.persister.entity.mutation.InsertCoordinator.doStaticInserts(InsertCoordinator.java:175)
	at org.hibernate.persister.entity.mutation.InsertCoordinator.coordinateInsert(InsertCoordinator.java:113)
	at org.hibernate.persister.entity.AbstractEntityPersister.insert(AbstractEntityPersister.java:2868)
	at org.hibernate.action.internal.EntityIdentityInsertAction.execute(EntityIdentityInsertAction.java:81)
	at org.hibernate.engine.spi.ActionQueue.execute(ActionQueue.java:670)
	at org.hibernate.engine.spi.ActionQueue.addResolvedEntityInsertAction(ActionQueue.java:291)
	at org.hibernate.engine.spi.ActionQueue.addInsertAction(ActionQueue.java:272)
	at org.hibernate.engine.spi.ActionQueue.addAction(ActionQueue.java:322)
	at org.hibernate.event.internal.AbstractSaveEventListener.addInsertAction(AbstractSaveEventListener.java:386)
	at org.hibernate.event.internal.AbstractSaveEventListener.performSaveOrReplicate(AbstractSaveEventListener.java:300)
	at org.hibernate.event.internal.AbstractSaveEventListener.performSave(AbstractSaveEventListener.java:219)
	at org.hibernate.event.internal.AbstractSaveEventListener.saveWithGeneratedId(AbstractSaveEventListener.java:134)
	at org.hibernate.event.internal.DefaultPersistEventListener.entityIsTransient(DefaultPersistEventListener.java:175)
	at org.hibernate.event.internal.DefaultPersistEventListener.persist(DefaultPersistEventListener.java:93)
	at org.hibernate.event.internal.DefaultPersistEventListener.onPersist(DefaultPersistEventListener.java:77)
	at org.hibernate.event.internal.DefaultPersistEventListener.onPersist(DefaultPersistEventListener.java:54)
	at org.hibernate.event.service.internal.EventListenerGroupImpl.fireEventOnEachListener(EventListenerGroupImpl.java:127)
	at org.hibernate.internal.SessionImpl.firePersist(SessionImpl.java:754)
	at org.hibernate.internal.SessionImpl.persist(SessionImpl.java:738)
	at java.base/jdk.internal.reflect.NativeMethodAccessorImpl.invoke0(Native Method)
	at java.base/jdk.internal.reflect.NativeMethodAccessorImpl.invoke(NativeMethodAccessorImpl.java:77)
	at java.base/jdk.internal.reflect.DelegatingMethodAccessorImpl.invoke(DelegatingMethodAccessorImpl.java:43)
	at java.base/java.lang.reflect.Method.invoke(Method.java:568)
	at org.springframework.orm.jpa.ExtendedEntityManagerCreator$ExtendedEntityManagerInvocationHandler.invoke(ExtendedEntityManagerCreator.java:364)
	at jdk.proxy2/jdk.proxy2.$Proxy130.persist(Unknown Source)
	at java.base/jdk.internal.reflect.NativeMethodAccessorImpl.invoke0(Native Method)
	at java.base/jdk.internal.reflect.NativeMethodAccessorImpl.invoke(NativeMethodAccessorImpl.java:77)
	at java.base/jdk.internal.reflect.DelegatingMethodAccessorImpl.invoke(DelegatingMethodAccessorImpl.java:43)
	at java.base/java.lang.reflect.Method.invoke(Method.java:568)
	at org.springframework.orm.jpa.SharedEntityManagerCreator$SharedEntityManagerInvocationHandler.invoke(SharedEntityManagerCreator.java:319)
	at jdk.proxy2/jdk.proxy2.$Proxy130.persist(Unknown Source)
	at org.springframework.data.jpa.repository.support.SimpleJpaRepository.save(SimpleJpaRepository.java:618)
	at java.base/jdk.internal.reflect.NativeMethodAccessorImpl.invoke0(Native Method)
	at java.base/jdk.internal.reflect.NativeMethodAccessorImpl.invoke(NativeMethodAccessorImpl.java:77)
	at java.base/jdk.internal.reflect.DelegatingMethodAccessorImpl.invoke(DelegatingMethodAccessorImpl.java:43)
	at java.base/java.lang.reflect.Method.invoke(Method.java:568)
	at org.springframework.aop.support.AopUtils.invokeJoinpointUsingReflection(AopUtils.java:354)
	at org.springframework.data.repository.core.support.RepositoryMethodInvoker$RepositoryFragmentMethodInvoker.lambda$new$0(RepositoryMethodInvoker.java:277)
	at org.springframework.data.repository.core.support.RepositoryMethodInvoker.doInvoke(RepositoryMethodInvoker.java:170)
	at org.springframework.data.repository.core.support.RepositoryMethodInvoker.invoke(RepositoryMethodInvoker.java:158)
	at org.springframework.data.repository.core.support.RepositoryComposition$RepositoryFragments.invoke(RepositoryComposition.java:516)
	at org.springframework.data.repository.core.support.RepositoryComposition.invoke(RepositoryComposition.java:285)
	at org.springframework.data.repository.core.support.RepositoryFactorySupport$ImplementationMethodExecutionInterceptor.invoke(RepositoryFactorySupport.java:628)
	at org.springframework.aop.framework.ReflectiveMethodInvocation.proceed(ReflectiveMethodInvocation.java:184)
	at org.springframework.data.repository.core.support.QueryExecutorMethodInterceptor.doInvoke(QueryExecutorMethodInterceptor.java:168)
	at org.springframework.data.repository.core.support.QueryExecutorMethodInterceptor.invoke(QueryExecutorMethodInterceptor.java:143)
	at org.springframework.aop.framework.ReflectiveMethodInvocation.proceed(ReflectiveMethodInvocation.java:184)
	at org.springframework.data.projection.DefaultMethodInvokingMethodInterceptor.invoke(DefaultMethodInvokingMethodInterceptor.java:70)
	at org.springframework.aop.framework.ReflectiveMethodInvocation.proceed(ReflectiveMethodInvocation.java:184)
	at org.springframework.transaction.interceptor.TransactionInterceptor$1.proceedWithInvocation(TransactionInterceptor.java:123)
	at org.springframework.transaction.interceptor.TransactionAspectSupport.invokeWithinTransaction(TransactionAspectSupport.java:392)
	at org.springframework.transaction.interceptor.TransactionInterceptor.invoke(TransactionInterceptor.java:119)
	at org.springframework.aop.framework.ReflectiveMethodInvocation.proceed(ReflectiveMethodInvocation.java:184)
	at org.springframework.dao.support.PersistenceExceptionTranslationInterceptor.invoke(PersistenceExceptionTranslationInterceptor.java:137)
	... 74 common frames omitted
Caused by: org.postgresql.util.PSQLException: ERRO: o valor nulo na coluna "perfil" da relação "cliente" viola a restrição de não-nulo
  Detalhe: Registro que falhou contém (7, 554598, Luiza Marquesa, 123459, null).
	at org.postgresql.core.v3.QueryExecutorImpl.receiveErrorResponse(QueryExecutorImpl.java:2713)
	at org.postgresql.core.v3.QueryExecutorImpl.processResults(QueryExecutorImpl.java:2401)
	at org.postgresql.core.v3.QueryExecutorImpl.execute(QueryExecutorImpl.java:368)
	at org.postgresql.jdbc.PgStatement.executeInternal(PgStatement.java:498)
	at org.postgresql.jdbc.PgStatement.execute(PgStatement.java:415)
	at org.postgresql.jdbc.PgPreparedStatement.executeWithFlags(PgPreparedStatement.java:190)
	at org.postgresql.jdbc.PgPreparedStatement.executeUpdate(PgPreparedStatement.java:152)
	at com.zaxxer.hikari.pool.ProxyPreparedStatement.executeUpdate(ProxyPreparedStatement.java:61)
	at com.zaxxer.hikari.pool.HikariProxyPreparedStatement.executeUpdate(HikariProxyPreparedStatement.java)
	at org.hibernate.engine.jdbc.internal.ResultSetReturnImpl.executeUpdate(ResultSetReturnImpl.java:194)
	... 130 common frames omitted
2026-09-18 17:01:21 [SpringApplicationShutdownHook] INFO  com.zaxxer.hikari.HikariDataSource - HikariPool-1 - Shutdown initiated...
2026-09-18 17:01:21 [SpringApplicationShutdownHook] INFO  com.zaxxer.hikari.HikariDataSource - HikariPool-1 - Shutdown completed.
2026-09-18 17:02:13 [main] INFO  c.a.demo.DemoApplication - Starting DemoApplication using Java 17.0.12 with PID 8524 (C:\BackPj\demo\target\classes started by lucas in C:\BackPj)
2026-09-18 17:02:13 [main] INFO  c.a.demo.DemoApplication - No active profile set, falling back to 1 default profile: "default"
2026-09-18 17:02:15 [main] INFO  o.a.catalina.core.StandardService - Starting service [Tomcat]
2026-09-18 17:02:15 [main] INFO  o.a.catalina.core.StandardEngine - Starting Servlet engine: [Apache Tomcat/10.1.20]
2026-09-18 17:02:15 [main] INFO  o.a.c.c.C.[Tomcat].[localhost].[/] - Initializing Spring embedded WebApplicationContext
2026-09-18 17:02:16 [main] INFO  com.zaxxer.hikari.HikariDataSource - HikariPool-1 - Starting...
2026-09-18 17:02:16 [main] INFO  com.zaxxer.hikari.pool.HikariPool - HikariPool-1 - Added connection org.postgresql.jdbc.PgConnection@3ebc955b
2026-09-18 17:02:16 [main] INFO  com.zaxxer.hikari.HikariDataSource - HikariPool-1 - Start completed.
2026-09-18 17:02:16 [main] INFO  o.f.c.i.license.VersionPrinter - Flyway Community Edition 9.22.3 by Redgate
2026-09-18 17:02:16 [main] INFO  o.f.c.i.license.VersionPrinter - See release notes here: https://rd.gt/416ObMi
2026-09-18 17:02:16 [main] INFO  o.f.c.i.license.VersionPrinter - 
2026-09-18 17:02:16 [main] INFO  org.flywaydb.core.FlywayExecutor - Database: jdbc:postgresql://localhost:5432/bdAutoCenterSilva (PostgreSQL 18.3)
2026-09-18 17:02:16 [main] WARN  o.f.c.i.database.base.Database - Flyway upgrade recommended: PostgreSQL 18.3 is newer than this version of Flyway and support has not been tested. The latest supported version of PostgreSQL is 15.
2026-09-18 17:02:16 [main] INFO  o.f.core.internal.command.DbValidate - Successfully validated 10 migrations (execution time 00:00.053s)
2026-09-18 17:02:16 [main] INFO  o.f.core.internal.command.DbMigrate - Current version of schema "public": 10
2026-09-18 17:02:16 [main] INFO  o.f.core.internal.command.DbMigrate - Schema "public" is up to date. No migration necessary.
2026-09-18 17:02:16 [main] INFO  o.h.jpa.internal.util.LogHelper - HHH000204: Processing PersistenceUnitInfo [name: default]
2026-09-18 17:02:16 [main] INFO  org.hibernate.Version - HHH000412: Hibernate ORM core version 6.4.4.Final
2026-09-18 17:02:16 [main] INFO  o.h.c.i.RegionFactoryInitiator - HHH000026: Second-level cache disabled
2026-09-18 17:02:17 [main] WARN  org.hibernate.orm.deprecation - HHH90000025: PostgreSQLDialect does not need to be specified explicitly using 'hibernate.dialect' (remove the property setting and it will be selected by default)
2026-09-18 17:02:18 [main] INFO  o.h.e.t.j.p.i.JtaPlatformInitiator - HHH000489: No JTA platform available (set 'hibernate.transaction.jta.platform' to enable JTA platform integration)
2026-09-18 17:02:19 [main] WARN  o.s.b.a.o.j.JpaBaseConfiguration$JpaWebConfiguration - spring.jpa.open-in-view is enabled by default. Therefore, database queries may be performed during view rendering. Explicitly configure spring.jpa.open-in-view to disable this warning
2026-09-18 17:02:20 [main] INFO  c.a.demo.DemoApplication - Started DemoApplication in 7.448 seconds (process running for 8.114)
2026-09-18 17:02:35 [http-nio-8080-exec-2] INFO  o.a.c.c.C.[Tomcat].[localhost].[/] - Initializing Spring DispatcherServlet 'dispatcherServlet'
2026-09-18 17:02:35 [http-nio-8080-exec-2] INFO  c.a.d.controller.ClientesController - Requisição recebida: POST -  /api/cliente/criar com.autoCenterSilva.demo.dto.request.cliente.ClienteCreatRequest@380e0958
2026-09-18 17:03:09 [http-nio-8080-exec-1] INFO  c.a.d.controller.ClientesController - Requisição recebida: POST -  /api/cliente/login com.autoCenterSilva.demo.dto.request.cliente.ClienteLoginRequest@40b04221
2026-09-18 17:04:56 [http-nio-8080-exec-4] INFO  c.a.d.controller.ClientesController - Requisição recebida: POST -  /api/cliente/criar com.autoCenterSilva.demo.dto.request.cliente.ClienteCreatRequest@6a129427
2026-09-18 17:04:56 [http-nio-8080-exec-4] WARN  c.a.d.c.GlobalExceptionHandler - Erro de validação: As senhas não coincidem
2026-09-18 17:05:07 [http-nio-8080-exec-5] INFO  c.a.d.controller.ClientesController - Requisição recebida: POST -  /api/cliente/criar com.autoCenterSilva.demo.dto.request.cliente.ClienteCreatRequest@5304948d
2026-09-18 17:05:21 [SpringApplicationShutdownHook] INFO  com.zaxxer.hikari.HikariDataSource - HikariPool-1 - Shutdown initiated...
2026-09-18 17:05:21 [SpringApplicationShutdownHook] INFO  com.zaxxer.hikari.HikariDataSource - HikariPool-1 - Shutdown completed.
2026-09-18 17:10:15 [main] INFO  c.a.demo.DemoApplication - Starting DemoApplication using Java 17.0.12 with PID 24244 (C:\BackPj\demo\target\classes started by lucas in C:\BackPj)
2026-09-18 17:10:15 [main] INFO  c.a.demo.DemoApplication - No active profile set, falling back to 1 default profile: "default"
2026-09-18 17:10:18 [main] INFO  o.a.catalina.core.StandardService - Starting service [Tomcat]
2026-09-18 17:10:18 [main] INFO  o.a.catalina.core.StandardEngine - Starting Servlet engine: [Apache Tomcat/10.1.20]
2026-09-18 17:10:18 [main] INFO  o.a.c.c.C.[Tomcat].[localhost].[/] - Initializing Spring embedded WebApplicationContext
2026-09-18 17:10:18 [main] INFO  com.zaxxer.hikari.HikariDataSource - HikariPool-1 - Starting...
2026-09-18 17:10:18 [main] INFO  com.zaxxer.hikari.pool.HikariPool - HikariPool-1 - Added connection org.postgresql.jdbc.PgConnection@17222c11
2026-09-18 17:10:18 [main] INFO  com.zaxxer.hikari.HikariDataSource - HikariPool-1 - Start completed.
2026-09-18 17:10:18 [main] INFO  o.f.c.i.license.VersionPrinter - Flyway Community Edition 9.22.3 by Redgate
2026-09-18 17:10:18 [main] INFO  o.f.c.i.license.VersionPrinter - See release notes here: https://rd.gt/416ObMi
2026-09-18 17:10:18 [main] INFO  o.f.c.i.license.VersionPrinter - 
2026-09-18 17:10:18 [main] INFO  org.flywaydb.core.FlywayExecutor - Database: jdbc:postgresql://localhost:5432/bdAutoCenterSilva (PostgreSQL 18.3)
2026-09-18 17:10:18 [main] WARN  o.f.c.i.database.base.Database - Flyway upgrade recommended: PostgreSQL 18.3 is newer than this version of Flyway and support has not been tested. The latest supported version of PostgreSQL is 15.
2026-09-18 17:10:18 [main] INFO  o.f.core.internal.command.DbValidate - Successfully validated 10 migrations (execution time 00:00.078s)
2026-09-18 17:10:18 [main] INFO  o.f.core.internal.command.DbMigrate - Current version of schema "public": 10
2026-09-18 17:10:18 [main] INFO  o.f.core.internal.command.DbMigrate - Schema "public" is up to date. No migration necessary.
2026-09-18 17:10:19 [main] INFO  o.h.jpa.internal.util.LogHelper - HHH000204: Processing PersistenceUnitInfo [name: default]
2026-09-18 17:10:19 [main] INFO  org.hibernate.Version - HHH000412: Hibernate ORM core version 6.4.4.Final
2026-09-18 17:10:19 [main] INFO  o.h.c.i.RegionFactoryInitiator - HHH000026: Second-level cache disabled
2026-09-18 17:10:19 [main] WARN  org.hibernate.orm.deprecation - HHH90000025: PostgreSQLDialect does not need to be specified explicitly using 'hibernate.dialect' (remove the property setting and it will be selected by default)
2026-09-18 17:10:21 [main] INFO  o.h.e.t.j.p.i.JtaPlatformInitiator - HHH000489: No JTA platform available (set 'hibernate.transaction.jta.platform' to enable JTA platform integration)
2026-09-18 17:10:21 [main] WARN  o.s.b.a.o.j.JpaBaseConfiguration$JpaWebConfiguration - spring.jpa.open-in-view is enabled by default. Therefore, database queries may be performed during view rendering. Explicitly configure spring.jpa.open-in-view to disable this warning
2026-09-18 17:10:22 [main] INFO  c.a.demo.DemoApplication - Started DemoApplication in 7.807 seconds (process running for 8.58)
2026-09-18 17:10:25 [SpringApplicationShutdownHook] INFO  com.zaxxer.hikari.HikariDataSource - HikariPool-1 - Shutdown initiated...
2026-09-18 17:10:25 [SpringApplicationShutdownHook] INFO  com.zaxxer.hikari.HikariDataSource - HikariPool-1 - Shutdown completed.
2026-09-18 17:12:10 [main] INFO  c.a.demo.DemoApplication - Starting DemoApplication using Java 17.0.12 with PID 20092 (C:\BackPj\demo\target\classes started by lucas in C:\BackPj)
2026-09-18 17:12:10 [main] INFO  c.a.demo.DemoApplication - No active profile set, falling back to 1 default profile: "default"
2026-09-18 17:12:13 [main] INFO  o.a.catalina.core.StandardService - Starting service [Tomcat]
2026-09-18 17:12:13 [main] INFO  o.a.catalina.core.StandardEngine - Starting Servlet engine: [Apache Tomcat/10.1.20]
2026-09-18 17:12:13 [main] INFO  o.a.c.c.C.[Tomcat].[localhost].[/] - Initializing Spring embedded WebApplicationContext
2026-09-18 17:12:13 [main] INFO  com.zaxxer.hikari.HikariDataSource - HikariPool-1 - Starting...
2026-09-18 17:12:13 [main] INFO  com.zaxxer.hikari.pool.HikariPool - HikariPool-1 - Added connection org.postgresql.jdbc.PgConnection@21a46ff1
2026-09-18 17:12:13 [main] INFO  com.zaxxer.hikari.HikariDataSource - HikariPool-1 - Start completed.
2026-09-18 17:12:13 [main] INFO  o.f.c.i.license.VersionPrinter - Flyway Community Edition 9.22.3 by Redgate
2026-09-18 17:12:13 [main] INFO  o.f.c.i.license.VersionPrinter - See release notes here: https://rd.gt/416ObMi
2026-09-18 17:12:13 [main] INFO  o.f.c.i.license.VersionPrinter - 
2026-09-18 17:12:13 [main] INFO  org.flywaydb.core.FlywayExecutor - Database: jdbc:postgresql://localhost:5432/bdAutoCenterSilva (PostgreSQL 18.3)
2026-09-18 17:12:13 [main] WARN  o.f.c.i.database.base.Database - Flyway upgrade recommended: PostgreSQL 18.3 is newer than this version of Flyway and support has not been tested. The latest supported version of PostgreSQL is 15.
2026-09-18 17:12:14 [main] INFO  o.f.core.internal.command.DbValidate - Successfully validated 10 migrations (execution time 00:00.073s)
2026-09-18 17:12:14 [main] INFO  o.f.core.internal.command.DbMigrate - Current version of schema "public": 10
2026-09-18 17:12:14 [main] INFO  o.f.core.internal.command.DbMigrate - Schema "public" is up to date. No migration necessary.
2026-09-18 17:12:14 [main] INFO  o.h.jpa.internal.util.LogHelper - HHH000204: Processing PersistenceUnitInfo [name: default]
2026-09-18 17:12:14 [main] INFO  org.hibernate.Version - HHH000412: Hibernate ORM core version 6.4.4.Final
2026-09-18 17:12:14 [main] INFO  o.h.c.i.RegionFactoryInitiator - HHH000026: Second-level cache disabled
2026-09-18 17:12:15 [main] WARN  org.hibernate.orm.deprecation - HHH90000025: PostgreSQLDialect does not need to be specified explicitly using 'hibernate.dialect' (remove the property setting and it will be selected by default)
2026-09-18 17:12:17 [main] INFO  o.h.e.t.j.p.i.JtaPlatformInitiator - HHH000489: No JTA platform available (set 'hibernate.transaction.jta.platform' to enable JTA platform integration)
2026-09-18 17:12:18 [main] WARN  o.s.b.a.o.j.JpaBaseConfiguration$JpaWebConfiguration - spring.jpa.open-in-view is enabled by default. Therefore, database queries may be performed during view rendering. Explicitly configure spring.jpa.open-in-view to disable this warning
2026-09-18 17:12:20 [main] INFO  c.a.demo.DemoApplication - Started DemoApplication in 11.68 seconds (process running for 12.619)
2026-09-18 17:12:35 [http-nio-8080-exec-2] INFO  o.a.c.c.C.[Tomcat].[localhost].[/] - Initializing Spring DispatcherServlet 'dispatcherServlet'
2026-09-18 17:12:35 [http-nio-8080-exec-2] INFO  c.a.d.controller.ClientesController - Requisição recebida: POST -  /api/cliente/criar com.autoCenterSilva.demo.dto.request.cliente.ClienteCreatRequest@48381f5c
2026-09-18 17:12:35 [http-nio-8080-exec-2] WARN  c.a.d.c.GlobalExceptionHandler - Erro de validação: Nome de Usuario inserido já existe! Não é possivel criar o perfil!
2026-09-18 17:12:53 [http-nio-8080-exec-1] INFO  c.a.d.controller.ClientesController - Requisição recebida: POST -  /api/cliente/criar com.autoCenterSilva.demo.dto.request.cliente.ClienteCreatRequest@4649afce
2026-09-18 17:12:53 [http-nio-8080-exec-1] WARN  c.a.d.c.GlobalExceptionHandler - Erro de validação: Telefone inserido já existe! Não é possivel criar o perfil!
2026-09-18 17:14:44 [http-nio-8080-exec-3] INFO  c.a.d.controller.ClientesController - Requisição recebida: DELETE -  /api/cliente/desativar/999
2026-09-18 17:14:45 [http-nio-8080-exec-3] ERROR c.a.d.c.GlobalExceptionHandler - Erro crítico não tratado no sistema: 
java.lang.RuntimeException: Cliente não encontrado
	at com.autoCenterSilva.demo.service.ClientesService.lambda$desativarCliente$3(ClientesService.java:94)
	at java.base/java.util.Optional.orElseThrow(Optional.java:403)
	at com.autoCenterSilva.demo.service.ClientesService.desativarCliente(ClientesService.java:94)
	at java.base/jdk.internal.reflect.NativeMethodAccessorImpl.invoke0(Native Method)
	at java.base/jdk.internal.reflect.NativeMethodAccessorImpl.invoke(NativeMethodAccessorImpl.java:77)
	at java.base/jdk.internal.reflect.DelegatingMethodAccessorImpl.invoke(DelegatingMethodAccessorImpl.java:43)
	at java.base/java.lang.reflect.Method.invoke(Method.java:568)
	at org.springframework.aop.support.AopUtils.invokeJoinpointUsingReflection(AopUtils.java:354)
	at org.springframework.aop.framework.CglibAopProxy$DynamicAdvisedInterceptor.intercept(CglibAopProxy.java:716)
	at com.autoCenterSilva.demo.service.ClientesService$$SpringCGLIB$$0.desativarCliente(<generated>)
	at com.autoCenterSilva.demo.controller.ClientesController.desativarUsuario(ClientesController.java:60)
	at java.base/jdk.internal.reflect.NativeMethodAccessorImpl.invoke0(Native Method)
	at java.base/jdk.internal.reflect.NativeMethodAccessorImpl.invoke(NativeMethodAccessorImpl.java:77)
	at java.base/jdk.internal.reflect.DelegatingMethodAccessorImpl.invoke(DelegatingMethodAccessorImpl.java:43)
	at java.base/java.lang.reflect.Method.invoke(Method.java:568)
	at org.springframework.web.method.support.InvocableHandlerMethod.doInvoke(InvocableHandlerMethod.java:255)
	at org.springframework.web.method.support.InvocableHandlerMethod.invokeForRequest(InvocableHandlerMethod.java:188)
	at org.springframework.web.servlet.mvc.method.annotation.ServletInvocableHandlerMethod.invokeAndHandle(ServletInvocableHandlerMethod.java:118)
	at org.springframework.web.servlet.mvc.method.annotation.RequestMappingHandlerAdapter.invokeHandlerMethod(RequestMappingHandlerAdapter.java:926)
	at org.springframework.web.servlet.mvc.method.annotation.RequestMappingHandlerAdapter.handleInternal(RequestMappingHandlerAdapter.java:831)
	at org.springframework.web.servlet.mvc.method.AbstractHandlerMethodAdapter.handle(AbstractHandlerMethodAdapter.java:87)
	at org.springframework.web.servlet.DispatcherServlet.doDispatch(DispatcherServlet.java:1089)
	at org.springframework.web.servlet.DispatcherServlet.doService(DispatcherServlet.java:979)
	at org.springframework.web.servlet.FrameworkServlet.processRequest(FrameworkServlet.java:1014)
	at org.springframework.web.servlet.FrameworkServlet.doDelete(FrameworkServlet.java:936)
	at jakarta.servlet.http.HttpServlet.service(HttpServlet.java:596)
	at org.springframework.web.servlet.FrameworkServlet.service(FrameworkServlet.java:885)
	at jakarta.servlet.http.HttpServlet.service(HttpServlet.java:658)
	at org.apache.catalina.core.ApplicationFilterChain.internalDoFilter(ApplicationFilterChain.java:206)
	at org.apache.catalina.core.ApplicationFilterChain.doFilter(ApplicationFilterChain.java:150)
	at org.apache.tomcat.websocket.server.WsFilter.doFilter(WsFilter.java:51)
	at org.apache.catalina.core.ApplicationFilterChain.internalDoFilter(ApplicationFilterChain.java:175)
	at org.apache.catalina.core.ApplicationFilterChain.doFilter(ApplicationFilterChain.java:150)
	at org.springframework.web.filter.RequestContextFilter.doFilterInternal(RequestContextFilter.java:100)
	at org.springframework.web.filter.OncePerRequestFilter.doFilter(OncePerRequestFilter.java:116)
	at org.apache.catalina.core.ApplicationFilterChain.internalDoFilter(ApplicationFilterChain.java:175)
	at org.apache.catalina.core.ApplicationFilterChain.doFilter(ApplicationFilterChain.java:150)
	at org.springframework.web.filter.FormContentFilter.doFilterInternal(FormContentFilter.java:93)
	at org.springframework.web.filter.OncePerRequestFilter.doFilter(OncePerRequestFilter.java:116)
	at org.apache.catalina.core.ApplicationFilterChain.internalDoFilter(ApplicationFilterChain.java:175)
	at org.apache.catalina.core.ApplicationFilterChain.doFilter(ApplicationFilterChain.java:150)
	at org.springframework.web.filter.CharacterEncodingFilter.doFilterInternal(CharacterEncodingFilter.java:201)
	at org.springframework.web.filter.OncePerRequestFilter.doFilter(OncePerRequestFilter.java:116)
	at org.apache.catalina.core.ApplicationFilterChain.internalDoFilter(ApplicationFilterChain.java:175)
	at org.apache.catalina.core.ApplicationFilterChain.doFilter(ApplicationFilterChain.java:150)
	at org.apache.catalina.core.StandardWrapperValve.invoke(StandardWrapperValve.java:167)
	at org.apache.catalina.core.StandardContextValve.invoke(StandardContextValve.java:90)
	at org.apache.catalina.authenticator.AuthenticatorBase.invoke(AuthenticatorBase.java:482)
	at org.apache.catalina.core.StandardHostValve.invoke(StandardHostValve.java:115)
	at org.apache.catalina.valves.ErrorReportValve.invoke(ErrorReportValve.java:93)
	at org.apache.catalina.core.StandardEngineValve.invoke(StandardEngineValve.java:74)
	at org.apache.catalina.connector.CoyoteAdapter.service(CoyoteAdapter.java:344)
	at org.apache.coyote.http11.Http11Processor.service(Http11Processor.java:391)
	at org.apache.coyote.AbstractProcessorLight.process(AbstractProcessorLight.java:63)
	at org.apache.coyote.AbstractProtocol$ConnectionHandler.process(AbstractProtocol.java:896)
	at org.apache.tomcat.util.net.NioEndpoint$SocketProcessor.doRun(NioEndpoint.java:1736)
	at org.apache.tomcat.util.net.SocketProcessorBase.run(SocketProcessorBase.java:52)
	at org.apache.tomcat.util.threads.ThreadPoolExecutor.runWorker(ThreadPoolExecutor.java:1191)
	at org.apache.tomcat.util.threads.ThreadPoolExecutor$Worker.run(ThreadPoolExecutor.java:659)
	at org.apache.tomcat.util.threads.TaskThread$WrappingRunnable.run(TaskThread.java:63)
	at java.base/java.lang.Thread.run(Thread.java:842)
2026-09-18 17:15:58 [http-nio-8080-exec-4] INFO  c.a.d.controller.ClientesController - Requisição recebida: DELETE -  /api/cliente/desativar/9
2026-09-18 17:15:58 [http-nio-8080-exec-4] INFO  c.a.demo.service.ClientesService - Cliente com o ID {} desativado com sucesso!
2026-09-18 17:16:13 [http-nio-8080-exec-5] INFO  c.a.d.controller.ClientesController - Requisição recebida: DELETE -  /api/cliente/desativar/2
2026-09-18 17:16:13 [http-nio-8080-exec-5] WARN  c.a.d.c.GlobalExceptionHandler - Erro de validação: Cliente esta com um Pedido de venda em aberto! Não é possivel excluir!
2026-09-18 17:16:13 [http-nio-8080-exec-7] INFO  c.a.d.controller.ClientesController - Requisição recebida: DELETE -  /api/cliente/desativar/2
2026-09-18 17:16:13 [http-nio-8080-exec-7] WARN  c.a.d.c.GlobalExceptionHandler - Erro de validação: Cliente esta com um Pedido de venda em aberto! Não é possivel excluir!
2026-09-18 17:16:32 [http-nio-8080-exec-6] INFO  c.a.d.controller.ClientesController - Requisição recebida: DELETE -  /api/cliente/desativar/1
2026-09-18 17:16:32 [http-nio-8080-exec-6] INFO  c.a.demo.service.ClientesService - Cliente com o ID {} desativado com sucesso!
2026-09-18 17:17:00 [SpringApplicationShutdownHook] INFO  com.zaxxer.hikari.HikariDataSource - HikariPool-1 - Shutdown initiated...
2026-09-18 17:17:00 [SpringApplicationShutdownHook] INFO  com.zaxxer.hikari.HikariDataSource - HikariPool-1 - Shutdown completed.
2026-09-18 17:18:54 [main] INFO  c.a.demo.DemoApplication - Starting DemoApplication using Java 17.0.12 with PID 26412 (C:\BackPj\demo\target\classes started by lucas in C:\BackPj)
2026-09-18 17:18:54 [main] INFO  c.a.demo.DemoApplication - No active profile set, falling back to 1 default profile: "default"
2026-09-18 17:18:57 [main] INFO  o.a.catalina.core.StandardService - Starting service [Tomcat]
2026-09-18 17:18:57 [main] INFO  o.a.catalina.core.StandardEngine - Starting Servlet engine: [Apache Tomcat/10.1.20]
2026-09-18 17:18:57 [main] INFO  o.a.c.c.C.[Tomcat].[localhost].[/] - Initializing Spring embedded WebApplicationContext
2026-09-18 17:18:57 [main] INFO  com.zaxxer.hikari.HikariDataSource - HikariPool-1 - Starting...
2026-09-18 17:18:57 [main] INFO  com.zaxxer.hikari.pool.HikariPool - HikariPool-1 - Added connection org.postgresql.jdbc.PgConnection@5aa781f2
2026-09-18 17:18:57 [main] INFO  com.zaxxer.hikari.HikariDataSource - HikariPool-1 - Start completed.
2026-09-18 17:18:57 [main] INFO  o.f.c.i.license.VersionPrinter - Flyway Community Edition 9.22.3 by Redgate
2026-09-18 17:18:57 [main] INFO  o.f.c.i.license.VersionPrinter - See release notes here: https://rd.gt/416ObMi
2026-09-18 17:18:57 [main] INFO  o.f.c.i.license.VersionPrinter - 
2026-09-18 17:18:57 [main] INFO  org.flywaydb.core.FlywayExecutor - Database: jdbc:postgresql://localhost:5432/bdAutoCenterSilva (PostgreSQL 18.3)
2026-09-18 17:18:57 [main] WARN  o.f.c.i.database.base.Database - Flyway upgrade recommended: PostgreSQL 18.3 is newer than this version of Flyway and support has not been tested. The latest supported version of PostgreSQL is 15.
2026-09-18 17:18:57 [main] INFO  o.f.core.internal.command.DbValidate - Successfully validated 10 migrations (execution time 00:00.071s)
2026-09-18 17:18:57 [main] INFO  o.f.core.internal.command.DbMigrate - Current version of schema "public": 10
2026-09-18 17:18:57 [main] INFO  o.f.core.internal.command.DbMigrate - Schema "public" is up to date. No migration necessary.
2026-09-18 17:18:57 [main] INFO  o.h.jpa.internal.util.LogHelper - HHH000204: Processing PersistenceUnitInfo [name: default]
2026-09-18 17:18:58 [main] INFO  org.hibernate.Version - HHH000412: Hibernate ORM core version 6.4.4.Final
2026-09-18 17:18:58 [main] INFO  o.h.c.i.RegionFactoryInitiator - HHH000026: Second-level cache disabled
2026-09-18 17:18:58 [main] WARN  org.hibernate.orm.deprecation - HHH90000025: PostgreSQLDialect does not need to be specified explicitly using 'hibernate.dialect' (remove the property setting and it will be selected by default)
2026-09-18 17:19:00 [main] INFO  o.h.e.t.j.p.i.JtaPlatformInitiator - HHH000489: No JTA platform available (set 'hibernate.transaction.jta.platform' to enable JTA platform integration)
2026-09-18 17:19:00 [main] WARN  o.s.b.a.o.j.JpaBaseConfiguration$JpaWebConfiguration - spring.jpa.open-in-view is enabled by default. Therefore, database queries may be performed during view rendering. Explicitly configure spring.jpa.open-in-view to disable this warning
2026-09-18 17:19:01 [main] INFO  c.a.demo.DemoApplication - Started DemoApplication in 7.775 seconds (process running for 8.828)
2026-09-18 17:19:29 [http-nio-8080-exec-1] INFO  o.a.c.c.C.[Tomcat].[localhost].[/] - Initializing Spring DispatcherServlet 'dispatcherServlet'
2026-09-18 17:19:29 [http-nio-8080-exec-1] INFO  c.a.d.controller.ClientesController - Requisição recebida: DELETE -  /api/cliente/desativar/3
2026-09-18 17:19:30 [http-nio-8080-exec-1] INFO  c.a.demo.service.ClientesService - Cliente com o ID {} desativado com sucesso!
2026-09-18 17:21:26 [SpringApplicationShutdownHook] INFO  com.zaxxer.hikari.HikariDataSource - HikariPool-1 - Shutdown initiated...
2026-09-18 17:21:26 [SpringApplicationShutdownHook] INFO  com.zaxxer.hikari.HikariDataSource - HikariPool-1 - Shutdown completed.
2026-09-18 17:21:35 [main] INFO  c.a.demo.DemoApplication - Starting DemoApplication using Java 17.0.12 with PID 15276 (C:\BackPj\demo\target\classes started by lucas in C:\BackPj)
2026-09-18 17:21:35 [main] INFO  c.a.demo.DemoApplication - No active profile set, falling back to 1 default profile: "default"
2026-09-18 17:21:38 [main] INFO  o.a.catalina.core.StandardService - Starting service [Tomcat]
2026-09-18 17:21:38 [main] INFO  o.a.catalina.core.StandardEngine - Starting Servlet engine: [Apache Tomcat/10.1.20]
2026-09-18 17:21:38 [main] INFO  o.a.c.c.C.[Tomcat].[localhost].[/] - Initializing Spring embedded WebApplicationContext
2026-09-18 17:21:38 [main] INFO  com.zaxxer.hikari.HikariDataSource - HikariPool-1 - Starting...
2026-09-18 17:21:39 [main] INFO  com.zaxxer.hikari.pool.HikariPool - HikariPool-1 - Added connection org.postgresql.jdbc.PgConnection@5aa781f2
2026-09-18 17:21:39 [main] INFO  com.zaxxer.hikari.HikariDataSource - HikariPool-1 - Start completed.
2026-09-18 17:21:39 [main] INFO  o.f.c.i.license.VersionPrinter - Flyway Community Edition 9.22.3 by Redgate
2026-09-18 17:21:39 [main] INFO  o.f.c.i.license.VersionPrinter - See release notes here: https://rd.gt/416ObMi
2026-09-18 17:21:39 [main] INFO  o.f.c.i.license.VersionPrinter - 
2026-09-18 17:21:39 [main] INFO  org.flywaydb.core.FlywayExecutor - Database: jdbc:postgresql://localhost:5432/bdAutoCenterSilva (PostgreSQL 18.3)
2026-09-18 17:21:39 [main] WARN  o.f.c.i.database.base.Database - Flyway upgrade recommended: PostgreSQL 18.3 is newer than this version of Flyway and support has not been tested. The latest supported version of PostgreSQL is 15.
2026-09-18 17:21:39 [main] INFO  o.f.core.internal.command.DbValidate - Successfully validated 10 migrations (execution time 00:00.060s)
2026-09-18 17:21:39 [main] INFO  o.f.core.internal.command.DbMigrate - Current version of schema "public": 10
2026-09-18 17:21:39 [main] INFO  o.f.core.internal.command.DbMigrate - Schema "public" is up to date. No migration necessary.
2026-09-18 17:21:39 [main] INFO  o.h.jpa.internal.util.LogHelper - HHH000204: Processing PersistenceUnitInfo [name: default]
2026-09-18 17:21:39 [main] INFO  org.hibernate.Version - HHH000412: Hibernate ORM core version 6.4.4.Final
2026-09-18 17:21:39 [main] INFO  o.h.c.i.RegionFactoryInitiator - HHH000026: Second-level cache disabled
2026-09-18 17:21:40 [main] WARN  org.hibernate.orm.deprecation - HHH90000025: PostgreSQLDialect does not need to be specified explicitly using 'hibernate.dialect' (remove the property setting and it will be selected by default)
2026-09-18 17:21:41 [main] INFO  o.h.e.t.j.p.i.JtaPlatformInitiator - HHH000489: No JTA platform available (set 'hibernate.transaction.jta.platform' to enable JTA platform integration)
2026-09-18 17:21:42 [main] WARN  o.s.b.a.o.j.JpaBaseConfiguration$JpaWebConfiguration - spring.jpa.open-in-view is enabled by default. Therefore, database queries may be performed during view rendering. Explicitly configure spring.jpa.open-in-view to disable this warning
2026-09-18 17:21:43 [main] INFO  c.a.demo.DemoApplication - Started DemoApplication in 8.999 seconds (process running for 9.771)
2026-09-18 17:21:56 [http-nio-8080-exec-1] INFO  o.a.c.c.C.[Tomcat].[localhost].[/] - Initializing Spring DispatcherServlet 'dispatcherServlet'
2026-09-18 17:21:56 [http-nio-8080-exec-1] INFO  c.a.d.controller.ClientesController - Requisição recebida: DELETE -  /api/cliente/desativar/3
2026-09-18 17:21:57 [http-nio-8080-exec-1] INFO  c.a.demo.service.ClientesService - Cliente com o ID 3 desativado com sucesso!
2026-09-18 17:23:38 [http-nio-8080-exec-4] INFO  c.a.d.controller.ClientesController - Requisição recebida: POST -  /api/cliente/login com.autoCenterSilva.demo.dto.request.cliente.ClienteLoginRequest@54288110
2026-09-18 17:24:50 [SpringApplicationShutdownHook] INFO  com.zaxxer.hikari.HikariDataSource - HikariPool-1 - Shutdown initiated...
2026-09-18 17:24:50 [SpringApplicationShutdownHook] INFO  com.zaxxer.hikari.HikariDataSource - HikariPool-1 - Shutdown completed.
2026-09-18 18:13:06 [main] INFO  c.a.demo.DemoApplication - Starting DemoApplication using Java 17.0.12 with PID 22820 (C:\BackPj\demo\target\classes started by lucas in C:\BackPj)
2026-09-18 18:13:06 [main] INFO  c.a.demo.DemoApplication - No active profile set, falling back to 1 default profile: "default"
2026-09-18 18:13:08 [main] INFO  o.a.catalina.core.StandardService - Starting service [Tomcat]
2026-09-18 18:13:08 [main] INFO  o.a.catalina.core.StandardEngine - Starting Servlet engine: [Apache Tomcat/10.1.20]
2026-09-18 18:13:08 [main] INFO  o.a.c.c.C.[Tomcat].[localhost].[/] - Initializing Spring embedded WebApplicationContext
2026-09-18 18:13:08 [main] INFO  com.zaxxer.hikari.HikariDataSource - HikariPool-1 - Starting...
2026-09-18 18:13:08 [main] INFO  com.zaxxer.hikari.pool.HikariPool - HikariPool-1 - Added connection org.postgresql.jdbc.PgConnection@739831a4
2026-09-18 18:13:08 [main] INFO  com.zaxxer.hikari.HikariDataSource - HikariPool-1 - Start completed.
2026-09-18 18:13:09 [main] INFO  o.f.c.i.license.VersionPrinter - Flyway Community Edition 9.22.3 by Redgate
2026-09-18 18:13:09 [main] INFO  o.f.c.i.license.VersionPrinter - See release notes here: https://rd.gt/416ObMi
2026-09-18 18:13:09 [main] INFO  o.f.c.i.license.VersionPrinter - 
2026-09-18 18:13:09 [main] INFO  org.flywaydb.core.FlywayExecutor - Database: jdbc:postgresql://localhost:5432/bdAutoCenterSilva (PostgreSQL 18.3)
2026-09-18 18:13:09 [main] WARN  o.f.c.i.database.base.Database - Flyway upgrade recommended: PostgreSQL 18.3 is newer than this version of Flyway and support has not been tested. The latest supported version of PostgreSQL is 15.
2026-09-18 18:13:09 [main] INFO  o.f.core.internal.command.DbValidate - Successfully validated 10 migrations (execution time 00:00.083s)
2026-09-18 18:13:09 [main] INFO  o.f.core.internal.command.DbMigrate - Current version of schema "public": 10
2026-09-18 18:13:09 [main] INFO  o.f.core.internal.command.DbMigrate - Schema "public" is up to date. No migration necessary.
2026-09-18 18:13:09 [main] INFO  o.h.jpa.internal.util.LogHelper - HHH000204: Processing PersistenceUnitInfo [name: default]
2026-09-18 18:13:09 [main] INFO  org.hibernate.Version - HHH000412: Hibernate ORM core version 6.4.4.Final
2026-09-18 18:13:09 [main] INFO  o.h.c.i.RegionFactoryInitiator - HHH000026: Second-level cache disabled
2026-09-18 18:13:10 [main] WARN  org.hibernate.orm.deprecation - HHH90000025: PostgreSQLDialect does not need to be specified explicitly using 'hibernate.dialect' (remove the property setting and it will be selected by default)
2026-09-18 18:13:11 [main] INFO  o.h.e.t.j.p.i.JtaPlatformInitiator - HHH000489: No JTA platform available (set 'hibernate.transaction.jta.platform' to enable JTA platform integration)
2026-09-18 18:13:12 [main] WARN  o.s.b.a.o.j.JpaBaseConfiguration$JpaWebConfiguration - spring.jpa.open-in-view is enabled by default. Therefore, database queries may be performed during view rendering. Explicitly configure spring.jpa.open-in-view to disable this warning
2026-09-18 18:13:12 [main] INFO  c.a.demo.DemoApplication - Started DemoApplication in 7.848 seconds (process running for 8.82)
2026-09-18 18:15:03 [SpringApplicationShutdownHook] INFO  com.zaxxer.hikari.HikariDataSource - HikariPool-1 - Shutdown initiated...
2026-09-18 18:15:03 [SpringApplicationShutdownHook] INFO  com.zaxxer.hikari.HikariDataSource - HikariPool-1 - Shutdown completed.
2026-09-18 18:19:26 [main] INFO  c.a.demo.DemoApplication - Starting DemoApplication using Java 17.0.12 with PID 19092 (C:\BackPj\demo\target\classes started by lucas in C:\BackPj)
2026-09-18 18:19:26 [main] INFO  c.a.demo.DemoApplication - No active profile set, falling back to 1 default profile: "default"
2026-09-18 18:19:29 [main] INFO  o.a.catalina.core.StandardService - Starting service [Tomcat]
2026-09-18 18:19:29 [main] INFO  o.a.catalina.core.StandardEngine - Starting Servlet engine: [Apache Tomcat/10.1.20]
2026-09-18 18:19:29 [main] INFO  o.a.c.c.C.[Tomcat].[localhost].[/] - Initializing Spring embedded WebApplicationContext
2026-09-18 18:19:29 [main] INFO  com.zaxxer.hikari.HikariDataSource - HikariPool-1 - Starting...
2026-09-18 18:19:29 [main] INFO  com.zaxxer.hikari.pool.HikariPool - HikariPool-1 - Added connection org.postgresql.jdbc.PgConnection@66e827a8
2026-09-18 18:19:29 [main] INFO  com.zaxxer.hikari.HikariDataSource - HikariPool-1 - Start completed.
2026-09-18 18:19:30 [main] INFO  o.f.c.i.license.VersionPrinter - Flyway Community Edition 9.22.3 by Redgate
2026-09-18 18:19:30 [main] INFO  o.f.c.i.license.VersionPrinter - See release notes here: https://rd.gt/416ObMi
2026-09-18 18:19:30 [main] INFO  o.f.c.i.license.VersionPrinter - 
2026-09-18 18:19:30 [main] INFO  org.flywaydb.core.FlywayExecutor - Database: jdbc:postgresql://localhost:5432/bdAutoCenterSilva (PostgreSQL 18.3)
2026-09-18 18:19:30 [main] WARN  o.f.c.i.database.base.Database - Flyway upgrade recommended: PostgreSQL 18.3 is newer than this version of Flyway and support has not been tested. The latest supported version of PostgreSQL is 15.
2026-09-18 18:19:30 [main] INFO  o.f.core.internal.command.DbValidate - Successfully validated 10 migrations (execution time 00:00.078s)
2026-09-18 18:19:30 [main] INFO  o.f.core.internal.command.DbMigrate - Current version of schema "public": 10
2026-09-18 18:19:30 [main] INFO  o.f.core.internal.command.DbMigrate - Schema "public" is up to date. No migration necessary.
2026-09-18 18:19:30 [main] INFO  o.h.jpa.internal.util.LogHelper - HHH000204: Processing PersistenceUnitInfo [name: default]
2026-09-18 18:19:30 [main] INFO  org.hibernate.Version - HHH000412: Hibernate ORM core version 6.4.4.Final
2026-09-18 18:19:30 [main] INFO  o.h.c.i.RegionFactoryInitiator - HHH000026: Second-level cache disabled
2026-09-18 18:19:31 [main] WARN  org.hibernate.orm.deprecation - HHH90000025: PostgreSQLDialect does not need to be specified explicitly using 'hibernate.dialect' (remove the property setting and it will be selected by default)
2026-09-18 18:19:32 [main] INFO  o.h.e.t.j.p.i.JtaPlatformInitiator - HHH000489: No JTA platform available (set 'hibernate.transaction.jta.platform' to enable JTA platform integration)
2026-09-18 18:19:33 [main] WARN  o.s.b.a.o.j.JpaBaseConfiguration$JpaWebConfiguration - spring.jpa.open-in-view is enabled by default. Therefore, database queries may be performed during view rendering. Explicitly configure spring.jpa.open-in-view to disable this warning
2026-09-18 18:19:34 [main] INFO  c.a.demo.DemoApplication - Started DemoApplication in 8.516 seconds (process running for 9.723)
2026-09-18 18:19:55 [http-nio-8080-exec-1] INFO  o.a.c.c.C.[Tomcat].[localhost].[/] - Initializing Spring DispatcherServlet 'dispatcherServlet'
2026-09-18 18:20:40 [SpringApplicationShutdownHook] INFO  com.zaxxer.hikari.HikariDataSource - HikariPool-1 - Shutdown initiated...
2026-09-18 18:20:40 [SpringApplicationShutdownHook] INFO  com.zaxxer.hikari.HikariDataSource - HikariPool-1 - Shutdown completed.
2026-09-18 18:21:55 [main] INFO  c.a.demo.DemoApplication - Starting DemoApplication using Java 17.0.12 with PID 12708 (C:\BackPj\demo\target\classes started by lucas in C:\BackPj)
2026-09-18 18:21:55 [main] INFO  c.a.demo.DemoApplication - No active profile set, falling back to 1 default profile: "default"
2026-09-18 18:21:58 [main] INFO  o.a.catalina.core.StandardService - Starting service [Tomcat]
2026-09-18 18:21:58 [main] INFO  o.a.catalina.core.StandardEngine - Starting Servlet engine: [Apache Tomcat/10.1.20]
2026-09-18 18:21:58 [main] INFO  o.a.c.c.C.[Tomcat].[localhost].[/] - Initializing Spring embedded WebApplicationContext
2026-09-18 18:21:58 [main] INFO  com.zaxxer.hikari.HikariDataSource - HikariPool-1 - Starting...
2026-09-18 18:21:59 [main] INFO  com.zaxxer.hikari.pool.HikariPool - HikariPool-1 - Added connection org.postgresql.jdbc.PgConnection@5bb911c1
2026-09-18 18:21:59 [main] INFO  com.zaxxer.hikari.HikariDataSource - HikariPool-1 - Start completed.
2026-09-18 18:21:59 [main] INFO  o.f.c.i.license.VersionPrinter - Flyway Community Edition 9.22.3 by Redgate
2026-09-18 18:21:59 [main] INFO  o.f.c.i.license.VersionPrinter - See release notes here: https://rd.gt/416ObMi
2026-09-18 18:21:59 [main] INFO  o.f.c.i.license.VersionPrinter - 
2026-09-18 18:21:59 [main] INFO  org.flywaydb.core.FlywayExecutor - Database: jdbc:postgresql://localhost:5432/bdAutoCenterSilva (PostgreSQL 18.3)
2026-09-18 18:21:59 [main] WARN  o.f.c.i.database.base.Database - Flyway upgrade recommended: PostgreSQL 18.3 is newer than this version of Flyway and support has not been tested. The latest supported version of PostgreSQL is 15.
2026-09-18 18:21:59 [main] INFO  o.f.core.internal.command.DbValidate - Successfully validated 10 migrations (execution time 00:00.063s)
2026-09-18 18:21:59 [main] INFO  o.f.core.internal.command.DbMigrate - Current version of schema "public": 10
2026-09-18 18:21:59 [main] INFO  o.f.core.internal.command.DbMigrate - Schema "public" is up to date. No migration necessary.
2026-09-18 18:21:59 [main] INFO  o.h.jpa.internal.util.LogHelper - HHH000204: Processing PersistenceUnitInfo [name: default]
2026-09-18 18:21:59 [main] INFO  org.hibernate.Version - HHH000412: Hibernate ORM core version 6.4.4.Final
2026-09-18 18:22:00 [main] INFO  o.h.c.i.RegionFactoryInitiator - HHH000026: Second-level cache disabled
2026-09-18 18:22:00 [main] WARN  org.hibernate.orm.deprecation - HHH90000025: PostgreSQLDialect does not need to be specified explicitly using 'hibernate.dialect' (remove the property setting and it will be selected by default)
2026-09-18 18:22:02 [main] INFO  o.h.e.t.j.p.i.JtaPlatformInitiator - HHH000489: No JTA platform available (set 'hibernate.transaction.jta.platform' to enable JTA platform integration)
2026-09-18 18:22:03 [main] WARN  o.s.b.a.o.j.JpaBaseConfiguration$JpaWebConfiguration - spring.jpa.open-in-view is enabled by default. Therefore, database queries may be performed during view rendering. Explicitly configure spring.jpa.open-in-view to disable this warning
2026-09-18 18:22:03 [main] WARN  o.s.b.w.s.c.AnnotationConfigServletWebServerApplicationContext - Exception encountered during context initialization - cancelling refresh attempt: org.springframework.beans.factory.BeanCreationException: Error creating bean with name 'requestMappingHandlerMapping' defined in class path resource [org/springframework/boot/autoconfigure/web/servlet/WebMvcAutoConfiguration$EnableWebMvcConfiguration.class]: Ambiguous mapping. Cannot map 'clientesController' method 
com.autoCenterSilva.demo.controller.ClientesController#buscaDesativados(PerfilUsuario)
to {GET [/api/clientes/usuarios]}: There is already 'clientesController' bean method
com.autoCenterSilva.demo.controller.ClientesController#buscaDisponveis(PerfilUsuario) mapped.
2026-09-18 18:22:03 [main] WARN  o.s.c.a.AnnotationConfigApplicationContext - Exception thrown from ApplicationListener handling ContextClosedEvent
org.springframework.beans.factory.BeanCreationNotAllowedException: Error creating bean with name 'applicationTaskExecutor': Singleton bean creation not allowed while singletons of this factory are in destruction (Do not request a bean from a BeanFactory in a destroy method implementation!)
	at org.springframework.beans.factory.support.DefaultSingletonBeanRegistry.getSingleton(DefaultSingletonBeanRegistry.java:220)
	at org.springframework.beans.factory.support.AbstractBeanFactory.doGetBean(AbstractBeanFactory.java:324)
	at org.springframework.beans.factory.support.AbstractBeanFactory.getBean(AbstractBeanFactory.java:205)
	at org.springframework.context.event.AbstractApplicationEventMulticaster.retrieveApplicationListeners(AbstractApplicationEventMulticaster.java:265)
	at org.springframework.context.event.AbstractApplicationEventMulticaster.getApplicationListeners(AbstractApplicationEventMulticaster.java:222)
	at org.springframework.context.event.SimpleApplicationEventMulticaster.multicastEvent(SimpleApplicationEventMulticaster.java:145)
	at org.springframework.context.support.AbstractApplicationContext.publishEvent(AbstractApplicationContext.java:451)
	at org.springframework.context.support.AbstractApplicationContext.publishEvent(AbstractApplicationContext.java:457)
	at org.springframework.context.support.AbstractApplicationContext.publishEvent(AbstractApplicationContext.java:384)
	at org.springframework.context.support.AbstractApplicationContext.doClose(AbstractApplicationContext.java:1130)
	at org.springframework.context.support.AbstractApplicationContext.close(AbstractApplicationContext.java:1093)
	at org.springframework.cloud.context.named.NamedContextFactory.destroy(NamedContextFactory.java:113)
	at org.springframework.beans.factory.support.DisposableBeanAdapter.destroy(DisposableBeanAdapter.java:211)
	at org.springframework.beans.factory.support.DefaultSingletonBeanRegistry.destroyBean(DefaultSingletonBeanRegistry.java:587)
	at org.springframework.beans.factory.support.DefaultSingletonBeanRegistry.destroySingleton(DefaultSingletonBeanRegistry.java:559)
	at org.springframework.beans.factory.support.DefaultListableBeanFactory.destroySingleton(DefaultListableBeanFactory.java:1202)
	at org.springframework.beans.factory.support.DefaultSingletonBeanRegistry.destroySingletons(DefaultSingletonBeanRegistry.java:520)
	at org.springframework.beans.factory.support.DefaultListableBeanFactory.destroySingletons(DefaultListableBeanFactory.java:1195)
	at org.springframework.context.support.AbstractApplicationContext.destroyBeans(AbstractApplicationContext.java:1186)
	at org.springframework.context.support.AbstractApplicationContext.refresh(AbstractApplicationContext.java:637)
	at org.springframework.boot.web.servlet.context.ServletWebServerApplicationContext.refresh(ServletWebServerApplicationContext.java:146)
	at org.springframework.boot.SpringApplication.refresh(SpringApplication.java:754)
	at org.springframework.boot.SpringApplication.refreshContext(SpringApplication.java:456)
	at org.springframework.boot.SpringApplication.run(SpringApplication.java:334)
	at org.springframework.boot.SpringApplication.run(SpringApplication.java:1354)
	at org.springframework.boot.SpringApplication.run(SpringApplication.java:1343)
	at com.autoCenterSilva.demo.DemoApplication.main(DemoApplication.java:12)
2026-09-18 18:22:03 [main] INFO  com.zaxxer.hikari.HikariDataSource - HikariPool-1 - Shutdown initiated...
2026-09-18 18:22:03 [main] INFO  com.zaxxer.hikari.HikariDataSource - HikariPool-1 - Shutdown completed.
2026-09-18 18:22:03 [main] INFO  o.a.catalina.core.StandardService - Stopping service [Tomcat]
2026-09-18 18:22:03 [main] ERROR o.s.boot.SpringApplication - Application run failed
org.springframework.beans.factory.BeanCreationException: Error creating bean with name 'requestMappingHandlerMapping' defined in class path resource [org/springframework/boot/autoconfigure/web/servlet/WebMvcAutoConfiguration$EnableWebMvcConfiguration.class]: Ambiguous mapping. Cannot map 'clientesController' method 
com.autoCenterSilva.demo.controller.ClientesController#buscaDesativados(PerfilUsuario)
to {GET [/api/clientes/usuarios]}: There is already 'clientesController' bean method
com.autoCenterSilva.demo.controller.ClientesController#buscaDisponveis(PerfilUsuario) mapped.
	at org.springframework.beans.factory.support.AbstractAutowireCapableBeanFactory.initializeBean(AbstractAutowireCapableBeanFactory.java:1786)
	at org.springframework.beans.factory.support.AbstractAutowireCapableBeanFactory.doCreateBean(AbstractAutowireCapableBeanFactory.java:600)
	at org.springframework.beans.factory.support.AbstractAutowireCapableBeanFactory.createBean(AbstractAutowireCapableBeanFactory.java:522)
	at org.springframework.beans.factory.support.AbstractBeanFactory.lambda$doGetBean$0(AbstractBeanFactory.java:326)
	at org.springframework.beans.factory.support.DefaultSingletonBeanRegistry.getSingleton(DefaultSingletonBeanRegistry.java:234)
	at org.springframework.beans.factory.support.AbstractBeanFactory.doGetBean(AbstractBeanFactory.java:324)
	at org.springframework.beans.factory.support.AbstractBeanFactory.getBean(AbstractBeanFactory.java:200)
	at org.springframework.beans.factory.support.DefaultListableBeanFactory.preInstantiateSingletons(DefaultListableBeanFactory.java:975)
	at org.springframework.context.support.AbstractApplicationContext.finishBeanFactoryInitialization(AbstractApplicationContext.java:962)
	at org.springframework.context.support.AbstractApplicationContext.refresh(AbstractApplicationContext.java:624)
	at org.springframework.boot.web.servlet.context.ServletWebServerApplicationContext.refresh(ServletWebServerApplicationContext.java:146)
	at org.springframework.boot.SpringApplication.refresh(SpringApplication.java:754)
	at org.springframework.boot.SpringApplication.refreshContext(SpringApplication.java:456)
	at org.springframework.boot.SpringApplication.run(SpringApplication.java:334)
	at org.springframework.boot.SpringApplication.run(SpringApplication.java:1354)
	at org.springframework.boot.SpringApplication.run(SpringApplication.java:1343)
	at com.autoCenterSilva.demo.DemoApplication.main(DemoApplication.java:12)
Caused by: java.lang.IllegalStateException: Ambiguous mapping. Cannot map 'clientesController' method 
com.autoCenterSilva.demo.controller.ClientesController#buscaDesativados(PerfilUsuario)
to {GET [/api/clientes/usuarios]}: There is already 'clientesController' bean method
com.autoCenterSilva.demo.controller.ClientesController#buscaDisponveis(PerfilUsuario) mapped.
	at org.springframework.web.servlet.handler.AbstractHandlerMethodMapping$MappingRegistry.validateMethodMapping(AbstractHandlerMethodMapping.java:674)
	at org.springframework.web.servlet.handler.AbstractHandlerMethodMapping$MappingRegistry.register(AbstractHandlerMethodMapping.java:636)
	at org.springframework.web.servlet.handler.AbstractHandlerMethodMapping.registerHandlerMethod(AbstractHandlerMethodMapping.java:331)
	at org.springframework.web.servlet.mvc.method.annotation.RequestMappingHandlerMapping.registerHandlerMethod(RequestMappingHandlerMapping.java:508)
	at org.springframework.web.servlet.mvc.method.annotation.RequestMappingHandlerMapping.registerHandlerMethod(RequestMappingHandlerMapping.java:84)
	at org.springframework.web.servlet.handler.AbstractHandlerMethodMapping.lambda$detectHandlerMethods$2(AbstractHandlerMethodMapping.java:298)
	at java.base/java.util.LinkedHashMap.forEach(LinkedHashMap.java:721)
	at org.springframework.web.servlet.handler.AbstractHandlerMethodMapping.detectHandlerMethods(AbstractHandlerMethodMapping.java:296)
	at org.springframework.web.servlet.handler.AbstractHandlerMethodMapping.processCandidateBean(AbstractHandlerMethodMapping.java:265)
	at org.springframework.web.servlet.handler.AbstractHandlerMethodMapping.initHandlerMethods(AbstractHandlerMethodMapping.java:224)
	at org.springframework.web.servlet.handler.AbstractHandlerMethodMapping.afterPropertiesSet(AbstractHandlerMethodMapping.java:212)
	at org.springframework.web.servlet.mvc.method.annotation.RequestMappingHandlerMapping.afterPropertiesSet(RequestMappingHandlerMapping.java:239)
	at org.springframework.beans.factory.support.AbstractAutowireCapableBeanFactory.invokeInitMethods(AbstractAutowireCapableBeanFactory.java:1833)
	at org.springframework.beans.factory.support.AbstractAutowireCapableBeanFactory.initializeBean(AbstractAutowireCapableBeanFactory.java:1782)
	... 16 common frames omitted
2026-09-18 18:23:02 [main] INFO  c.a.demo.DemoApplication - Starting DemoApplication using Java 17.0.12 with PID 18656 (C:\BackPj\demo\target\classes started by lucas in C:\BackPj)
2026-09-18 18:23:02 [main] INFO  c.a.demo.DemoApplication - No active profile set, falling back to 1 default profile: "default"
2026-09-18 18:23:04 [main] INFO  o.a.catalina.core.StandardService - Starting service [Tomcat]
2026-09-18 18:23:04 [main] INFO  o.a.catalina.core.StandardEngine - Starting Servlet engine: [Apache Tomcat/10.1.20]
2026-09-18 18:23:05 [main] INFO  o.a.c.c.C.[Tomcat].[localhost].[/] - Initializing Spring embedded WebApplicationContext
2026-09-18 18:23:05 [main] INFO  com.zaxxer.hikari.HikariDataSource - HikariPool-1 - Starting...
2026-09-18 18:23:05 [main] INFO  com.zaxxer.hikari.pool.HikariPool - HikariPool-1 - Added connection org.postgresql.jdbc.PgConnection@1f15e689
2026-09-18 18:23:05 [main] INFO  com.zaxxer.hikari.HikariDataSource - HikariPool-1 - Start completed.
2026-09-18 18:23:05 [main] INFO  o.f.c.i.license.VersionPrinter - Flyway Community Edition 9.22.3 by Redgate
2026-09-18 18:23:05 [main] INFO  o.f.c.i.license.VersionPrinter - See release notes here: https://rd.gt/416ObMi
2026-09-18 18:23:05 [main] INFO  o.f.c.i.license.VersionPrinter - 
2026-09-18 18:23:05 [main] INFO  org.flywaydb.core.FlywayExecutor - Database: jdbc:postgresql://localhost:5432/bdAutoCenterSilva (PostgreSQL 18.3)
2026-09-18 18:23:05 [main] WARN  o.f.c.i.database.base.Database - Flyway upgrade recommended: PostgreSQL 18.3 is newer than this version of Flyway and support has not been tested. The latest supported version of PostgreSQL is 15.
2026-09-18 18:23:05 [main] INFO  o.f.core.internal.command.DbValidate - Successfully validated 10 migrations (execution time 00:00.056s)
2026-09-18 18:23:05 [main] INFO  o.f.core.internal.command.DbMigrate - Current version of schema "public": 10
2026-09-18 18:23:05 [main] INFO  o.f.core.internal.command.DbMigrate - Schema "public" is up to date. No migration necessary.
2026-09-18 18:23:05 [main] INFO  o.h.jpa.internal.util.LogHelper - HHH000204: Processing PersistenceUnitInfo [name: default]
2026-09-18 18:23:06 [main] INFO  org.hibernate.Version - HHH000412: Hibernate ORM core version 6.4.4.Final
2026-09-18 18:23:06 [main] INFO  o.h.c.i.RegionFactoryInitiator - HHH000026: Second-level cache disabled
2026-09-18 18:23:06 [main] WARN  org.hibernate.orm.deprecation - HHH90000025: PostgreSQLDialect does not need to be specified explicitly using 'hibernate.dialect' (remove the property setting and it will be selected by default)
2026-09-18 18:23:07 [main] INFO  o.h.e.t.j.p.i.JtaPlatformInitiator - HHH000489: No JTA platform available (set 'hibernate.transaction.jta.platform' to enable JTA platform integration)
2026-09-18 18:23:08 [main] WARN  o.s.b.a.o.j.JpaBaseConfiguration$JpaWebConfiguration - spring.jpa.open-in-view is enabled by default. Therefore, database queries may be performed during view rendering. Explicitly configure spring.jpa.open-in-view to disable this warning
2026-09-18 18:23:09 [main] INFO  c.a.demo.DemoApplication - Started DemoApplication in 8.054 seconds (process running for 8.892)
2026-09-18 18:23:24 [http-nio-8080-exec-1] INFO  o.a.c.c.C.[Tomcat].[localhost].[/] - Initializing Spring DispatcherServlet 'dispatcherServlet'
2026-09-18 18:23:34 [SpringApplicationShutdownHook] INFO  com.zaxxer.hikari.HikariDataSource - HikariPool-1 - Shutdown initiated...
2026-09-18 18:23:34 [SpringApplicationShutdownHook] INFO  com.zaxxer.hikari.HikariDataSource - HikariPool-1 - Shutdown completed.
2026-09-18 18:49:04 [main] INFO  c.a.demo.DemoApplication - Starting DemoApplication using Java 17.0.12 with PID 6940 (C:\BackPj\demo\target\classes started by lucas in C:\BackPj)
2026-09-18 18:49:04 [main] INFO  c.a.demo.DemoApplication - No active profile set, falling back to 1 default profile: "default"
2026-09-18 18:49:08 [main] INFO  com.zaxxer.hikari.HikariDataSource - HikariPool-1 - Starting...
2026-09-18 18:49:09 [main] INFO  com.zaxxer.hikari.pool.HikariPool - HikariPool-1 - Added connection org.postgresql.jdbc.PgConnection@58feb6b0
2026-09-18 18:49:09 [main] INFO  com.zaxxer.hikari.HikariDataSource - HikariPool-1 - Start completed.
2026-09-18 18:49:09 [main] INFO  o.f.c.i.license.VersionPrinter - Flyway Community Edition 9.22.3 by Redgate
2026-09-18 18:49:09 [main] INFO  o.f.c.i.license.VersionPrinter - See release notes here: https://rd.gt/416ObMi
2026-09-18 18:49:09 [main] INFO  o.f.c.i.license.VersionPrinter - 
2026-09-18 18:49:09 [main] INFO  org.flywaydb.core.FlywayExecutor - Database: jdbc:postgresql://localhost:5432/bdAutoCenterSilva (PostgreSQL 18.3)
2026-09-18 18:49:09 [main] WARN  o.f.c.i.database.base.Database - Flyway upgrade recommended: PostgreSQL 18.3 is newer than this version of Flyway and support has not been tested. The latest supported version of PostgreSQL is 15.
2026-09-18 18:49:09 [main] INFO  o.f.core.internal.command.DbValidate - Successfully validated 10 migrations (execution time 00:00.123s)
2026-09-18 18:49:09 [main] INFO  o.f.core.internal.command.DbMigrate - Current version of schema "public": 10
2026-09-18 18:49:09 [main] INFO  o.f.core.internal.command.DbMigrate - Schema "public" is up to date. No migration necessary.
2026-09-18 18:49:09 [main] INFO  o.h.jpa.internal.util.LogHelper - HHH000204: Processing PersistenceUnitInfo [name: default]
2026-09-18 18:49:09 [main] INFO  org.hibernate.Version - HHH000412: Hibernate ORM core version 6.4.4.Final
2026-09-18 18:49:09 [main] INFO  o.h.c.i.RegionFactoryInitiator - HHH000026: Second-level cache disabled
2026-09-18 18:49:10 [main] WARN  org.hibernate.orm.deprecation - HHH90000025: PostgreSQLDialect does not need to be specified explicitly using 'hibernate.dialect' (remove the property setting and it will be selected by default)
2026-09-18 18:49:12 [main] INFO  o.h.e.t.j.p.i.JtaPlatformInitiator - HHH000489: No JTA platform available (set 'hibernate.transaction.jta.platform' to enable JTA platform integration)
2026-09-18 18:49:13 [main] WARN  o.s.b.a.o.j.JpaBaseConfiguration$JpaWebConfiguration - spring.jpa.open-in-view is enabled by default. Therefore, database queries may be performed during view rendering. Explicitly configure spring.jpa.open-in-view to disable this warning
2026-09-18 18:49:15 [main] INFO  c.a.demo.DemoApplication - Started DemoApplication in 11.796 seconds (process running for 12.747)
2026-09-18 18:49:15 [SpringApplicationShutdownHook] INFO  com.zaxxer.hikari.HikariDataSource - HikariPool-1 - Shutdown initiated...
2026-09-18 18:49:15 [SpringApplicationShutdownHook] INFO  com.zaxxer.hikari.HikariDataSource - HikariPool-1 - Shutdown completed.
2026-09-18 18:50:24 [main] INFO  c.a.demo.DemoApplication - Starting DemoApplication using Java 17.0.12 with PID 5840 (C:\BackPj\demo\target\classes started by lucas in C:\BackPj)
2026-09-18 18:50:24 [main] INFO  c.a.demo.DemoApplication - No active profile set, falling back to 1 default profile: "default"
2026-09-18 18:50:27 [main] INFO  o.a.catalina.core.StandardService - Starting service [Tomcat]
2026-09-18 18:50:27 [main] INFO  o.a.catalina.core.StandardEngine - Starting Servlet engine: [Apache Tomcat/10.1.20]
2026-09-18 18:50:27 [main] INFO  o.a.c.c.C.[Tomcat].[localhost].[/] - Initializing Spring embedded WebApplicationContext
2026-09-18 18:50:27 [main] INFO  com.zaxxer.hikari.HikariDataSource - HikariPool-1 - Starting...
2026-09-18 18:50:28 [main] INFO  com.zaxxer.hikari.pool.HikariPool - HikariPool-1 - Added connection org.postgresql.jdbc.PgConnection@3ebc955b
2026-09-18 18:50:28 [main] INFO  com.zaxxer.hikari.HikariDataSource - HikariPool-1 - Start completed.
2026-09-18 18:50:28 [main] INFO  o.f.c.i.license.VersionPrinter - Flyway Community Edition 9.22.3 by Redgate
2026-09-18 18:50:28 [main] INFO  o.f.c.i.license.VersionPrinter - See release notes here: https://rd.gt/416ObMi
2026-09-18 18:50:28 [main] INFO  o.f.c.i.license.VersionPrinter - 
2026-09-18 18:50:28 [main] INFO  org.flywaydb.core.FlywayExecutor - Database: jdbc:postgresql://localhost:5432/bdAutoCenterSilva (PostgreSQL 18.3)
2026-09-18 18:50:28 [main] WARN  o.f.c.i.database.base.Database - Flyway upgrade recommended: PostgreSQL 18.3 is newer than this version of Flyway and support has not been tested. The latest supported version of PostgreSQL is 15.
2026-09-18 18:50:28 [main] INFO  o.f.core.internal.command.DbValidate - Successfully validated 10 migrations (execution time 00:00.087s)
2026-09-18 18:50:28 [main] INFO  o.f.core.internal.command.DbMigrate - Current version of schema "public": 10
2026-09-18 18:50:28 [main] INFO  o.f.core.internal.command.DbMigrate - Schema "public" is up to date. No migration necessary.
2026-09-18 18:50:28 [main] INFO  o.h.jpa.internal.util.LogHelper - HHH000204: Processing PersistenceUnitInfo [name: default]
2026-09-18 18:50:28 [main] INFO  org.hibernate.Version - HHH000412: Hibernate ORM core version 6.4.4.Final
2026-09-18 18:50:28 [main] INFO  o.h.c.i.RegionFactoryInitiator - HHH000026: Second-level cache disabled
2026-09-18 18:50:29 [main] WARN  org.hibernate.orm.deprecation - HHH90000025: PostgreSQLDialect does not need to be specified explicitly using 'hibernate.dialect' (remove the property setting and it will be selected by default)
2026-09-18 18:50:31 [main] INFO  o.h.e.t.j.p.i.JtaPlatformInitiator - HHH000489: No JTA platform available (set 'hibernate.transaction.jta.platform' to enable JTA platform integration)
2026-09-18 18:50:32 [main] WARN  o.s.b.a.o.j.JpaBaseConfiguration$JpaWebConfiguration - spring.jpa.open-in-view is enabled by default. Therefore, database queries may be performed during view rendering. Explicitly configure spring.jpa.open-in-view to disable this warning
2026-09-18 18:50:33 [main] INFO  c.a.demo.DemoApplication - Started DemoApplication in 9.528 seconds (process running for 10.247)
2026-09-18 18:52:07 [http-nio-8080-exec-2] INFO  o.a.c.c.C.[Tomcat].[localhost].[/] - Initializing Spring DispatcherServlet 'dispatcherServlet'
2026-09-18 18:52:08 [http-nio-8080-exec-2] ERROR c.a.d.c.GlobalExceptionHandler - Erro crítico não tratado no sistema: 
org.springframework.web.servlet.resource.NoResourceFoundException: No static resource api/carrolistar/veiculos.
	at org.springframework.web.servlet.resource.ResourceHttpRequestHandler.handleRequest(ResourceHttpRequestHandler.java:585)
	at org.springframework.web.servlet.mvc.HttpRequestHandlerAdapter.handle(HttpRequestHandlerAdapter.java:52)
	at org.springframework.web.servlet.DispatcherServlet.doDispatch(DispatcherServlet.java:1089)
	at org.springframework.web.servlet.DispatcherServlet.doService(DispatcherServlet.java:979)
	at org.springframework.web.servlet.FrameworkServlet.processRequest(FrameworkServlet.java:1014)
	at org.springframework.web.servlet.FrameworkServlet.doGet(FrameworkServlet.java:903)
	at jakarta.servlet.http.HttpServlet.service(HttpServlet.java:564)
	at org.springframework.web.servlet.FrameworkServlet.service(FrameworkServlet.java:885)
	at jakarta.servlet.http.HttpServlet.service(HttpServlet.java:658)
	at org.apache.catalina.core.ApplicationFilterChain.internalDoFilter(ApplicationFilterChain.java:206)
	at org.apache.catalina.core.ApplicationFilterChain.doFilter(ApplicationFilterChain.java:150)
	at org.apache.tomcat.websocket.server.WsFilter.doFilter(WsFilter.java:51)
	at org.apache.catalina.core.ApplicationFilterChain.internalDoFilter(ApplicationFilterChain.java:175)
	at org.apache.catalina.core.ApplicationFilterChain.doFilter(ApplicationFilterChain.java:150)
	at org.springframework.web.filter.RequestContextFilter.doFilterInternal(RequestContextFilter.java:100)
	at org.springframework.web.filter.OncePerRequestFilter.doFilter(OncePerRequestFilter.java:116)
	at org.apache.catalina.core.ApplicationFilterChain.internalDoFilter(ApplicationFilterChain.java:175)
	at org.apache.catalina.core.ApplicationFilterChain.doFilter(ApplicationFilterChain.java:150)
	at org.springframework.web.filter.FormContentFilter.doFilterInternal(FormContentFilter.java:93)
	at org.springframework.web.filter.OncePerRequestFilter.doFilter(OncePerRequestFilter.java:116)
	at org.apache.catalina.core.ApplicationFilterChain.internalDoFilter(ApplicationFilterChain.java:175)
	at org.apache.catalina.core.ApplicationFilterChain.doFilter(ApplicationFilterChain.java:150)
	at org.springframework.web.filter.CharacterEncodingFilter.doFilterInternal(CharacterEncodingFilter.java:201)
	at org.springframework.web.filter.OncePerRequestFilter.doFilter(OncePerRequestFilter.java:116)
	at org.apache.catalina.core.ApplicationFilterChain.internalDoFilter(ApplicationFilterChain.java:175)
	at org.apache.catalina.core.ApplicationFilterChain.doFilter(ApplicationFilterChain.java:150)
	at org.apache.catalina.core.StandardWrapperValve.invoke(StandardWrapperValve.java:167)
	at org.apache.catalina.core.StandardContextValve.invoke(StandardContextValve.java:90)
	at org.apache.catalina.authenticator.AuthenticatorBase.invoke(AuthenticatorBase.java:482)
	at org.apache.catalina.core.StandardHostValve.invoke(StandardHostValve.java:115)
	at org.apache.catalina.valves.ErrorReportValve.invoke(ErrorReportValve.java:93)
	at org.apache.catalina.core.StandardEngineValve.invoke(StandardEngineValve.java:74)
	at org.apache.catalina.connector.CoyoteAdapter.service(CoyoteAdapter.java:344)
	at org.apache.coyote.http11.Http11Processor.service(Http11Processor.java:391)
	at org.apache.coyote.AbstractProcessorLight.process(AbstractProcessorLight.java:63)
	at org.apache.coyote.AbstractProtocol$ConnectionHandler.process(AbstractProtocol.java:896)
	at org.apache.tomcat.util.net.NioEndpoint$SocketProcessor.doRun(NioEndpoint.java:1736)
	at org.apache.tomcat.util.net.SocketProcessorBase.run(SocketProcessorBase.java:52)
	at org.apache.tomcat.util.threads.ThreadPoolExecutor.runWorker(ThreadPoolExecutor.java:1191)
	at org.apache.tomcat.util.threads.ThreadPoolExecutor$Worker.run(ThreadPoolExecutor.java:659)
	at org.apache.tomcat.util.threads.TaskThread$WrappingRunnable.run(TaskThread.java:63)
	at java.base/java.lang.Thread.run(Thread.java:842)
2026-09-18 18:52:38 [SpringApplicationShutdownHook] INFO  com.zaxxer.hikari.HikariDataSource - HikariPool-1 - Shutdown initiated...
2026-09-18 18:52:38 [SpringApplicationShutdownHook] INFO  com.zaxxer.hikari.HikariDataSource - HikariPool-1 - Shutdown completed.
2026-09-18 18:52:49 [main] INFO  c.a.demo.DemoApplication - Starting DemoApplication using Java 17.0.12 with PID 11408 (C:\BackPj\demo\target\classes started by lucas in C:\BackPj)
2026-09-18 18:52:49 [main] INFO  c.a.demo.DemoApplication - No active profile set, falling back to 1 default profile: "default"
2026-09-18 18:52:53 [main] INFO  o.a.catalina.core.StandardService - Starting service [Tomcat]
2026-09-18 18:52:53 [main] INFO  o.a.catalina.core.StandardEngine - Starting Servlet engine: [Apache Tomcat/10.1.20]
2026-09-18 18:52:53 [main] INFO  o.a.c.c.C.[Tomcat].[localhost].[/] - Initializing Spring embedded WebApplicationContext
2026-09-18 18:52:53 [main] INFO  com.zaxxer.hikari.HikariDataSource - HikariPool-1 - Starting...
2026-09-18 18:52:53 [main] INFO  com.zaxxer.hikari.pool.HikariPool - HikariPool-1 - Added connection org.postgresql.jdbc.PgConnection@3830f918
2026-09-18 18:52:53 [main] INFO  com.zaxxer.hikari.HikariDataSource - HikariPool-1 - Start completed.
2026-09-18 18:52:53 [main] INFO  o.f.c.i.license.VersionPrinter - Flyway Community Edition 9.22.3 by Redgate
2026-09-18 18:52:53 [main] INFO  o.f.c.i.license.VersionPrinter - See release notes here: https://rd.gt/416ObMi
2026-09-18 18:52:53 [main] INFO  o.f.c.i.license.VersionPrinter - 
2026-09-18 18:52:53 [main] INFO  org.flywaydb.core.FlywayExecutor - Database: jdbc:postgresql://localhost:5432/bdAutoCenterSilva (PostgreSQL 18.3)
2026-09-18 18:52:53 [main] WARN  o.f.c.i.database.base.Database - Flyway upgrade recommended: PostgreSQL 18.3 is newer than this version of Flyway and support has not been tested. The latest supported version of PostgreSQL is 15.
2026-09-18 18:52:53 [main] INFO  o.f.core.internal.command.DbValidate - Successfully validated 10 migrations (execution time 00:00.074s)
2026-09-18 18:52:53 [main] INFO  o.f.core.internal.command.DbMigrate - Current version of schema "public": 10
2026-09-18 18:52:53 [main] INFO  o.f.core.internal.command.DbMigrate - Schema "public" is up to date. No migration necessary.
2026-09-18 18:52:54 [main] INFO  o.h.jpa.internal.util.LogHelper - HHH000204: Processing PersistenceUnitInfo [name: default]
2026-09-18 18:52:54 [main] INFO  org.hibernate.Version - HHH000412: Hibernate ORM core version 6.4.4.Final
2026-09-18 18:52:54 [main] INFO  o.h.c.i.RegionFactoryInitiator - HHH000026: Second-level cache disabled
2026-09-18 18:52:54 [main] WARN  org.hibernate.orm.deprecation - HHH90000025: PostgreSQLDialect does not need to be specified explicitly using 'hibernate.dialect' (remove the property setting and it will be selected by default)
2026-09-18 18:52:56 [main] INFO  o.h.e.t.j.p.i.JtaPlatformInitiator - HHH000489: No JTA platform available (set 'hibernate.transaction.jta.platform' to enable JTA platform integration)
2026-09-18 18:52:57 [main] WARN  o.s.b.a.o.j.JpaBaseConfiguration$JpaWebConfiguration - spring.jpa.open-in-view is enabled by default. Therefore, database queries may be performed during view rendering. Explicitly configure spring.jpa.open-in-view to disable this warning
2026-09-18 18:52:58 [main] INFO  c.a.demo.DemoApplication - Started DemoApplication in 11.431 seconds (process running for 12.669)
2026-09-18 18:53:25 [http-nio-8080-exec-1] INFO  o.a.c.c.C.[Tomcat].[localhost].[/] - Initializing Spring DispatcherServlet 'dispatcherServlet'
2026-09-18 18:53:25 [http-nio-8080-exec-1] INFO  c.a.demo.service.CarrosService - Buscando todos os carros no Banco de Dados!
2026-09-18 18:55:27 [SpringApplicationShutdownHook] INFO  com.zaxxer.hikari.HikariDataSource - HikariPool-1 - Shutdown initiated...
2026-09-18 18:55:27 [SpringApplicationShutdownHook] INFO  com.zaxxer.hikari.HikariDataSource - HikariPool-1 - Shutdown completed.
2026-09-18 19:45:46 [main] INFO  c.a.demo.DemoApplication - Starting DemoApplication using Java 17.0.12 with PID 18880 (C:\BackPj\demo\target\classes started by lucas in C:\BackPj)
2026-09-18 19:45:46 [main] INFO  c.a.demo.DemoApplication - No active profile set, falling back to 1 default profile: "default"
2026-09-18 19:45:48 [main] INFO  o.a.catalina.core.StandardService - Starting service [Tomcat]
2026-09-18 19:45:48 [main] INFO  o.a.catalina.core.StandardEngine - Starting Servlet engine: [Apache Tomcat/10.1.20]
2026-09-18 19:45:48 [main] INFO  o.a.c.c.C.[Tomcat].[localhost].[/] - Initializing Spring embedded WebApplicationContext
2026-09-18 19:45:49 [main] INFO  com.zaxxer.hikari.HikariDataSource - HikariPool-1 - Starting...
2026-09-18 19:45:50 [main] INFO  com.zaxxer.hikari.pool.HikariPool - HikariPool-1 - Added connection org.postgresql.jdbc.PgConnection@5bb911c1
2026-09-18 19:45:50 [main] INFO  com.zaxxer.hikari.HikariDataSource - HikariPool-1 - Start completed.
2026-09-18 19:45:50 [main] INFO  o.f.c.i.license.VersionPrinter - Flyway Community Edition 9.22.3 by Redgate
2026-09-18 19:45:50 [main] INFO  o.f.c.i.license.VersionPrinter - See release notes here: https://rd.gt/416ObMi
2026-09-18 19:45:50 [main] INFO  o.f.c.i.license.VersionPrinter - 
2026-09-18 19:45:50 [main] INFO  org.flywaydb.core.FlywayExecutor - Database: jdbc:postgresql://localhost:5432/bdAutoCenterSilva (PostgreSQL 18.3)
2026-09-18 19:45:50 [main] WARN  o.f.c.i.database.base.Database - Flyway upgrade recommended: PostgreSQL 18.3 is newer than this version of Flyway and support has not been tested. The latest supported version of PostgreSQL is 15.
2026-09-18 19:45:50 [main] INFO  o.f.core.internal.command.DbValidate - Successfully validated 10 migrations (execution time 00:00.085s)
2026-09-18 19:45:50 [main] INFO  o.f.core.internal.command.DbMigrate - Current version of schema "public": 10
2026-09-18 19:45:50 [main] INFO  o.f.core.internal.command.DbMigrate - Schema "public" is up to date. No migration necessary.
2026-09-18 19:45:50 [main] INFO  o.h.jpa.internal.util.LogHelper - HHH000204: Processing PersistenceUnitInfo [name: default]
2026-09-18 19:45:50 [main] INFO  org.hibernate.Version - HHH000412: Hibernate ORM core version 6.4.4.Final
2026-09-18 19:45:50 [main] INFO  o.h.c.i.RegionFactoryInitiator - HHH000026: Second-level cache disabled
2026-09-18 19:45:51 [main] WARN  org.hibernate.orm.deprecation - HHH90000025: PostgreSQLDialect does not need to be specified explicitly using 'hibernate.dialect' (remove the property setting and it will be selected by default)
2026-09-18 19:45:52 [main] INFO  o.h.e.t.j.p.i.JtaPlatformInitiator - HHH000489: No JTA platform available (set 'hibernate.transaction.jta.platform' to enable JTA platform integration)
2026-09-18 19:45:53 [main] WARN  o.s.b.a.o.j.JpaBaseConfiguration$JpaWebConfiguration - spring.jpa.open-in-view is enabled by default. Therefore, database queries may be performed during view rendering. Explicitly configure spring.jpa.open-in-view to disable this warning
2026-09-18 19:45:53 [main] INFO  c.a.demo.DemoApplication - Started DemoApplication in 8.748 seconds (process running for 9.694)
2026-09-18 19:47:58 [http-nio-8080-exec-1] INFO  o.a.c.c.C.[Tomcat].[localhost].[/] - Initializing Spring DispatcherServlet 'dispatcherServlet'
2026-09-18 19:47:58 [http-nio-8080-exec-1] ERROR c.a.d.c.GlobalExceptionHandler - Erro crítico não tratado no sistema: 
org.springframework.web.bind.MissingPathVariableException: Required URI template variable 'variacaoId' for method parameter type Long is not present
	at org.springframework.web.servlet.mvc.method.annotation.PathVariableMethodArgumentResolver.handleMissingValue(PathVariableMethodArgumentResolver.java:101)
	at org.springframework.web.method.annotation.AbstractNamedValueMethodArgumentResolver.handleMissingValue(AbstractNamedValueMethodArgumentResolver.java:235)
	at org.springframework.web.method.annotation.AbstractNamedValueMethodArgumentResolver.resolveArgument(AbstractNamedValueMethodArgumentResolver.java:126)
	at org.springframework.web.method.support.HandlerMethodArgumentResolverComposite.resolveArgument(HandlerMethodArgumentResolverComposite.java:122)
	at org.springframework.web.method.support.InvocableHandlerMethod.getMethodArgumentValues(InvocableHandlerMethod.java:224)
	at org.springframework.web.method.support.InvocableHandlerMethod.invokeForRequest(InvocableHandlerMethod.java:178)
	at org.springframework.web.servlet.mvc.method.annotation.ServletInvocableHandlerMethod.invokeAndHandle(ServletInvocableHandlerMethod.java:118)
	at org.springframework.web.servlet.mvc.method.annotation.RequestMappingHandlerAdapter.invokeHandlerMethod(RequestMappingHandlerAdapter.java:926)
	at org.springframework.web.servlet.mvc.method.annotation.RequestMappingHandlerAdapter.handleInternal(RequestMappingHandlerAdapter.java:831)
	at org.springframework.web.servlet.mvc.method.AbstractHandlerMethodAdapter.handle(AbstractHandlerMethodAdapter.java:87)
	at org.springframework.web.servlet.DispatcherServlet.doDispatch(DispatcherServlet.java:1089)
	at org.springframework.web.servlet.DispatcherServlet.doService(DispatcherServlet.java:979)
	at org.springframework.web.servlet.FrameworkServlet.processRequest(FrameworkServlet.java:1014)
	at org.springframework.web.servlet.FrameworkServlet.doDelete(FrameworkServlet.java:936)
	at jakarta.servlet.http.HttpServlet.service(HttpServlet.java:596)
	at org.springframework.web.servlet.FrameworkServlet.service(FrameworkServlet.java:885)
	at jakarta.servlet.http.HttpServlet.service(HttpServlet.java:658)
	at org.apache.catalina.core.ApplicationFilterChain.internalDoFilter(ApplicationFilterChain.java:206)
	at org.apache.catalina.core.ApplicationFilterChain.doFilter(ApplicationFilterChain.java:150)
	at org.apache.tomcat.websocket.server.WsFilter.doFilter(WsFilter.java:51)
	at org.apache.catalina.core.ApplicationFilterChain.internalDoFilter(ApplicationFilterChain.java:175)
	at org.apache.catalina.core.ApplicationFilterChain.doFilter(ApplicationFilterChain.java:150)
	at org.springframework.web.filter.RequestContextFilter.doFilterInternal(RequestContextFilter.java:100)
	at org.springframework.web.filter.OncePerRequestFilter.doFilter(OncePerRequestFilter.java:116)
	at org.apache.catalina.core.ApplicationFilterChain.internalDoFilter(ApplicationFilterChain.java:175)
	at org.apache.catalina.core.ApplicationFilterChain.doFilter(ApplicationFilterChain.java:150)
	at org.springframework.web.filter.FormContentFilter.doFilterInternal(FormContentFilter.java:93)
	at org.springframework.web.filter.OncePerRequestFilter.doFilter(OncePerRequestFilter.java:116)
	at org.apache.catalina.core.ApplicationFilterChain.internalDoFilter(ApplicationFilterChain.java:175)
	at org.apache.catalina.core.ApplicationFilterChain.doFilter(ApplicationFilterChain.java:150)
	at org.springframework.web.filter.CharacterEncodingFilter.doFilterInternal(CharacterEncodingFilter.java:201)
	at org.springframework.web.filter.OncePerRequestFilter.doFilter(OncePerRequestFilter.java:116)
	at org.apache.catalina.core.ApplicationFilterChain.internalDoFilter(ApplicationFilterChain.java:175)
	at org.apache.catalina.core.ApplicationFilterChain.doFilter(ApplicationFilterChain.java:150)
	at org.apache.catalina.core.StandardWrapperValve.invoke(StandardWrapperValve.java:167)
	at org.apache.catalina.core.StandardContextValve.invoke(StandardContextValve.java:90)
	at org.apache.catalina.authenticator.AuthenticatorBase.invoke(AuthenticatorBase.java:482)
	at org.apache.catalina.core.StandardHostValve.invoke(StandardHostValve.java:115)
	at org.apache.catalina.valves.ErrorReportValve.invoke(ErrorReportValve.java:93)
	at org.apache.catalina.core.StandardEngineValve.invoke(StandardEngineValve.java:74)
	at org.apache.catalina.connector.CoyoteAdapter.service(CoyoteAdapter.java:344)
	at org.apache.coyote.http11.Http11Processor.service(Http11Processor.java:391)
	at org.apache.coyote.AbstractProcessorLight.process(AbstractProcessorLight.java:63)
	at org.apache.coyote.AbstractProtocol$ConnectionHandler.process(AbstractProtocol.java:896)
	at org.apache.tomcat.util.net.NioEndpoint$SocketProcessor.doRun(NioEndpoint.java:1736)
	at org.apache.tomcat.util.net.SocketProcessorBase.run(SocketProcessorBase.java:52)
	at org.apache.tomcat.util.threads.ThreadPoolExecutor.runWorker(ThreadPoolExecutor.java:1191)
	at org.apache.tomcat.util.threads.ThreadPoolExecutor$Worker.run(ThreadPoolExecutor.java:659)
	at org.apache.tomcat.util.threads.TaskThread$WrappingRunnable.run(TaskThread.java:63)
	at java.base/java.lang.Thread.run(Thread.java:842)
2026-09-18 19:48:24 [SpringApplicationShutdownHook] INFO  com.zaxxer.hikari.HikariDataSource - HikariPool-1 - Shutdown initiated...
2026-09-18 19:48:24 [SpringApplicationShutdownHook] INFO  com.zaxxer.hikari.HikariDataSource - HikariPool-1 - Shutdown completed.
2026-09-18 19:48:46 [main] INFO  c.a.demo.DemoApplication - Starting DemoApplication using Java 17.0.12 with PID 4900 (C:\BackPj\demo\target\classes started by lucas in C:\BackPj)
2026-09-18 19:48:46 [main] INFO  c.a.demo.DemoApplication - No active profile set, falling back to 1 default profile: "default"
2026-09-18 19:48:50 [main] INFO  o.a.catalina.core.StandardService - Starting service [Tomcat]
2026-09-18 19:48:50 [main] INFO  o.a.catalina.core.StandardEngine - Starting Servlet engine: [Apache Tomcat/10.1.20]
2026-09-18 19:48:50 [main] INFO  o.a.c.c.C.[Tomcat].[localhost].[/] - Initializing Spring embedded WebApplicationContext
2026-09-18 19:48:50 [main] INFO  com.zaxxer.hikari.HikariDataSource - HikariPool-1 - Starting...
2026-09-18 19:48:51 [main] INFO  com.zaxxer.hikari.pool.HikariPool - HikariPool-1 - Added connection org.postgresql.jdbc.PgConnection@11b5f4e2
2026-09-18 19:48:51 [main] INFO  com.zaxxer.hikari.HikariDataSource - HikariPool-1 - Start completed.
2026-09-18 19:48:51 [main] INFO  o.f.c.i.license.VersionPrinter - Flyway Community Edition 9.22.3 by Redgate
2026-09-18 19:48:51 [main] INFO  o.f.c.i.license.VersionPrinter - See release notes here: https://rd.gt/416ObMi
2026-09-18 19:48:51 [main] INFO  o.f.c.i.license.VersionPrinter - 
2026-09-18 19:48:51 [main] INFO  org.flywaydb.core.FlywayExecutor - Database: jdbc:postgresql://localhost:5432/bdAutoCenterSilva (PostgreSQL 18.3)
2026-09-18 19:48:51 [main] WARN  o.f.c.i.database.base.Database - Flyway upgrade recommended: PostgreSQL 18.3 is newer than this version of Flyway and support has not been tested. The latest supported version of PostgreSQL is 15.
2026-09-18 19:48:51 [main] INFO  o.f.core.internal.command.DbValidate - Successfully validated 10 migrations (execution time 00:00.065s)
2026-09-18 19:48:51 [main] INFO  o.f.core.internal.command.DbMigrate - Current version of schema "public": 10
2026-09-18 19:48:51 [main] INFO  o.f.core.internal.command.DbMigrate - Schema "public" is up to date. No migration necessary.
2026-09-18 19:48:51 [main] INFO  o.h.jpa.internal.util.LogHelper - HHH000204: Processing PersistenceUnitInfo [name: default]
2026-09-18 19:48:51 [main] INFO  org.hibernate.Version - HHH000412: Hibernate ORM core version 6.4.4.Final
2026-09-18 19:48:52 [main] INFO  o.h.c.i.RegionFactoryInitiator - HHH000026: Second-level cache disabled
2026-09-18 19:48:52 [main] WARN  org.hibernate.orm.deprecation - HHH90000025: PostgreSQLDialect does not need to be specified explicitly using 'hibernate.dialect' (remove the property setting and it will be selected by default)
2026-09-18 19:48:53 [main] INFO  o.h.e.t.j.p.i.JtaPlatformInitiator - HHH000489: No JTA platform available (set 'hibernate.transaction.jta.platform' to enable JTA platform integration)
2026-09-18 19:48:54 [main] WARN  o.s.b.a.o.j.JpaBaseConfiguration$JpaWebConfiguration - spring.jpa.open-in-view is enabled by default. Therefore, database queries may be performed during view rendering. Explicitly configure spring.jpa.open-in-view to disable this warning
2026-09-18 19:48:55 [main] INFO  c.a.demo.DemoApplication - Started DemoApplication in 10.676 seconds (process running for 12.119)
2026-09-18 19:49:17 [http-nio-8080-exec-1] INFO  o.a.c.c.C.[Tomcat].[localhost].[/] - Initializing Spring DispatcherServlet 'dispatcherServlet'
2026-09-18 19:49:17 [http-nio-8080-exec-1] INFO  c.a.d.controller.ProdutosController - Requisição recebida: DELETE -  /api/produtos/remover/variacao/4/produto/3
2026-09-18 19:49:17 [http-nio-8080-exec-1] INFO  c.a.demo.service.ProdutosService - Variacao removida do produto com ID 
2026-09-18 19:50:05 [SpringApplicationShutdownHook] INFO  com.zaxxer.hikari.HikariDataSource - HikariPool-1 - Shutdown initiated...
2026-09-18 19:50:05 [SpringApplicationShutdownHook] INFO  com.zaxxer.hikari.HikariDataSource - HikariPool-1 - Shutdown completed.
2026-09-18 19:50:41 [main] INFO  c.a.demo.DemoApplication - Starting DemoApplication using Java 17.0.12 with PID 26828 (C:\BackPj\demo\target\classes started by lucas in C:\BackPj)
2026-09-18 19:50:41 [main] INFO  c.a.demo.DemoApplication - No active profile set, falling back to 1 default profile: "default"
2026-09-18 19:50:44 [main] INFO  o.a.catalina.core.StandardService - Starting service [Tomcat]
2026-09-18 19:50:44 [main] INFO  o.a.catalina.core.StandardEngine - Starting Servlet engine: [Apache Tomcat/10.1.20]
2026-09-18 19:50:44 [main] INFO  o.a.c.c.C.[Tomcat].[localhost].[/] - Initializing Spring embedded WebApplicationContext
2026-09-18 19:50:44 [main] INFO  com.zaxxer.hikari.HikariDataSource - HikariPool-1 - Starting...
2026-09-18 19:50:44 [main] INFO  com.zaxxer.hikari.pool.HikariPool - HikariPool-1 - Added connection org.postgresql.jdbc.PgConnection@632b305d
2026-09-18 19:50:44 [main] INFO  com.zaxxer.hikari.HikariDataSource - HikariPool-1 - Start completed.
2026-09-18 19:50:44 [main] INFO  o.f.c.i.license.VersionPrinter - Flyway Community Edition 9.22.3 by Redgate
2026-09-18 19:50:44 [main] INFO  o.f.c.i.license.VersionPrinter - See release notes here: https://rd.gt/416ObMi
2026-09-18 19:50:44 [main] INFO  o.f.c.i.license.VersionPrinter - 
2026-09-18 19:50:44 [main] INFO  org.flywaydb.core.FlywayExecutor - Database: jdbc:postgresql://localhost:5432/bdAutoCenterSilva (PostgreSQL 18.3)
2026-09-18 19:50:44 [main] WARN  o.f.c.i.database.base.Database - Flyway upgrade recommended: PostgreSQL 18.3 is newer than this version of Flyway and support has not been tested. The latest supported version of PostgreSQL is 15.
2026-09-18 19:50:44 [main] INFO  o.f.core.internal.command.DbValidate - Successfully validated 10 migrations (execution time 00:00.081s)
2026-09-18 19:50:44 [main] INFO  o.f.core.internal.command.DbMigrate - Current version of schema "public": 10
2026-09-18 19:50:44 [main] INFO  o.f.core.internal.command.DbMigrate - Schema "public" is up to date. No migration necessary.
2026-09-18 19:50:45 [main] INFO  o.h.jpa.internal.util.LogHelper - HHH000204: Processing PersistenceUnitInfo [name: default]
2026-09-18 19:50:45 [main] INFO  org.hibernate.Version - HHH000412: Hibernate ORM core version 6.4.4.Final
2026-09-18 19:50:45 [main] INFO  o.h.c.i.RegionFactoryInitiator - HHH000026: Second-level cache disabled
2026-09-18 19:50:45 [main] WARN  org.hibernate.orm.deprecation - HHH90000025: PostgreSQLDialect does not need to be specified explicitly using 'hibernate.dialect' (remove the property setting and it will be selected by default)
2026-09-18 19:50:47 [main] INFO  o.h.e.t.j.p.i.JtaPlatformInitiator - HHH000489: No JTA platform available (set 'hibernate.transaction.jta.platform' to enable JTA platform integration)
2026-09-18 19:50:48 [main] WARN  o.s.b.a.o.j.JpaBaseConfiguration$JpaWebConfiguration - spring.jpa.open-in-view is enabled by default. Therefore, database queries may be performed during view rendering. Explicitly configure spring.jpa.open-in-view to disable this warning
2026-09-18 19:50:49 [main] INFO  c.a.demo.DemoApplication - Started DemoApplication in 9.234 seconds (process running for 10.085)
2026-09-18 19:50:56 [http-nio-8080-exec-1] INFO  o.a.c.c.C.[Tomcat].[localhost].[/] - Initializing Spring DispatcherServlet 'dispatcherServlet'
2026-09-18 19:50:56 [http-nio-8080-exec-1] INFO  c.a.d.controller.ProdutosController - Requisição recebida: DELETE -  /api/produtos/remover/variacao/4/produto/3
2026-09-18 19:50:56 [http-nio-8080-exec-1] INFO  c.a.demo.service.ProdutosService - Variacao removida do produto com ID 3
2026-09-18 19:51:35 [http-nio-8080-exec-2] INFO  c.a.d.controller.ProdutosController - Requisição recebida: DELETE -  /api/produtos/remover/variacao/4/produto/3
2026-09-18 19:51:35 [http-nio-8080-exec-2] INFO  c.a.demo.service.ProdutosService - Variacao removida do produto com ID 3
2026-09-18 19:51:41 [SpringApplicationShutdownHook] INFO  com.zaxxer.hikari.HikariDataSource - HikariPool-1 - Shutdown initiated...
2026-09-18 19:51:41 [SpringApplicationShutdownHook] INFO  com.zaxxer.hikari.HikariDataSource - HikariPool-1 - Shutdown completed.
2026-09-18 19:58:00 [main] INFO  c.a.demo.DemoApplication - Starting DemoApplication using Java 17.0.12 with PID 18668 (C:\BackPj\demo\target\classes started by lucas in C:\BackPj)
2026-09-18 19:58:00 [main] INFO  c.a.demo.DemoApplication - No active profile set, falling back to 1 default profile: "default"
2026-09-18 19:58:03 [main] INFO  o.a.catalina.core.StandardService - Starting service [Tomcat]
2026-09-18 19:58:03 [main] INFO  o.a.catalina.core.StandardEngine - Starting Servlet engine: [Apache Tomcat/10.1.20]
2026-09-18 19:58:03 [main] INFO  o.a.c.c.C.[Tomcat].[localhost].[/] - Initializing Spring embedded WebApplicationContext
2026-09-18 19:58:04 [main] INFO  com.zaxxer.hikari.HikariDataSource - HikariPool-1 - Starting...
2026-09-18 19:58:04 [main] INFO  com.zaxxer.hikari.pool.HikariPool - HikariPool-1 - Added connection org.postgresql.jdbc.PgConnection@3830f918
2026-09-18 19:58:04 [main] INFO  com.zaxxer.hikari.HikariDataSource - HikariPool-1 - Start completed.
2026-09-18 19:58:04 [main] INFO  o.f.c.i.license.VersionPrinter - Flyway Community Edition 9.22.3 by Redgate
2026-09-18 19:58:04 [main] INFO  o.f.c.i.license.VersionPrinter - See release notes here: https://rd.gt/416ObMi
2026-09-18 19:58:04 [main] INFO  o.f.c.i.license.VersionPrinter - 
2026-09-18 19:58:04 [main] INFO  org.flywaydb.core.FlywayExecutor - Database: jdbc:postgresql://localhost:5432/bdAutoCenterSilva (PostgreSQL 18.3)
2026-09-18 19:58:04 [main] WARN  o.f.c.i.database.base.Database - Flyway upgrade recommended: PostgreSQL 18.3 is newer than this version of Flyway and support has not been tested. The latest supported version of PostgreSQL is 15.
2026-09-18 19:58:04 [main] INFO  o.f.core.internal.command.DbValidate - Successfully validated 10 migrations (execution time 00:00.087s)
2026-09-18 19:58:04 [main] INFO  o.f.core.internal.command.DbMigrate - Current version of schema "public": 10
2026-09-18 19:58:04 [main] INFO  o.f.core.internal.command.DbMigrate - Schema "public" is up to date. No migration necessary.
2026-09-18 19:58:05 [main] INFO  o.h.jpa.internal.util.LogHelper - HHH000204: Processing PersistenceUnitInfo [name: default]
2026-09-18 19:58:05 [main] INFO  org.hibernate.Version - HHH000412: Hibernate ORM core version 6.4.4.Final
2026-09-18 19:58:05 [main] INFO  o.h.c.i.RegionFactoryInitiator - HHH000026: Second-level cache disabled
2026-09-18 19:58:06 [main] WARN  org.hibernate.orm.deprecation - HHH90000025: PostgreSQLDialect does not need to be specified explicitly using 'hibernate.dialect' (remove the property setting and it will be selected by default)
2026-09-18 19:58:08 [main] INFO  o.h.e.t.j.p.i.JtaPlatformInitiator - HHH000489: No JTA platform available (set 'hibernate.transaction.jta.platform' to enable JTA platform integration)
2026-09-18 19:58:09 [main] WARN  o.s.b.a.o.j.JpaBaseConfiguration$JpaWebConfiguration - spring.jpa.open-in-view is enabled by default. Therefore, database queries may be performed during view rendering. Explicitly configure spring.jpa.open-in-view to disable this warning
2026-09-18 19:58:10 [main] INFO  c.a.demo.DemoApplication - Started DemoApplication in 11.695 seconds (process running for 12.666)
2026-09-18 20:00:41 [http-nio-8080-exec-2] INFO  o.a.c.c.C.[Tomcat].[localhost].[/] - Initializing Spring DispatcherServlet 'dispatcherServlet'
2026-09-18 20:00:41 [http-nio-8080-exec-2] ERROR c.a.d.c.GlobalExceptionHandler - Erro crítico não tratado no sistema: 
org.springframework.web.servlet.resource.NoResourceFoundException: No static resource api/produtos/remover/variacao/4/produto/3.
	at org.springframework.web.servlet.resource.ResourceHttpRequestHandler.handleRequest(ResourceHttpRequestHandler.java:585)
	at org.springframework.web.servlet.mvc.HttpRequestHandlerAdapter.handle(HttpRequestHandlerAdapter.java:52)
	at org.springframework.web.servlet.DispatcherServlet.doDispatch(DispatcherServlet.java:1089)
	at org.springframework.web.servlet.DispatcherServlet.doService(DispatcherServlet.java:979)
	at org.springframework.web.servlet.FrameworkServlet.processRequest(FrameworkServlet.java:1014)
	at org.springframework.web.servlet.FrameworkServlet.doDelete(FrameworkServlet.java:936)
	at jakarta.servlet.http.HttpServlet.service(HttpServlet.java:596)
	at org.springframework.web.servlet.FrameworkServlet.service(FrameworkServlet.java:885)
	at jakarta.servlet.http.HttpServlet.service(HttpServlet.java:658)
	at org.apache.catalina.core.ApplicationFilterChain.internalDoFilter(ApplicationFilterChain.java:206)
	at org.apache.catalina.core.ApplicationFilterChain.doFilter(ApplicationFilterChain.java:150)
	at org.apache.tomcat.websocket.server.WsFilter.doFilter(WsFilter.java:51)
	at org.apache.catalina.core.ApplicationFilterChain.internalDoFilter(ApplicationFilterChain.java:175)
	at org.apache.catalina.core.ApplicationFilterChain.doFilter(ApplicationFilterChain.java:150)
	at org.springframework.web.filter.RequestContextFilter.doFilterInternal(RequestContextFilter.java:100)
	at org.springframework.web.filter.OncePerRequestFilter.doFilter(OncePerRequestFilter.java:116)
	at org.apache.catalina.core.ApplicationFilterChain.internalDoFilter(ApplicationFilterChain.java:175)
	at org.apache.catalina.core.ApplicationFilterChain.doFilter(ApplicationFilterChain.java:150)
	at org.springframework.web.filter.FormContentFilter.doFilterInternal(FormContentFilter.java:93)
	at org.springframework.web.filter.OncePerRequestFilter.doFilter(OncePerRequestFilter.java:116)
	at org.apache.catalina.core.ApplicationFilterChain.internalDoFilter(ApplicationFilterChain.java:175)
	at org.apache.catalina.core.ApplicationFilterChain.doFilter(ApplicationFilterChain.java:150)
	at org.springframework.web.filter.CharacterEncodingFilter.doFilterInternal(CharacterEncodingFilter.java:201)
	at org.springframework.web.filter.OncePerRequestFilter.doFilter(OncePerRequestFilter.java:116)
	at org.apache.catalina.core.ApplicationFilterChain.internalDoFilter(ApplicationFilterChain.java:175)
	at org.apache.catalina.core.ApplicationFilterChain.doFilter(ApplicationFilterChain.java:150)
	at org.apache.catalina.core.StandardWrapperValve.invoke(StandardWrapperValve.java:167)
	at org.apache.catalina.core.StandardContextValve.invoke(StandardContextValve.java:90)
	at org.apache.catalina.authenticator.AuthenticatorBase.invoke(AuthenticatorBase.java:482)
	at org.apache.catalina.core.StandardHostValve.invoke(StandardHostValve.java:115)
	at org.apache.catalina.valves.ErrorReportValve.invoke(ErrorReportValve.java:93)
	at org.apache.catalina.core.StandardEngineValve.invoke(StandardEngineValve.java:74)
	at org.apache.catalina.connector.CoyoteAdapter.service(CoyoteAdapter.java:344)
	at org.apache.coyote.http11.Http11Processor.service(Http11Processor.java:391)
	at org.apache.coyote.AbstractProcessorLight.process(AbstractProcessorLight.java:63)
	at org.apache.coyote.AbstractProtocol$ConnectionHandler.process(AbstractProtocol.java:896)
	at org.apache.tomcat.util.net.NioEndpoint$SocketProcessor.doRun(NioEndpoint.java:1736)
	at org.apache.tomcat.util.net.SocketProcessorBase.run(SocketProcessorBase.java:52)
	at org.apache.tomcat.util.threads.ThreadPoolExecutor.runWorker(ThreadPoolExecutor.java:1191)
	at org.apache.tomcat.util.threads.ThreadPoolExecutor$Worker.run(ThreadPoolExecutor.java:659)
	at org.apache.tomcat.util.threads.TaskThread$WrappingRunnable.run(TaskThread.java:63)
	at java.base/java.lang.Thread.run(Thread.java:842)
2026-09-18 20:01:22 [http-nio-8080-exec-1] INFO  c.a.d.controller.ProdutosController - Requisição recebida: DELETE -  /api/produtos/variacoes/4/desvincular
2026-09-18 20:01:23 [http-nio-8080-exec-1] INFO  c.a.demo.service.ProdutosService - Variacao removida com sucesso! 4
2026-09-18 20:06:26 [SpringApplicationShutdownHook] INFO  com.zaxxer.hikari.HikariDataSource - HikariPool-1 - Shutdown initiated...
2026-09-18 20:06:26 [SpringApplicationShutdownHook] INFO  com.zaxxer.hikari.HikariDataSource - HikariPool-1 - Shutdown completed.
2026-09-18 20:33:16 [main] INFO  c.a.demo.DemoApplication - Starting DemoApplication using Java 17.0.12 with PID 12576 (C:\BackPj\demo\target\classes started by lucas in C:\BackPj)
2026-09-18 20:33:16 [main] INFO  c.a.demo.DemoApplication - No active profile set, falling back to 1 default profile: "default"
2026-09-18 20:33:20 [main] INFO  o.a.catalina.core.StandardService - Starting service [Tomcat]
2026-09-18 20:33:20 [main] INFO  o.a.catalina.core.StandardEngine - Starting Servlet engine: [Apache Tomcat/10.1.20]
2026-09-18 20:33:20 [main] INFO  o.a.c.c.C.[Tomcat].[localhost].[/] - Initializing Spring embedded WebApplicationContext
2026-09-18 20:33:20 [main] INFO  com.zaxxer.hikari.HikariDataSource - HikariPool-1 - Starting...
2026-09-18 20:33:21 [main] INFO  com.zaxxer.hikari.pool.HikariPool - HikariPool-1 - Added connection org.postgresql.jdbc.PgConnection@616a06e3
2026-09-18 20:33:21 [main] INFO  com.zaxxer.hikari.HikariDataSource - HikariPool-1 - Start completed.
2026-09-18 20:33:21 [main] INFO  o.f.c.i.license.VersionPrinter - Flyway Community Edition 9.22.3 by Redgate
2026-09-18 20:33:21 [main] INFO  o.f.c.i.license.VersionPrinter - See release notes here: https://rd.gt/416ObMi
2026-09-18 20:33:21 [main] INFO  o.f.c.i.license.VersionPrinter - 
2026-09-18 20:33:21 [main] INFO  org.flywaydb.core.FlywayExecutor - Database: jdbc:postgresql://localhost:5432/bdAutoCenterSilva (PostgreSQL 18.3)
2026-09-18 20:33:21 [main] WARN  o.f.c.i.database.base.Database - Flyway upgrade recommended: PostgreSQL 18.3 is newer than this version of Flyway and support has not been tested. The latest supported version of PostgreSQL is 15.
2026-09-18 20:33:21 [main] INFO  o.f.core.internal.command.DbValidate - Successfully validated 10 migrations (execution time 00:00.152s)
2026-09-18 20:33:21 [main] INFO  o.f.core.internal.command.DbMigrate - Current version of schema "public": 10
2026-09-18 20:33:21 [main] INFO  o.f.core.internal.command.DbMigrate - Schema "public" is up to date. No migration necessary.
2026-09-18 20:33:21 [main] INFO  o.h.jpa.internal.util.LogHelper - HHH000204: Processing PersistenceUnitInfo [name: default]
2026-09-18 20:33:22 [main] INFO  org.hibernate.Version - HHH000412: Hibernate ORM core version 6.4.4.Final
2026-09-18 20:33:22 [main] INFO  o.h.c.i.RegionFactoryInitiator - HHH000026: Second-level cache disabled
2026-09-18 20:33:23 [main] WARN  org.hibernate.orm.deprecation - HHH90000025: PostgreSQLDialect does not need to be specified explicitly using 'hibernate.dialect' (remove the property setting and it will be selected by default)
2026-09-18 20:33:25 [main] INFO  o.h.e.t.j.p.i.JtaPlatformInitiator - HHH000489: No JTA platform available (set 'hibernate.transaction.jta.platform' to enable JTA platform integration)
2026-09-18 20:33:26 [main] WARN  o.s.b.a.o.j.JpaBaseConfiguration$JpaWebConfiguration - spring.jpa.open-in-view is enabled by default. Therefore, database queries may be performed during view rendering. Explicitly configure spring.jpa.open-in-view to disable this warning
2026-09-18 20:33:27 [main] INFO  c.a.demo.DemoApplication - Started DemoApplication in 13.089 seconds (process running for 14.728)
2026-09-18 20:35:00 [SpringApplicationShutdownHook] INFO  com.zaxxer.hikari.HikariDataSource - HikariPool-1 - Shutdown initiated...
2026-09-18 20:35:00 [SpringApplicationShutdownHook] INFO  com.zaxxer.hikari.HikariDataSource - HikariPool-1 - Shutdown completed.
2026-09-18 20:35:23 [main] INFO  c.a.demo.DemoApplication - Starting DemoApplication using Java 17.0.12 with PID 18100 (C:\BackPj\demo\target\classes started by lucas in C:\BackPj)
2026-09-18 20:35:23 [main] INFO  c.a.demo.DemoApplication - No active profile set, falling back to 1 default profile: "default"
2026-09-18 20:35:28 [main] INFO  o.a.catalina.core.StandardService - Starting service [Tomcat]
2026-09-18 20:35:28 [main] INFO  o.a.catalina.core.StandardEngine - Starting Servlet engine: [Apache Tomcat/10.1.20]
2026-09-18 20:35:28 [main] INFO  o.a.c.c.C.[Tomcat].[localhost].[/] - Initializing Spring embedded WebApplicationContext
2026-09-18 20:35:28 [main] INFO  com.zaxxer.hikari.HikariDataSource - HikariPool-1 - Starting...
2026-09-18 20:35:29 [main] INFO  com.zaxxer.hikari.pool.HikariPool - HikariPool-1 - Added connection org.postgresql.jdbc.PgConnection@2db15f70
2026-09-18 20:35:29 [main] INFO  com.zaxxer.hikari.HikariDataSource - HikariPool-1 - Start completed.
2026-09-18 20:35:29 [main] INFO  o.f.c.i.license.VersionPrinter - Flyway Community Edition 9.22.3 by Redgate
2026-09-18 20:35:29 [main] INFO  o.f.c.i.license.VersionPrinter - See release notes here: https://rd.gt/416ObMi
2026-09-18 20:35:29 [main] INFO  o.f.c.i.license.VersionPrinter - 
2026-09-18 20:35:29 [main] INFO  org.flywaydb.core.FlywayExecutor - Database: jdbc:postgresql://localhost:5432/bdAutoCenterSilva (PostgreSQL 18.3)
2026-09-18 20:35:29 [main] WARN  o.f.c.i.database.base.Database - Flyway upgrade recommended: PostgreSQL 18.3 is newer than this version of Flyway and support has not been tested. The latest supported version of PostgreSQL is 15.
2026-09-18 20:35:29 [main] INFO  o.f.core.internal.command.DbValidate - Successfully validated 10 migrations (execution time 00:00.104s)
2026-09-18 20:35:29 [main] INFO  o.f.core.internal.command.DbMigrate - Current version of schema "public": 10
2026-09-18 20:35:29 [main] INFO  o.f.core.internal.command.DbMigrate - Schema "public" is up to date. No migration necessary.
2026-09-18 20:35:29 [main] INFO  o.h.jpa.internal.util.LogHelper - HHH000204: Processing PersistenceUnitInfo [name: default]
2026-09-18 20:35:30 [main] INFO  org.hibernate.Version - HHH000412: Hibernate ORM core version 6.4.4.Final
2026-09-18 20:35:30 [main] INFO  o.h.c.i.RegionFactoryInitiator - HHH000026: Second-level cache disabled
2026-09-18 20:35:30 [main] WARN  org.hibernate.orm.deprecation - HHH90000025: PostgreSQLDialect does not need to be specified explicitly using 'hibernate.dialect' (remove the property setting and it will be selected by default)
2026-09-18 20:35:33 [main] INFO  o.h.e.t.j.p.i.JtaPlatformInitiator - HHH000489: No JTA platform available (set 'hibernate.transaction.jta.platform' to enable JTA platform integration)
2026-09-18 20:35:35 [main] WARN  o.s.b.a.o.j.JpaBaseConfiguration$JpaWebConfiguration - spring.jpa.open-in-view is enabled by default. Therefore, database queries may be performed during view rendering. Explicitly configure spring.jpa.open-in-view to disable this warning
2026-09-18 20:35:37 [main] INFO  c.a.demo.DemoApplication - Started DemoApplication in 14.911 seconds (process running for 16.163)
2026-09-18 20:37:06 [http-nio-8080-exec-4] INFO  o.a.c.c.C.[Tomcat].[localhost].[/] - Initializing Spring DispatcherServlet 'dispatcherServlet'
2026-09-18 20:37:07 [http-nio-8080-exec-4] INFO  c.a.d.controller.ProdutosController - Requisição recebida: GET -  /api/produtos/listar/produtos
2026-09-18 20:37:07 [http-nio-8080-exec-1] INFO  c.a.d.controller.ProdutosController - Requisição recebida: GET -  /api/produtos/listar/produtos
2026-09-18 20:37:07 [http-nio-8080-exec-1] INFO  c.a.demo.service.ProdutosService - Buscando todos os Produtos
2026-09-18 20:37:07 [http-nio-8080-exec-4] INFO  c.a.demo.service.ProdutosService - Buscando todos os Produtos
2026-09-18 20:37:09 [http-nio-8080-exec-4] ERROR c.a.d.c.GlobalExceptionHandler - Erro crítico não tratado no sistema: 
java.lang.NullPointerException: Cannot invoke "com.autoCenterSilva.demo.entity.Produtos.getId()" because the return value of "com.autoCenterSilva.demo.entity.ProdutoVariacao.getProduto()" is null
	at com.autoCenterSilva.demo.dto.response.produto.ProdutoListagemResponse.de(ProdutoListagemResponse.java:20)
	at java.base/java.util.stream.ReferencePipeline$3$1.accept(ReferencePipeline.java:197)
	at java.base/java.util.ArrayList$ArrayListSpliterator.forEachRemaining(ArrayList.java:1625)
	at java.base/java.util.stream.AbstractPipeline.copyInto(AbstractPipeline.java:509)
	at java.base/java.util.stream.AbstractPipeline.wrapAndCopyInto(AbstractPipeline.java:499)
	at java.base/java.util.stream.AbstractPipeline.evaluate(AbstractPipeline.java:575)
	at java.base/java.util.stream.AbstractPipeline.evaluateToArrayNode(AbstractPipeline.java:260)
	at java.base/java.util.stream.ReferencePipeline.toArray(ReferencePipeline.java:616)
	at java.base/java.util.stream.ReferencePipeline.toArray(ReferencePipeline.java:622)
	at java.base/java.util.stream.ReferencePipeline.toList(ReferencePipeline.java:627)
	at com.autoCenterSilva.demo.service.ProdutosService.buscarProdutos(ProdutosService.java:95)
	at java.base/jdk.internal.reflect.NativeMethodAccessorImpl.invoke0(Native Method)
	at java.base/jdk.internal.reflect.NativeMethodAccessorImpl.invoke(NativeMethodAccessorImpl.java:77)
	at java.base/jdk.internal.reflect.DelegatingMethodAccessorImpl.invoke(DelegatingMethodAccessorImpl.java:43)
	at java.base/java.lang.reflect.Method.invoke(Method.java:568)
	at org.springframework.aop.support.AopUtils.invokeJoinpointUsingReflection(AopUtils.java:354)
	at org.springframework.aop.framework.ReflectiveMethodInvocation.invokeJoinpoint(ReflectiveMethodInvocation.java:196)
	at org.springframework.aop.framework.ReflectiveMethodInvocation.proceed(ReflectiveMethodInvocation.java:163)
	at org.springframework.aop.framework.CglibAopProxy$CglibMethodInvocation.proceed(CglibAopProxy.java:768)
	at org.springframework.transaction.interceptor.TransactionInterceptor$1.proceedWithInvocation(TransactionInterceptor.java:123)
	at org.springframework.transaction.interceptor.TransactionAspectSupport.invokeWithinTransaction(TransactionAspectSupport.java:392)
	at org.springframework.transaction.interceptor.TransactionInterceptor.invoke(TransactionInterceptor.java:119)
	at org.springframework.aop.framework.ReflectiveMethodInvocation.proceed(ReflectiveMethodInvocation.java:184)
	at org.springframework.aop.framework.CglibAopProxy$CglibMethodInvocation.proceed(CglibAopProxy.java:768)
	at org.springframework.aop.framework.CglibAopProxy$DynamicAdvisedInterceptor.intercept(CglibAopProxy.java:720)
	at com.autoCenterSilva.demo.service.ProdutosService$$SpringCGLIB$$0.buscarProdutos(<generated>)
	at com.autoCenterSilva.demo.controller.ProdutosController.buscarTodosProdutos(ProdutosController.java:55)
	at java.base/jdk.internal.reflect.NativeMethodAccessorImpl.invoke0(Native Method)
	at java.base/jdk.internal.reflect.NativeMethodAccessorImpl.invoke(NativeMethodAccessorImpl.java:77)
	at java.base/jdk.internal.reflect.DelegatingMethodAccessorImpl.invoke(DelegatingMethodAccessorImpl.java:43)
	at java.base/java.lang.reflect.Method.invoke(Method.java:568)
	at org.springframework.web.method.support.InvocableHandlerMethod.doInvoke(InvocableHandlerMethod.java:255)
	at org.springframework.web.method.support.InvocableHandlerMethod.invokeForRequest(InvocableHandlerMethod.java:188)
	at org.springframework.web.servlet.mvc.method.annotation.ServletInvocableHandlerMethod.invokeAndHandle(ServletInvocableHandlerMethod.java:118)
	at org.springframework.web.servlet.mvc.method.annotation.RequestMappingHandlerAdapter.invokeHandlerMethod(RequestMappingHandlerAdapter.java:926)
	at org.springframework.web.servlet.mvc.method.annotation.RequestMappingHandlerAdapter.handleInternal(RequestMappingHandlerAdapter.java:831)
	at org.springframework.web.servlet.mvc.method.AbstractHandlerMethodAdapter.handle(AbstractHandlerMethodAdapter.java:87)
	at org.springframework.web.servlet.DispatcherServlet.doDispatch(DispatcherServlet.java:1089)
	at org.springframework.web.servlet.DispatcherServlet.doService(DispatcherServlet.java:979)
	at org.springframework.web.servlet.FrameworkServlet.processRequest(FrameworkServlet.java:1014)
	at org.springframework.web.servlet.FrameworkServlet.doGet(FrameworkServlet.java:903)
	at jakarta.servlet.http.HttpServlet.service(HttpServlet.java:564)
	at org.springframework.web.servlet.FrameworkServlet.service(FrameworkServlet.java:885)
	at jakarta.servlet.http.HttpServlet.service(HttpServlet.java:658)
	at org.apache.catalina.core.ApplicationFilterChain.internalDoFilter(ApplicationFilterChain.java:206)
	at org.apache.catalina.core.ApplicationFilterChain.doFilter(ApplicationFilterChain.java:150)
	at org.apache.tomcat.websocket.server.WsFilter.doFilter(WsFilter.java:51)
	at org.apache.catalina.core.ApplicationFilterChain.internalDoFilter(ApplicationFilterChain.java:175)
	at org.apache.catalina.core.ApplicationFilterChain.doFilter(ApplicationFilterChain.java:150)
	at org.springframework.web.filter.RequestContextFilter.doFilterInternal(RequestContextFilter.java:100)
	at org.springframework.web.filter.OncePerRequestFilter.doFilter(OncePerRequestFilter.java:116)
	at org.apache.catalina.core.ApplicationFilterChain.internalDoFilter(ApplicationFilterChain.java:175)
	at org.apache.catalina.core.ApplicationFilterChain.doFilter(ApplicationFilterChain.java:150)
	at org.springframework.web.filter.FormContentFilter.doFilterInternal(FormContentFilter.java:93)
	at org.springframework.web.filter.OncePerRequestFilter.doFilter(OncePerRequestFilter.java:116)
	at org.apache.catalina.core.ApplicationFilterChain.internalDoFilter(ApplicationFilterChain.java:175)
	at org.apache.catalina.core.ApplicationFilterChain.doFilter(ApplicationFilterChain.java:150)
	at org.springframework.web.filter.CharacterEncodingFilter.doFilterInternal(CharacterEncodingFilter.java:201)
	at org.springframework.web.filter.OncePerRequestFilter.doFilter(OncePerRequestFilter.java:116)
	at org.apache.catalina.core.ApplicationFilterChain.internalDoFilter(ApplicationFilterChain.java:175)
	at org.apache.catalina.core.ApplicationFilterChain.doFilter(ApplicationFilterChain.java:150)
	at org.apache.catalina.core.StandardWrapperValve.invoke(StandardWrapperValve.java:167)
	at org.apache.catalina.core.StandardContextValve.invoke(StandardContextValve.java:90)
	at org.apache.catalina.authenticator.AuthenticatorBase.invoke(AuthenticatorBase.java:482)
	at org.apache.catalina.core.StandardHostValve.invoke(StandardHostValve.java:115)
	at org.apache.catalina.valves.ErrorReportValve.invoke(ErrorReportValve.java:93)
	at org.apache.catalina.core.StandardEngineValve.invoke(StandardEngineValve.java:74)
	at org.apache.catalina.connector.CoyoteAdapter.service(CoyoteAdapter.java:344)
	at org.apache.coyote.http11.Http11Processor.service(Http11Processor.java:391)
	at org.apache.coyote.AbstractProcessorLight.process(AbstractProcessorLight.java:63)
	at org.apache.coyote.AbstractProtocol$ConnectionHandler.process(AbstractProtocol.java:896)
	at org.apache.tomcat.util.net.NioEndpoint$SocketProcessor.doRun(NioEndpoint.java:1736)
	at org.apache.tomcat.util.net.SocketProcessorBase.run(SocketProcessorBase.java:52)
	at org.apache.tomcat.util.threads.ThreadPoolExecutor.runWorker(ThreadPoolExecutor.java:1191)
	at org.apache.tomcat.util.threads.ThreadPoolExecutor$Worker.run(ThreadPoolExecutor.java:659)
	at org.apache.tomcat.util.threads.TaskThread$WrappingRunnable.run(TaskThread.java:63)
	at java.base/java.lang.Thread.run(Thread.java:842)
2026-09-18 20:37:09 [http-nio-8080-exec-1] ERROR c.a.d.c.GlobalExceptionHandler - Erro crítico não tratado no sistema: 
java.lang.NullPointerException: Cannot invoke "com.autoCenterSilva.demo.entity.Produtos.getId()" because the return value of "com.autoCenterSilva.demo.entity.ProdutoVariacao.getProduto()" is null
	at com.autoCenterSilva.demo.dto.response.produto.ProdutoListagemResponse.de(ProdutoListagemResponse.java:20)
	at java.base/java.util.stream.ReferencePipeline$3$1.accept(ReferencePipeline.java:197)
	at java.base/java.util.ArrayList$ArrayListSpliterator.forEachRemaining(ArrayList.java:1625)
	at java.base/java.util.stream.AbstractPipeline.copyInto(AbstractPipeline.java:509)
	at java.base/java.util.stream.AbstractPipeline.wrapAndCopyInto(AbstractPipeline.java:499)
	at java.base/java.util.stream.AbstractPipeline.evaluate(AbstractPipeline.java:575)
	at java.base/java.util.stream.AbstractPipeline.evaluateToArrayNode(AbstractPipeline.java:260)
	at java.base/java.util.stream.ReferencePipeline.toArray(ReferencePipeline.java:616)
	at java.base/java.util.stream.ReferencePipeline.toArray(ReferencePipeline.java:622)
	at java.base/java.util.stream.ReferencePipeline.toList(ReferencePipeline.java:627)
	at com.autoCenterSilva.demo.service.ProdutosService.buscarProdutos(ProdutosService.java:95)
	at java.base/jdk.internal.reflect.NativeMethodAccessorImpl.invoke0(Native Method)
	at java.base/jdk.internal.reflect.NativeMethodAccessorImpl.invoke(NativeMethodAccessorImpl.java:77)
	at java.base/jdk.internal.reflect.DelegatingMethodAccessorImpl.invoke(DelegatingMethodAccessorImpl.java:43)
	at java.base/java.lang.reflect.Method.invoke(Method.java:568)
	at org.springframework.aop.support.AopUtils.invokeJoinpointUsingReflection(AopUtils.java:354)
	at org.springframework.aop.framework.ReflectiveMethodInvocation.invokeJoinpoint(ReflectiveMethodInvocation.java:196)
	at org.springframework.aop.framework.ReflectiveMethodInvocation.proceed(ReflectiveMethodInvocation.java:163)
	at org.springframework.aop.framework.CglibAopProxy$CglibMethodInvocation.proceed(CglibAopProxy.java:768)
	at org.springframework.transaction.interceptor.TransactionInterceptor$1.proceedWithInvocation(TransactionInterceptor.java:123)
	at org.springframework.transaction.interceptor.TransactionAspectSupport.invokeWithinTransaction(TransactionAspectSupport.java:392)
	at org.springframework.transaction.interceptor.TransactionInterceptor.invoke(TransactionInterceptor.java:119)
	at org.springframework.aop.framework.ReflectiveMethodInvocation.proceed(ReflectiveMethodInvocation.java:184)
	at org.springframework.aop.framework.CglibAopProxy$CglibMethodInvocation.proceed(CglibAopProxy.java:768)
	at org.springframework.aop.framework.CglibAopProxy$DynamicAdvisedInterceptor.intercept(CglibAopProxy.java:720)
	at com.autoCenterSilva.demo.service.ProdutosService$$SpringCGLIB$$0.buscarProdutos(<generated>)
	at com.autoCenterSilva.demo.controller.ProdutosController.buscarTodosProdutos(ProdutosController.java:55)
	at java.base/jdk.internal.reflect.NativeMethodAccessorImpl.invoke0(Native Method)
	at java.base/jdk.internal.reflect.NativeMethodAccessorImpl.invoke(NativeMethodAccessorImpl.java:77)
	at java.base/jdk.internal.reflect.DelegatingMethodAccessorImpl.invoke(DelegatingMethodAccessorImpl.java:43)
	at java.base/java.lang.reflect.Method.invoke(Method.java:568)
	at org.springframework.web.method.support.InvocableHandlerMethod.doInvoke(InvocableHandlerMethod.java:255)
	at org.springframework.web.method.support.InvocableHandlerMethod.invokeForRequest(InvocableHandlerMethod.java:188)
	at org.springframework.web.servlet.mvc.method.annotation.ServletInvocableHandlerMethod.invokeAndHandle(ServletInvocableHandlerMethod.java:118)
	at org.springframework.web.servlet.mvc.method.annotation.RequestMappingHandlerAdapter.invokeHandlerMethod(RequestMappingHandlerAdapter.java:926)
	at org.springframework.web.servlet.mvc.method.annotation.RequestMappingHandlerAdapter.handleInternal(RequestMappingHandlerAdapter.java:831)
	at org.springframework.web.servlet.mvc.method.AbstractHandlerMethodAdapter.handle(AbstractHandlerMethodAdapter.java:87)
	at org.springframework.web.servlet.DispatcherServlet.doDispatch(DispatcherServlet.java:1089)
	at org.springframework.web.servlet.DispatcherServlet.doService(DispatcherServlet.java:979)
	at org.springframework.web.servlet.FrameworkServlet.processRequest(FrameworkServlet.java:1014)
	at org.springframework.web.servlet.FrameworkServlet.doGet(FrameworkServlet.java:903)
	at jakarta.servlet.http.HttpServlet.service(HttpServlet.java:564)
	at org.springframework.web.servlet.FrameworkServlet.service(FrameworkServlet.java:885)
	at jakarta.servlet.http.HttpServlet.service(HttpServlet.java:658)
	at org.apache.catalina.core.ApplicationFilterChain.internalDoFilter(ApplicationFilterChain.java:206)
	at org.apache.catalina.core.ApplicationFilterChain.doFilter(ApplicationFilterChain.java:150)
	at org.apache.tomcat.websocket.server.WsFilter.doFilter(WsFilter.java:51)
	at org.apache.catalina.core.ApplicationFilterChain.internalDoFilter(ApplicationFilterChain.java:175)
	at org.apache.catalina.core.ApplicationFilterChain.doFilter(ApplicationFilterChain.java:150)
	at org.springframework.web.filter.RequestContextFilter.doFilterInternal(RequestContextFilter.java:100)
	at org.springframework.web.filter.OncePerRequestFilter.doFilter(OncePerRequestFilter.java:116)
	at org.apache.catalina.core.ApplicationFilterChain.internalDoFilter(ApplicationFilterChain.java:175)
	at org.apache.catalina.core.ApplicationFilterChain.doFilter(ApplicationFilterChain.java:150)
	at org.springframework.web.filter.FormContentFilter.doFilterInternal(FormContentFilter.java:93)
	at org.springframework.web.filter.OncePerRequestFilter.doFilter(OncePerRequestFilter.java:116)
	at org.apache.catalina.core.ApplicationFilterChain.internalDoFilter(ApplicationFilterChain.java:175)
	at org.apache.catalina.core.ApplicationFilterChain.doFilter(ApplicationFilterChain.java:150)
	at org.springframework.web.filter.CharacterEncodingFilter.doFilterInternal(CharacterEncodingFilter.java:201)
	at org.springframework.web.filter.OncePerRequestFilter.doFilter(OncePerRequestFilter.java:116)
	at org.apache.catalina.core.ApplicationFilterChain.internalDoFilter(ApplicationFilterChain.java:175)
	at org.apache.catalina.core.ApplicationFilterChain.doFilter(ApplicationFilterChain.java:150)
	at org.apache.catalina.core.StandardWrapperValve.invoke(StandardWrapperValve.java:167)
	at org.apache.catalina.core.StandardContextValve.invoke(StandardContextValve.java:90)
	at org.apache.catalina.authenticator.AuthenticatorBase.invoke(AuthenticatorBase.java:482)
	at org.apache.catalina.core.StandardHostValve.invoke(StandardHostValve.java:115)
	at org.apache.catalina.valves.ErrorReportValve.invoke(ErrorReportValve.java:93)
	at org.apache.catalina.core.StandardEngineValve.invoke(StandardEngineValve.java:74)
	at org.apache.catalina.connector.CoyoteAdapter.service(CoyoteAdapter.java:344)
	at org.apache.coyote.http11.Http11Processor.service(Http11Processor.java:391)
	at org.apache.coyote.AbstractProcessorLight.process(AbstractProcessorLight.java:63)
	at org.apache.coyote.AbstractProtocol$ConnectionHandler.process(AbstractProtocol.java:896)
	at org.apache.tomcat.util.net.NioEndpoint$SocketProcessor.doRun(NioEndpoint.java:1736)
	at org.apache.tomcat.util.net.SocketProcessorBase.run(SocketProcessorBase.java:52)
	at org.apache.tomcat.util.threads.ThreadPoolExecutor.runWorker(ThreadPoolExecutor.java:1191)
	at org.apache.tomcat.util.threads.ThreadPoolExecutor$Worker.run(ThreadPoolExecutor.java:659)
	at org.apache.tomcat.util.threads.TaskThread$WrappingRunnable.run(TaskThread.java:63)
	at java.base/java.lang.Thread.run(Thread.java:842)
2026-09-18 20:39:18 [http-nio-8080-exec-6] INFO  c.a.d.controller.ProdutosController - Requisição recebida: GET -  /api/produtos/listar/produtos
2026-09-18 20:39:18 [http-nio-8080-exec-6] INFO  c.a.demo.service.ProdutosService - Buscando todos os Produtos
2026-09-18 20:40:48 [SpringApplicationShutdownHook] INFO  com.zaxxer.hikari.HikariDataSource - HikariPool-1 - Shutdown initiated...
2026-09-18 20:40:49 [SpringApplicationShutdownHook] INFO  com.zaxxer.hikari.HikariDataSource - HikariPool-1 - Shutdown completed.
2026-09-18 20:44:51 [main] INFO  c.a.demo.DemoApplication - Starting DemoApplication using Java 17.0.12 with PID 9116 (C:\BackPj\demo\target\classes started by lucas in C:\BackPj)
2026-09-18 20:44:51 [main] INFO  c.a.demo.DemoApplication - No active profile set, falling back to 1 default profile: "default"
2026-09-18 20:44:55 [main] INFO  o.a.catalina.core.StandardService - Starting service [Tomcat]
2026-09-18 20:44:55 [main] INFO  o.a.catalina.core.StandardEngine - Starting Servlet engine: [Apache Tomcat/10.1.20]
2026-09-18 20:44:55 [main] INFO  o.a.c.c.C.[Tomcat].[localhost].[/] - Initializing Spring embedded WebApplicationContext
2026-09-18 20:44:55 [main] INFO  com.zaxxer.hikari.HikariDataSource - HikariPool-1 - Starting...
2026-09-18 20:44:56 [main] INFO  com.zaxxer.hikari.pool.HikariPool - HikariPool-1 - Added connection org.postgresql.jdbc.PgConnection@38883a31
2026-09-18 20:44:56 [main] INFO  com.zaxxer.hikari.HikariDataSource - HikariPool-1 - Start completed.
2026-09-18 20:44:56 [main] INFO  o.f.c.i.license.VersionPrinter - Flyway Community Edition 9.22.3 by Redgate
2026-09-18 20:44:56 [main] INFO  o.f.c.i.license.VersionPrinter - See release notes here: https://rd.gt/416ObMi
2026-09-18 20:44:56 [main] INFO  o.f.c.i.license.VersionPrinter - 
2026-09-18 20:44:56 [main] INFO  org.flywaydb.core.FlywayExecutor - Database: jdbc:postgresql://localhost:5432/bdAutoCenterSilva (PostgreSQL 18.3)
2026-09-18 20:44:56 [main] WARN  o.f.c.i.database.base.Database - Flyway upgrade recommended: PostgreSQL 18.3 is newer than this version of Flyway and support has not been tested. The latest supported version of PostgreSQL is 15.
2026-09-18 20:44:56 [main] INFO  o.f.core.internal.command.DbValidate - Successfully validated 10 migrations (execution time 00:00.160s)
2026-09-18 20:44:56 [main] INFO  o.f.core.internal.command.DbMigrate - Current version of schema "public": 10
2026-09-18 20:44:56 [main] INFO  o.f.core.internal.command.DbMigrate - Schema "public" is up to date. No migration necessary.
2026-09-18 20:44:56 [main] INFO  o.h.jpa.internal.util.LogHelper - HHH000204: Processing PersistenceUnitInfo [name: default]
2026-09-18 20:44:57 [main] INFO  org.hibernate.Version - HHH000412: Hibernate ORM core version 6.4.4.Final
2026-09-18 20:44:57 [main] INFO  o.h.c.i.RegionFactoryInitiator - HHH000026: Second-level cache disabled
2026-09-18 20:44:57 [main] WARN  org.hibernate.orm.deprecation - HHH90000025: PostgreSQLDialect does not need to be specified explicitly using 'hibernate.dialect' (remove the property setting and it will be selected by default)
2026-09-18 20:44:59 [main] INFO  o.h.e.t.j.p.i.JtaPlatformInitiator - HHH000489: No JTA platform available (set 'hibernate.transaction.jta.platform' to enable JTA platform integration)
2026-09-18 20:45:01 [main] WARN  o.s.b.a.o.j.JpaBaseConfiguration$JpaWebConfiguration - spring.jpa.open-in-view is enabled by default. Therefore, database queries may be performed during view rendering. Explicitly configure spring.jpa.open-in-view to disable this warning
2026-09-18 20:45:02 [main] INFO  c.a.demo.DemoApplication - Started DemoApplication in 12.433 seconds (process running for 14.122)
2026-09-18 20:46:41 [http-nio-8080-exec-1] INFO  o.a.c.c.C.[Tomcat].[localhost].[/] - Initializing Spring DispatcherServlet 'dispatcherServlet'
2026-09-18 20:55:15 [SpringApplicationShutdownHook] INFO  com.zaxxer.hikari.HikariDataSource - HikariPool-1 - Shutdown initiated...
2026-09-18 20:55:15 [SpringApplicationShutdownHook] INFO  com.zaxxer.hikari.HikariDataSource - HikariPool-1 - Shutdown completed.
2026-09-18 20:56:38 [main] INFO  c.a.demo.DemoApplication - Starting DemoApplication using Java 17.0.12 with PID 9772 (C:\BackPj\demo\target\classes started by lucas in C:\BackPj)
2026-09-18 20:56:38 [main] INFO  c.a.demo.DemoApplication - No active profile set, falling back to 1 default profile: "default"
2026-09-18 20:56:41 [main] INFO  o.a.catalina.core.StandardService - Starting service [Tomcat]
2026-09-18 20:56:41 [main] INFO  o.a.catalina.core.StandardEngine - Starting Servlet engine: [Apache Tomcat/10.1.20]
2026-09-18 20:56:41 [main] INFO  o.a.c.c.C.[Tomcat].[localhost].[/] - Initializing Spring embedded WebApplicationContext
2026-09-18 20:56:41 [main] INFO  com.zaxxer.hikari.HikariDataSource - HikariPool-1 - Starting...
2026-09-18 20:56:42 [main] INFO  com.zaxxer.hikari.pool.HikariPool - HikariPool-1 - Added connection org.postgresql.jdbc.PgConnection@616a06e3
2026-09-18 20:56:42 [main] INFO  com.zaxxer.hikari.HikariDataSource - HikariPool-1 - Start completed.
2026-09-18 20:56:42 [main] INFO  o.f.c.i.license.VersionPrinter - Flyway Community Edition 9.22.3 by Redgate
2026-09-18 20:56:42 [main] INFO  o.f.c.i.license.VersionPrinter - See release notes here: https://rd.gt/416ObMi
2026-09-18 20:56:42 [main] INFO  o.f.c.i.license.VersionPrinter - 
2026-09-18 20:56:42 [main] INFO  org.flywaydb.core.FlywayExecutor - Database: jdbc:postgresql://localhost:5432/bdAutoCenterSilva (PostgreSQL 18.3)
2026-09-18 20:56:42 [main] WARN  o.f.c.i.database.base.Database - Flyway upgrade recommended: PostgreSQL 18.3 is newer than this version of Flyway and support has not been tested. The latest supported version of PostgreSQL is 15.
2026-09-18 20:56:42 [main] INFO  o.f.core.internal.command.DbValidate - Successfully validated 10 migrations (execution time 00:00.101s)
2026-09-18 20:56:42 [main] INFO  o.f.core.internal.command.DbMigrate - Current version of schema "public": 10
2026-09-18 20:56:42 [main] INFO  o.f.core.internal.command.DbMigrate - Schema "public" is up to date. No migration necessary.
2026-09-18 20:56:42 [main] INFO  o.h.jpa.internal.util.LogHelper - HHH000204: Processing PersistenceUnitInfo [name: default]
2026-09-18 20:56:43 [main] INFO  org.hibernate.Version - HHH000412: Hibernate ORM core version 6.4.4.Final
2026-09-18 20:56:43 [main] INFO  o.h.c.i.RegionFactoryInitiator - HHH000026: Second-level cache disabled
2026-09-18 20:56:43 [main] WARN  org.hibernate.orm.deprecation - HHH90000025: PostgreSQLDialect does not need to be specified explicitly using 'hibernate.dialect' (remove the property setting and it will be selected by default)
2026-09-18 20:56:45 [main] INFO  o.h.e.t.j.p.i.JtaPlatformInitiator - HHH000489: No JTA platform available (set 'hibernate.transaction.jta.platform' to enable JTA platform integration)
2026-09-18 20:56:46 [main] ERROR o.s.o.j.LocalContainerEntityManagerFactoryBean - Failed to initialize JPA EntityManagerFactory: [PersistenceUnit: default] Unable to build Hibernate SessionFactory; nested exception is org.hibernate.tool.schema.spi.SchemaManagementException: Schema-validation: wrong column type encountered in column [preco_unitario] in table [produto_pedido]; found [float8 (Types#DOUBLE)], but expecting [numeric(38,2) (Types#NUMERIC)]
2026-09-18 20:56:46 [main] WARN  o.s.b.w.s.c.AnnotationConfigServletWebServerApplicationContext - Exception encountered during context initialization - cancelling refresh attempt: org.springframework.beans.factory.BeanCreationException: Error creating bean with name 'entityManagerFactory' defined in class path resource [org/springframework/boot/autoconfigure/orm/jpa/HibernateJpaConfiguration.class]: [PersistenceUnit: default] Unable to build Hibernate SessionFactory; nested exception is org.hibernate.tool.schema.spi.SchemaManagementException: Schema-validation: wrong column type encountered in column [preco_unitario] in table [produto_pedido]; found [float8 (Types#DOUBLE)], but expecting [numeric(38,2) (Types#NUMERIC)]
2026-09-18 20:56:46 [main] INFO  com.zaxxer.hikari.HikariDataSource - HikariPool-1 - Shutdown initiated...
2026-09-18 20:56:46 [main] INFO  com.zaxxer.hikari.HikariDataSource - HikariPool-1 - Shutdown completed.
2026-09-18 20:56:46 [main] INFO  o.a.catalina.core.StandardService - Stopping service [Tomcat]
2026-09-18 20:56:46 [main] ERROR o.s.boot.SpringApplication - Application run failed
org.springframework.beans.factory.BeanCreationException: Error creating bean with name 'entityManagerFactory' defined in class path resource [org/springframework/boot/autoconfigure/orm/jpa/HibernateJpaConfiguration.class]: [PersistenceUnit: default] Unable to build Hibernate SessionFactory; nested exception is org.hibernate.tool.schema.spi.SchemaManagementException: Schema-validation: wrong column type encountered in column [preco_unitario] in table [produto_pedido]; found [float8 (Types#DOUBLE)], but expecting [numeric(38,2) (Types#NUMERIC)]
	at org.springframework.beans.factory.support.AbstractAutowireCapableBeanFactory.initializeBean(AbstractAutowireCapableBeanFactory.java:1786)
	at org.springframework.beans.factory.support.AbstractAutowireCapableBeanFactory.doCreateBean(AbstractAutowireCapableBeanFactory.java:600)
	at org.springframework.beans.factory.support.AbstractAutowireCapableBeanFactory.createBean(AbstractAutowireCapableBeanFactory.java:522)
	at org.springframework.beans.factory.support.AbstractBeanFactory.lambda$doGetBean$0(AbstractBeanFactory.java:326)
	at org.springframework.beans.factory.support.DefaultSingletonBeanRegistry.getSingleton(DefaultSingletonBeanRegistry.java:234)
	at org.springframework.beans.factory.support.AbstractBeanFactory.doGetBean(AbstractBeanFactory.java:324)
	at org.springframework.beans.factory.support.AbstractBeanFactory.getBean(AbstractBeanFactory.java:200)
	at org.springframework.context.support.AbstractApplicationContext.getBean(AbstractApplicationContext.java:1234)
	at org.springframework.context.support.AbstractApplicationContext.finishBeanFactoryInitialization(AbstractApplicationContext.java:952)
	at org.springframework.context.support.AbstractApplicationContext.refresh(AbstractApplicationContext.java:624)
	at org.springframework.boot.web.servlet.context.ServletWebServerApplicationContext.refresh(ServletWebServerApplicationContext.java:146)
	at org.springframework.boot.SpringApplication.refresh(SpringApplication.java:754)
	at org.springframework.boot.SpringApplication.refreshContext(SpringApplication.java:456)
	at org.springframework.boot.SpringApplication.run(SpringApplication.java:334)
	at org.springframework.boot.SpringApplication.run(SpringApplication.java:1354)
	at org.springframework.boot.SpringApplication.run(SpringApplication.java:1343)
	at com.autoCenterSilva.demo.DemoApplication.main(DemoApplication.java:12)
Caused by: jakarta.persistence.PersistenceException: [PersistenceUnit: default] Unable to build Hibernate SessionFactory; nested exception is org.hibernate.tool.schema.spi.SchemaManagementException: Schema-validation: wrong column type encountered in column [preco_unitario] in table [produto_pedido]; found [float8 (Types#DOUBLE)], but expecting [numeric(38,2) (Types#NUMERIC)]
	at org.springframework.orm.jpa.AbstractEntityManagerFactoryBean.buildNativeEntityManagerFactory(AbstractEntityManagerFactoryBean.java:421)
	at org.springframework.orm.jpa.AbstractEntityManagerFactoryBean.afterPropertiesSet(AbstractEntityManagerFactoryBean.java:396)
	at org.springframework.orm.jpa.LocalContainerEntityManagerFactoryBean.afterPropertiesSet(LocalContainerEntityManagerFactoryBean.java:366)
	at org.springframework.beans.factory.support.AbstractAutowireCapableBeanFactory.invokeInitMethods(AbstractAutowireCapableBeanFactory.java:1833)
	at org.springframework.beans.factory.support.AbstractAutowireCapableBeanFactory.initializeBean(AbstractAutowireCapableBeanFactory.java:1782)
	... 16 common frames omitted
Caused by: org.hibernate.tool.schema.spi.SchemaManagementException: Schema-validation: wrong column type encountered in column [preco_unitario] in table [produto_pedido]; found [float8 (Types#DOUBLE)], but expecting [numeric(38,2) (Types#NUMERIC)]
	at org.hibernate.tool.schema.internal.AbstractSchemaValidator.validateColumnType(AbstractSchemaValidator.java:165)
	at org.hibernate.tool.schema.internal.AbstractSchemaValidator.validateTable(AbstractSchemaValidator.java:152)
	at org.hibernate.tool.schema.internal.GroupedSchemaValidatorImpl.validateTables(GroupedSchemaValidatorImpl.java:46)
	at org.hibernate.tool.schema.internal.AbstractSchemaValidator.performValidation(AbstractSchemaValidator.java:97)
	at org.hibernate.tool.schema.internal.AbstractSchemaValidator.doValidation(AbstractSchemaValidator.java:75)
	at org.hibernate.tool.schema.spi.SchemaManagementToolCoordinator.performDatabaseAction(SchemaManagementToolCoordinator.java:295)
	at org.hibernate.tool.schema.spi.SchemaManagementToolCoordinator.lambda$process$5(SchemaManagementToolCoordinator.java:145)
	at java.base/java.util.HashMap.forEach(HashMap.java:1421)
	at org.hibernate.tool.schema.spi.SchemaManagementToolCoordinator.process(SchemaManagementToolCoordinator.java:142)
	at org.hibernate.boot.internal.SessionFactoryObserverForSchemaExport.sessionFactoryCreated(SessionFactoryObserverForSchemaExport.java:37)
	at org.hibernate.internal.SessionFactoryObserverChain.sessionFactoryCreated(SessionFactoryObserverChain.java:35)
	at org.hibernate.internal.SessionFactoryImpl.<init>(SessionFactoryImpl.java:315)
	at org.hibernate.boot.internal.SessionFactoryBuilderImpl.build(SessionFactoryBuilderImpl.java:450)
	at org.hibernate.jpa.boot.internal.EntityManagerFactoryBuilderImpl.build(EntityManagerFactoryBuilderImpl.java:1507)
	at org.springframework.orm.jpa.vendor.SpringHibernateJpaPersistenceProvider.createContainerEntityManagerFactory(SpringHibernateJpaPersistenceProvider.java:75)
	at org.springframework.orm.jpa.LocalContainerEntityManagerFactoryBean.createNativeEntityManagerFactory(LocalContainerEntityManagerFactoryBean.java:390)
	at org.springframework.orm.jpa.AbstractEntityManagerFactoryBean.buildNativeEntityManagerFactory(AbstractEntityManagerFactoryBean.java:409)
	... 20 common frames omitted
2026-09-18 21:02:28 [main] INFO  c.a.demo.DemoApplication - Starting DemoApplication using Java 17.0.12 with PID 7140 (C:\BackPj\demo\target\classes started by lucas in C:\BackPj)
2026-09-18 21:02:28 [main] INFO  c.a.demo.DemoApplication - No active profile set, falling back to 1 default profile: "default"
2026-09-18 21:02:34 [main] INFO  o.a.catalina.core.StandardService - Starting service [Tomcat]
2026-09-18 21:02:34 [main] INFO  o.a.catalina.core.StandardEngine - Starting Servlet engine: [Apache Tomcat/10.1.20]
2026-09-18 21:02:34 [main] INFO  o.a.c.c.C.[Tomcat].[localhost].[/] - Initializing Spring embedded WebApplicationContext
2026-09-18 21:02:34 [main] INFO  com.zaxxer.hikari.HikariDataSource - HikariPool-1 - Starting...
2026-09-18 21:02:35 [main] INFO  com.zaxxer.hikari.pool.HikariPool - HikariPool-1 - Added connection org.postgresql.jdbc.PgConnection@7e3236d
2026-09-18 21:02:35 [main] INFO  com.zaxxer.hikari.HikariDataSource - HikariPool-1 - Start completed.
2026-09-18 21:02:35 [main] INFO  o.f.c.i.license.VersionPrinter - Flyway Community Edition 9.22.3 by Redgate
2026-09-18 21:02:35 [main] INFO  o.f.c.i.license.VersionPrinter - See release notes here: https://rd.gt/416ObMi
2026-09-18 21:02:35 [main] INFO  o.f.c.i.license.VersionPrinter - 
2026-09-18 21:02:35 [main] INFO  org.flywaydb.core.FlywayExecutor - Database: jdbc:postgresql://localhost:5432/bdAutoCenterSilva (PostgreSQL 18.3)
2026-09-18 21:02:35 [main] WARN  o.f.c.i.database.base.Database - Flyway upgrade recommended: PostgreSQL 18.3 is newer than this version of Flyway and support has not been tested. The latest supported version of PostgreSQL is 15.
2026-09-18 21:02:35 [main] INFO  o.f.core.internal.command.DbValidate - Successfully validated 11 migrations (execution time 00:00.119s)
2026-09-18 21:02:35 [main] INFO  o.f.core.internal.command.DbMigrate - Current version of schema "public": 10
2026-09-18 21:02:35 [main] INFO  o.f.core.internal.command.DbMigrate - Migrating schema "public" to version "11 - altterar tipo preco unitario"
2026-09-18 21:02:36 [main] INFO  o.f.core.internal.command.DbMigrate - Successfully applied 1 migration to schema "public", now at version v11 (execution time 00:00.473s)
2026-09-18 21:02:36 [main] INFO  o.h.jpa.internal.util.LogHelper - HHH000204: Processing PersistenceUnitInfo [name: default]
2026-09-18 21:02:36 [main] INFO  org.hibernate.Version - HHH000412: Hibernate ORM core version 6.4.4.Final
2026-09-18 21:02:36 [main] INFO  o.h.c.i.RegionFactoryInitiator - HHH000026: Second-level cache disabled
2026-09-18 21:02:37 [main] WARN  org.hibernate.orm.deprecation - HHH90000025: PostgreSQLDialect does not need to be specified explicitly using 'hibernate.dialect' (remove the property setting and it will be selected by default)
2026-09-18 21:02:39 [main] INFO  o.h.e.t.j.p.i.JtaPlatformInitiator - HHH000489: No JTA platform available (set 'hibernate.transaction.jta.platform' to enable JTA platform integration)
2026-09-18 21:02:41 [main] WARN  o.s.b.a.o.j.JpaBaseConfiguration$JpaWebConfiguration - spring.jpa.open-in-view is enabled by default. Therefore, database queries may be performed during view rendering. Explicitly configure spring.jpa.open-in-view to disable this warning
2026-09-18 21:02:42 [main] INFO  c.a.demo.DemoApplication - Started DemoApplication in 15.547 seconds (process running for 16.876)
2026-09-18 21:03:16 [http-nio-8080-exec-1] INFO  o.a.c.c.C.[Tomcat].[localhost].[/] - Initializing Spring DispatcherServlet 'dispatcherServlet'
2026-09-18 21:09:11 [SpringApplicationShutdownHook] INFO  com.zaxxer.hikari.HikariDataSource - HikariPool-1 - Shutdown initiated...
2026-09-18 21:09:11 [SpringApplicationShutdownHook] INFO  com.zaxxer.hikari.HikariDataSource - HikariPool-1 - Shutdown completed.
2026-09-18 21:22:56 [main] INFO  c.a.demo.DemoApplication - Starting DemoApplication using Java 17.0.12 with PID 16892 (C:\BackPj\demo\target\classes started by lucas in C:\BackPj)
2026-09-18 21:22:56 [main] INFO  c.a.demo.DemoApplication - No active profile set, falling back to 1 default profile: "default"
2026-09-18 21:22:59 [main] INFO  o.a.catalina.core.StandardService - Starting service [Tomcat]
2026-09-18 21:22:59 [main] INFO  o.a.catalina.core.StandardEngine - Starting Servlet engine: [Apache Tomcat/10.1.20]
2026-09-18 21:22:59 [main] INFO  o.a.c.c.C.[Tomcat].[localhost].[/] - Initializing Spring embedded WebApplicationContext
2026-09-18 21:22:59 [main] INFO  com.zaxxer.hikari.HikariDataSource - HikariPool-1 - Starting...
2026-09-18 21:22:59 [main] INFO  com.zaxxer.hikari.pool.HikariPool - HikariPool-1 - Added connection org.postgresql.jdbc.PgConnection@5efe47fd
2026-09-18 21:22:59 [main] INFO  com.zaxxer.hikari.HikariDataSource - HikariPool-1 - Start completed.
2026-09-18 21:23:00 [main] INFO  o.f.c.i.license.VersionPrinter - Flyway Community Edition 9.22.3 by Redgate
2026-09-18 21:23:00 [main] INFO  o.f.c.i.license.VersionPrinter - See release notes here: https://rd.gt/416ObMi
2026-09-18 21:23:00 [main] INFO  o.f.c.i.license.VersionPrinter - 
2026-09-18 21:23:00 [main] INFO  org.flywaydb.core.FlywayExecutor - Database: jdbc:postgresql://localhost:5432/bdAutoCenterSilva (PostgreSQL 18.3)
2026-09-18 21:23:00 [main] WARN  o.f.c.i.database.base.Database - Flyway upgrade recommended: PostgreSQL 18.3 is newer than this version of Flyway and support has not been tested. The latest supported version of PostgreSQL is 15.
2026-09-18 21:23:00 [main] INFO  o.f.core.internal.command.DbValidate - Successfully validated 11 migrations (execution time 00:00.078s)
2026-09-18 21:23:00 [main] INFO  o.f.core.internal.command.DbMigrate - Current version of schema "public": 11
2026-09-18 21:23:00 [main] INFO  o.f.core.internal.command.DbMigrate - Schema "public" is up to date. No migration necessary.
2026-09-18 21:23:00 [main] INFO  o.h.jpa.internal.util.LogHelper - HHH000204: Processing PersistenceUnitInfo [name: default]
2026-09-18 21:23:00 [main] INFO  org.hibernate.Version - HHH000412: Hibernate ORM core version 6.4.4.Final
2026-09-18 21:23:00 [main] INFO  o.h.c.i.RegionFactoryInitiator - HHH000026: Second-level cache disabled
2026-09-18 21:23:01 [main] WARN  org.hibernate.orm.deprecation - HHH90000025: PostgreSQLDialect does not need to be specified explicitly using 'hibernate.dialect' (remove the property setting and it will be selected by default)
2026-09-18 21:23:02 [main] INFO  o.h.e.t.j.p.i.JtaPlatformInitiator - HHH000489: No JTA platform available (set 'hibernate.transaction.jta.platform' to enable JTA platform integration)
2026-09-18 21:23:03 [main] WARN  o.s.b.a.o.j.JpaBaseConfiguration$JpaWebConfiguration - spring.jpa.open-in-view is enabled by default. Therefore, database queries may be performed during view rendering. Explicitly configure spring.jpa.open-in-view to disable this warning
2026-09-18 21:23:04 [main] INFO  c.a.demo.DemoApplication - Started DemoApplication in 8.854 seconds (process running for 10.043)
2026-09-18 21:26:11 [http-nio-8080-exec-1] INFO  o.a.c.c.C.[Tomcat].[localhost].[/] - Initializing Spring DispatcherServlet 'dispatcherServlet'
2026-09-18 21:26:13 [http-nio-8080-exec-1] INFO  c.a.d.controller.PedidosController - Requisição recebida: POST -  /api/pedidos/criar/com.autoCenterSilva.demo.dto.request.PedidoCreateRequest@378251e1
2026-09-18 21:26:14 [http-nio-8080-exec-1] WARN  c.a.d.c.GlobalExceptionHandler - Erro de validação: O perfil está desativado! Faça Login para finalizar o processo
2026-09-18 21:27:14 [SpringApplicationShutdownHook] INFO  com.zaxxer.hikari.HikariDataSource - HikariPool-1 - Shutdown initiated...
2026-09-18 21:27:14 [SpringApplicationShutdownHook] INFO  com.zaxxer.hikari.HikariDataSource - HikariPool-1 - Shutdown completed.
2026-09-18 21:50:53 [main] INFO  c.a.demo.DemoApplication - Starting DemoApplication using Java 17.0.12 with PID 14008 (C:\BackPj\demo\target\classes started by lucas in C:\BackPj)
2026-09-18 21:50:53 [main] INFO  c.a.demo.DemoApplication - No active profile set, falling back to 1 default profile: "default"
2026-09-18 21:50:55 [main] INFO  o.a.catalina.core.StandardService - Starting service [Tomcat]
2026-09-18 21:50:55 [main] INFO  o.a.catalina.core.StandardEngine - Starting Servlet engine: [Apache Tomcat/10.1.20]
2026-09-18 21:50:55 [main] INFO  o.a.c.c.C.[Tomcat].[localhost].[/] - Initializing Spring embedded WebApplicationContext
2026-09-18 21:50:56 [main] INFO  com.zaxxer.hikari.HikariDataSource - HikariPool-1 - Starting...
2026-09-18 21:50:56 [main] INFO  com.zaxxer.hikari.pool.HikariPool - HikariPool-1 - Added connection org.postgresql.jdbc.PgConnection@5bb911c1
2026-09-18 21:50:56 [main] INFO  com.zaxxer.hikari.HikariDataSource - HikariPool-1 - Start completed.
2026-09-18 21:50:56 [main] INFO  o.f.c.i.license.VersionPrinter - Flyway Community Edition 9.22.3 by Redgate
2026-09-18 21:50:56 [main] INFO  o.f.c.i.license.VersionPrinter - See release notes here: https://rd.gt/416ObMi
2026-09-18 21:50:56 [main] INFO  o.f.c.i.license.VersionPrinter - 
2026-09-18 21:50:56 [main] INFO  org.flywaydb.core.FlywayExecutor - Database: jdbc:postgresql://localhost:5432/bdAutoCenterSilva (PostgreSQL 18.3)
2026-09-18 21:50:56 [main] WARN  o.f.c.i.database.base.Database - Flyway upgrade recommended: PostgreSQL 18.3 is newer than this version of Flyway and support has not been tested. The latest supported version of PostgreSQL is 15.
2026-09-18 21:50:56 [main] INFO  o.f.core.internal.command.DbValidate - Successfully validated 11 migrations (execution time 00:00.091s)
2026-09-18 21:50:56 [main] INFO  o.f.core.internal.command.DbMigrate - Current version of schema "public": 11
2026-09-18 21:50:56 [main] INFO  o.f.core.internal.command.DbMigrate - Schema "public" is up to date. No migration necessary.
2026-09-18 21:50:57 [main] INFO  o.h.jpa.internal.util.LogHelper - HHH000204: Processing PersistenceUnitInfo [name: default]
2026-09-18 21:50:57 [main] INFO  org.hibernate.Version - HHH000412: Hibernate ORM core version 6.4.4.Final
2026-09-18 21:50:57 [main] INFO  o.h.c.i.RegionFactoryInitiator - HHH000026: Second-level cache disabled
2026-09-18 21:50:58 [main] WARN  org.hibernate.orm.deprecation - HHH90000025: PostgreSQLDialect does not need to be specified explicitly using 'hibernate.dialect' (remove the property setting and it will be selected by default)
2026-09-18 21:50:59 [main] INFO  o.h.e.t.j.p.i.JtaPlatformInitiator - HHH000489: No JTA platform available (set 'hibernate.transaction.jta.platform' to enable JTA platform integration)
2026-09-18 21:51:00 [main] WARN  o.s.b.a.o.j.JpaBaseConfiguration$JpaWebConfiguration - spring.jpa.open-in-view is enabled by default. Therefore, database queries may be performed during view rendering. Explicitly configure spring.jpa.open-in-view to disable this warning
2026-09-18 21:51:01 [main] INFO  c.a.demo.DemoApplication - Started DemoApplication in 9.264 seconds (process running for 10.035)
2026-09-18 21:52:33 [http-nio-8080-exec-1] INFO  o.a.c.c.C.[Tomcat].[localhost].[/] - Initializing Spring DispatcherServlet 'dispatcherServlet'
2026-09-18 21:52:33 [http-nio-8080-exec-1] INFO  c.a.d.controller.PedidosController - Requisição recebida: GET -  /api/pedidos/listar
2026-09-18 21:52:33 [http-nio-8080-exec-1] INFO  c.a.demo.service.PedidoService - Buscando todos os pedidos
2026-09-18 21:57:20 [SpringApplicationShutdownHook] INFO  com.zaxxer.hikari.HikariDataSource - HikariPool-1 - Shutdown initiated...
2026-09-18 21:57:21 [SpringApplicationShutdownHook] INFO  com.zaxxer.hikari.HikariDataSource - HikariPool-1 - Shutdown completed.
2026-09-18 21:57:29 [main] INFO  c.a.demo.DemoApplication - Starting DemoApplication using Java 17.0.12 with PID 24380 (C:\BackPj\demo\target\classes started by lucas in C:\BackPj)
2026-09-18 21:57:29 [main] INFO  c.a.demo.DemoApplication - No active profile set, falling back to 1 default profile: "default"
2026-09-18 21:57:32 [main] INFO  o.a.catalina.core.StandardService - Starting service [Tomcat]
2026-09-18 21:57:32 [main] INFO  o.a.catalina.core.StandardEngine - Starting Servlet engine: [Apache Tomcat/10.1.20]
2026-09-18 21:57:32 [main] INFO  o.a.c.c.C.[Tomcat].[localhost].[/] - Initializing Spring embedded WebApplicationContext
2026-09-18 21:57:32 [main] INFO  com.zaxxer.hikari.HikariDataSource - HikariPool-1 - Starting...
2026-09-18 21:57:32 [main] INFO  com.zaxxer.hikari.pool.HikariPool - HikariPool-1 - Added connection org.postgresql.jdbc.PgConnection@6bcae9
2026-09-18 21:57:32 [main] INFO  com.zaxxer.hikari.HikariDataSource - HikariPool-1 - Start completed.
2026-09-18 21:57:32 [main] INFO  o.f.c.i.license.VersionPrinter - Flyway Community Edition 9.22.3 by Redgate
2026-09-18 21:57:32 [main] INFO  o.f.c.i.license.VersionPrinter - See release notes here: https://rd.gt/416ObMi
2026-09-18 21:57:32 [main] INFO  o.f.c.i.license.VersionPrinter - 
2026-09-18 21:57:32 [main] INFO  org.flywaydb.core.FlywayExecutor - Database: jdbc:postgresql://localhost:5432/bdAutoCenterSilva (PostgreSQL 18.3)
2026-09-18 21:57:32 [main] WARN  o.f.c.i.database.base.Database - Flyway upgrade recommended: PostgreSQL 18.3 is newer than this version of Flyway and support has not been tested. The latest supported version of PostgreSQL is 15.
2026-09-18 21:57:32 [main] INFO  o.f.core.internal.command.DbValidate - Successfully validated 11 migrations (execution time 00:00.074s)
2026-09-18 21:57:32 [main] INFO  o.f.core.internal.command.DbMigrate - Current version of schema "public": 11
2026-09-18 21:57:32 [main] INFO  o.f.core.internal.command.DbMigrate - Schema "public" is up to date. No migration necessary.
2026-09-18 21:57:33 [main] INFO  o.h.jpa.internal.util.LogHelper - HHH000204: Processing PersistenceUnitInfo [name: default]
2026-09-18 21:57:33 [main] INFO  org.hibernate.Version - HHH000412: Hibernate ORM core version 6.4.4.Final
2026-09-18 21:57:33 [main] INFO  o.h.c.i.RegionFactoryInitiator - HHH000026: Second-level cache disabled
2026-09-18 21:57:33 [main] WARN  org.hibernate.orm.deprecation - HHH90000025: PostgreSQLDialect does not need to be specified explicitly using 'hibernate.dialect' (remove the property setting and it will be selected by default)
2026-09-18 21:57:35 [main] INFO  o.h.e.t.j.p.i.JtaPlatformInitiator - HHH000489: No JTA platform available (set 'hibernate.transaction.jta.platform' to enable JTA platform integration)
2026-09-18 21:57:36 [main] WARN  o.s.b.a.o.j.JpaBaseConfiguration$JpaWebConfiguration - spring.jpa.open-in-view is enabled by default. Therefore, database queries may be performed during view rendering. Explicitly configure spring.jpa.open-in-view to disable this warning
2026-09-18 21:57:37 [main] INFO  c.a.demo.DemoApplication - Started DemoApplication in 9.152 seconds (process running for 9.924)
2026-09-18 21:58:16 [http-nio-8080-exec-1] INFO  o.a.c.c.C.[Tomcat].[localhost].[/] - Initializing Spring DispatcherServlet 'dispatcherServlet'
2026-09-18 21:58:16 [http-nio-8080-exec-1] INFO  c.a.d.controller.PedidosController - Requisição recebida: POST -  /api/pedidos/criar/com.autoCenterSilva.demo.dto.request.PedidoCreateRequest@4e3b5978
2026-09-18 21:58:16 [http-nio-8080-exec-1] ERROR c.a.d.c.GlobalExceptionHandler - Erro crítico não tratado no sistema: 
java.lang.RuntimeException: Estoque insuficiente para a medida 145/24R15. Disponível: 2
	at com.autoCenterSilva.demo.service.PedidoService.salvar(PedidoService.java:88)
	at java.base/jdk.internal.reflect.NativeMethodAccessorImpl.invoke0(Native Method)
	at java.base/jdk.internal.reflect.NativeMethodAccessorImpl.invoke(NativeMethodAccessorImpl.java:77)
	at java.base/jdk.internal.reflect.DelegatingMethodAccessorImpl.invoke(DelegatingMethodAccessorImpl.java:43)
	at java.base/java.lang.reflect.Method.invoke(Method.java:568)
	at org.springframework.aop.support.AopUtils.invokeJoinpointUsingReflection(AopUtils.java:354)
	at org.springframework.aop.framework.ReflectiveMethodInvocation.invokeJoinpoint(ReflectiveMethodInvocation.java:196)
	at org.springframework.aop.framework.ReflectiveMethodInvocation.proceed(ReflectiveMethodInvocation.java:163)
	at org.springframework.aop.framework.CglibAopProxy$CglibMethodInvocation.proceed(CglibAopProxy.java:768)
	at org.springframework.transaction.interceptor.TransactionInterceptor$1.proceedWithInvocation(TransactionInterceptor.java:123)
	at org.springframework.transaction.interceptor.TransactionAspectSupport.invokeWithinTransaction(TransactionAspectSupport.java:392)
	at org.springframework.transaction.interceptor.TransactionInterceptor.invoke(TransactionInterceptor.java:119)
	at org.springframework.aop.framework.ReflectiveMethodInvocation.proceed(ReflectiveMethodInvocation.java:184)
	at org.springframework.aop.framework.CglibAopProxy$CglibMethodInvocation.proceed(CglibAopProxy.java:768)
	at org.springframework.aop.framework.CglibAopProxy$DynamicAdvisedInterceptor.intercept(CglibAopProxy.java:720)
	at com.autoCenterSilva.demo.service.PedidoService$$SpringCGLIB$$0.salvar(<generated>)
	at com.autoCenterSilva.demo.controller.PedidosController.salvarPedido(PedidosController.java:28)
	at java.base/jdk.internal.reflect.NativeMethodAccessorImpl.invoke0(Native Method)
	at java.base/jdk.internal.reflect.NativeMethodAccessorImpl.invoke(NativeMethodAccessorImpl.java:77)
	at java.base/jdk.internal.reflect.DelegatingMethodAccessorImpl.invoke(DelegatingMethodAccessorImpl.java:43)
	at java.base/java.lang.reflect.Method.invoke(Method.java:568)
	at org.springframework.web.method.support.InvocableHandlerMethod.doInvoke(InvocableHandlerMethod.java:255)
	at org.springframework.web.method.support.InvocableHandlerMethod.invokeForRequest(InvocableHandlerMethod.java:188)
	at org.springframework.web.servlet.mvc.method.annotation.ServletInvocableHandlerMethod.invokeAndHandle(ServletInvocableHandlerMethod.java:118)
	at org.springframework.web.servlet.mvc.method.annotation.RequestMappingHandlerAdapter.invokeHandlerMethod(RequestMappingHandlerAdapter.java:926)
	at org.springframework.web.servlet.mvc.method.annotation.RequestMappingHandlerAdapter.handleInternal(RequestMappingHandlerAdapter.java:831)
	at org.springframework.web.servlet.mvc.method.AbstractHandlerMethodAdapter.handle(AbstractHandlerMethodAdapter.java:87)
	at org.springframework.web.servlet.DispatcherServlet.doDispatch(DispatcherServlet.java:1089)
	at org.springframework.web.servlet.DispatcherServlet.doService(DispatcherServlet.java:979)
	at org.springframework.web.servlet.FrameworkServlet.processRequest(FrameworkServlet.java:1014)
	at org.springframework.web.servlet.FrameworkServlet.doPost(FrameworkServlet.java:914)
	at jakarta.servlet.http.HttpServlet.service(HttpServlet.java:590)
	at org.springframework.web.servlet.FrameworkServlet.service(FrameworkServlet.java:885)
	at jakarta.servlet.http.HttpServlet.service(HttpServlet.java:658)
	at org.apache.catalina.core.ApplicationFilterChain.internalDoFilter(ApplicationFilterChain.java:206)
	at org.apache.catalina.core.ApplicationFilterChain.doFilter(ApplicationFilterChain.java:150)
	at org.apache.tomcat.websocket.server.WsFilter.doFilter(WsFilter.java:51)
	at org.apache.catalina.core.ApplicationFilterChain.internalDoFilter(ApplicationFilterChain.java:175)
	at org.apache.catalina.core.ApplicationFilterChain.doFilter(ApplicationFilterChain.java:150)
	at org.springframework.web.filter.RequestContextFilter.doFilterInternal(RequestContextFilter.java:100)
	at org.springframework.web.filter.OncePerRequestFilter.doFilter(OncePerRequestFilter.java:116)
	at org.apache.catalina.core.ApplicationFilterChain.internalDoFilter(ApplicationFilterChain.java:175)
	at org.apache.catalina.core.ApplicationFilterChain.doFilter(ApplicationFilterChain.java:150)
	at org.springframework.web.filter.FormContentFilter.doFilterInternal(FormContentFilter.java:93)
	at org.springframework.web.filter.OncePerRequestFilter.doFilter(OncePerRequestFilter.java:116)
	at org.apache.catalina.core.ApplicationFilterChain.internalDoFilter(ApplicationFilterChain.java:175)
	at org.apache.catalina.core.ApplicationFilterChain.doFilter(ApplicationFilterChain.java:150)
	at org.springframework.web.filter.CharacterEncodingFilter.doFilterInternal(CharacterEncodingFilter.java:201)
	at org.springframework.web.filter.OncePerRequestFilter.doFilter(OncePerRequestFilter.java:116)
	at org.apache.catalina.core.ApplicationFilterChain.internalDoFilter(ApplicationFilterChain.java:175)
	at org.apache.catalina.core.ApplicationFilterChain.doFilter(ApplicationFilterChain.java:150)
	at org.apache.catalina.core.StandardWrapperValve.invoke(StandardWrapperValve.java:167)
	at org.apache.catalina.core.StandardContextValve.invoke(StandardContextValve.java:90)
	at org.apache.catalina.authenticator.AuthenticatorBase.invoke(AuthenticatorBase.java:482)
	at org.apache.catalina.core.StandardHostValve.invoke(StandardHostValve.java:115)
	at org.apache.catalina.valves.ErrorReportValve.invoke(ErrorReportValve.java:93)
	at org.apache.catalina.core.StandardEngineValve.invoke(StandardEngineValve.java:74)
	at org.apache.catalina.connector.CoyoteAdapter.service(CoyoteAdapter.java:344)
	at org.apache.coyote.http11.Http11Processor.service(Http11Processor.java:391)
	at org.apache.coyote.AbstractProcessorLight.process(AbstractProcessorLight.java:63)
	at org.apache.coyote.AbstractProtocol$ConnectionHandler.process(AbstractProtocol.java:896)
	at org.apache.tomcat.util.net.NioEndpoint$SocketProcessor.doRun(NioEndpoint.java:1736)
	at org.apache.tomcat.util.net.SocketProcessorBase.run(SocketProcessorBase.java:52)
	at org.apache.tomcat.util.threads.ThreadPoolExecutor.runWorker(ThreadPoolExecutor.java:1191)
	at org.apache.tomcat.util.threads.ThreadPoolExecutor$Worker.run(ThreadPoolExecutor.java:659)
	at org.apache.tomcat.util.threads.TaskThread$WrappingRunnable.run(TaskThread.java:63)
	at java.base/java.lang.Thread.run(Thread.java:842)
2026-09-18 21:58:32 [http-nio-8080-exec-3] INFO  c.a.d.controller.PedidosController - Requisição recebida: POST -  /api/pedidos/criar/com.autoCenterSilva.demo.dto.request.PedidoCreateRequest@1a0e3bd4
2026-09-18 22:00:18 [http-nio-8080-exec-2] INFO  c.a.d.controller.PedidosController - Requisição recebida: GET -  /api/pedidos/listar
2026-09-18 22:00:18 [http-nio-8080-exec-2] INFO  c.a.demo.service.PedidoService - Buscando todos os pedidos
2026-09-18 22:01:00 [SpringApplicationShutdownHook] INFO  com.zaxxer.hikari.HikariDataSource - HikariPool-1 - Shutdown initiated...
2026-09-18 22:01:00 [SpringApplicationShutdownHook] INFO  com.zaxxer.hikari.HikariDataSource - HikariPool-1 - Shutdown completed.
2026-09-18 22:03:33 [main] INFO  c.a.demo.DemoApplication - Starting DemoApplication using Java 17.0.12 with PID 20452 (C:\BackPj\demo\target\classes started by lucas in C:\BackPj)
2026-09-18 22:03:33 [main] INFO  c.a.demo.DemoApplication - No active profile set, falling back to 1 default profile: "default"
2026-09-18 22:03:40 [main] INFO  o.a.catalina.core.StandardService - Starting service [Tomcat]
2026-09-18 22:03:40 [main] INFO  o.a.catalina.core.StandardEngine - Starting Servlet engine: [Apache Tomcat/10.1.20]
2026-09-18 22:03:40 [main] INFO  o.a.c.c.C.[Tomcat].[localhost].[/] - Initializing Spring embedded WebApplicationContext
2026-09-18 22:03:41 [main] INFO  com.zaxxer.hikari.HikariDataSource - HikariPool-1 - Starting...
2026-09-18 22:03:41 [main] INFO  com.zaxxer.hikari.pool.HikariPool - HikariPool-1 - Added connection org.postgresql.jdbc.PgConnection@7e3236d
2026-09-18 22:03:41 [main] INFO  com.zaxxer.hikari.HikariDataSource - HikariPool-1 - Start completed.
2026-09-18 22:03:41 [main] INFO  o.f.c.i.license.VersionPrinter - Flyway Community Edition 9.22.3 by Redgate
2026-09-18 22:03:41 [main] INFO  o.f.c.i.license.VersionPrinter - See release notes here: https://rd.gt/416ObMi
2026-09-18 22:03:41 [main] INFO  o.f.c.i.license.VersionPrinter - 
2026-09-18 22:03:41 [main] INFO  org.flywaydb.core.FlywayExecutor - Database: jdbc:postgresql://localhost:5432/bdAutoCenterSilva (PostgreSQL 18.3)
2026-09-18 22:03:41 [main] WARN  o.f.c.i.database.base.Database - Flyway upgrade recommended: PostgreSQL 18.3 is newer than this version of Flyway and support has not been tested. The latest supported version of PostgreSQL is 15.
2026-09-18 22:03:42 [main] INFO  o.f.core.internal.command.DbValidate - Successfully validated 11 migrations (execution time 00:00.088s)
2026-09-18 22:03:42 [main] INFO  o.f.core.internal.command.DbMigrate - Current version of schema "public": 11
2026-09-18 22:03:42 [main] INFO  o.f.core.internal.command.DbMigrate - Schema "public" is up to date. No migration necessary.
2026-09-18 22:03:42 [main] INFO  o.h.jpa.internal.util.LogHelper - HHH000204: Processing PersistenceUnitInfo [name: default]
2026-09-18 22:03:42 [main] INFO  org.hibernate.Version - HHH000412: Hibernate ORM core version 6.4.4.Final
2026-09-18 22:03:42 [main] INFO  o.h.c.i.RegionFactoryInitiator - HHH000026: Second-level cache disabled
2026-09-18 22:03:44 [main] WARN  org.hibernate.orm.deprecation - HHH90000025: PostgreSQLDialect does not need to be specified explicitly using 'hibernate.dialect' (remove the property setting and it will be selected by default)
2026-09-18 22:03:45 [main] INFO  o.h.e.t.j.p.i.JtaPlatformInitiator - HHH000489: No JTA platform available (set 'hibernate.transaction.jta.platform' to enable JTA platform integration)
2026-09-18 22:03:46 [main] WARN  o.s.b.a.o.j.JpaBaseConfiguration$JpaWebConfiguration - spring.jpa.open-in-view is enabled by default. Therefore, database queries may be performed during view rendering. Explicitly configure spring.jpa.open-in-view to disable this warning
2026-09-18 22:03:47 [main] INFO  c.a.demo.DemoApplication - Started DemoApplication in 17.328 seconds (process running for 18.888)
2026-09-18 22:04:52 [http-nio-8080-exec-1] INFO  o.a.c.c.C.[Tomcat].[localhost].[/] - Initializing Spring DispatcherServlet 'dispatcherServlet'
2026-09-18 22:04:52 [http-nio-8080-exec-1] INFO  c.a.d.controller.PedidosController - Requisição recebida: POST -  /api/pedidos/criar/com.autoCenterSilva.demo.dto.request.PedidoCreateRequest@58fb6bf9
2026-09-18 22:04:57 [http-nio-8080-exec-2] INFO  c.a.d.controller.PedidosController - Requisição recebida: GET -  /api/pedidos/listar
2026-09-18 22:04:57 [http-nio-8080-exec-2] INFO  c.a.demo.service.PedidoService - Buscando todos os pedidos
2026-09-18 22:05:36 [SpringApplicationShutdownHook] INFO  com.zaxxer.hikari.HikariDataSource - HikariPool-1 - Shutdown initiated...
2026-09-18 22:05:36 [SpringApplicationShutdownHook] INFO  com.zaxxer.hikari.HikariDataSource - HikariPool-1 - Shutdown completed.
2026-09-18 22:12:53 [main] INFO  c.a.demo.DemoApplication - Starting DemoApplication using Java 17.0.12 with PID 19976 (C:\BackPj\demo\target\classes started by lucas in C:\BackPj)
2026-09-18 22:12:53 [main] INFO  c.a.demo.DemoApplication - No active profile set, falling back to 1 default profile: "default"
2026-09-18 22:12:58 [main] INFO  o.a.catalina.core.StandardService - Starting service [Tomcat]
2026-09-18 22:12:58 [main] INFO  o.a.catalina.core.StandardEngine - Starting Servlet engine: [Apache Tomcat/10.1.20]
2026-09-18 22:12:58 [main] INFO  o.a.c.c.C.[Tomcat].[localhost].[/] - Initializing Spring embedded WebApplicationContext
2026-09-18 22:12:58 [main] INFO  com.zaxxer.hikari.HikariDataSource - HikariPool-1 - Starting...
2026-09-18 22:12:59 [main] INFO  com.zaxxer.hikari.pool.HikariPool - HikariPool-1 - Added connection org.postgresql.jdbc.PgConnection@17222c11
2026-09-18 22:12:59 [main] INFO  com.zaxxer.hikari.HikariDataSource - HikariPool-1 - Start completed.
2026-09-18 22:13:00 [main] INFO  o.f.c.i.license.VersionPrinter - Flyway Community Edition 9.22.3 by Redgate
2026-09-18 22:13:00 [main] INFO  o.f.c.i.license.VersionPrinter - See release notes here: https://rd.gt/416ObMi
2026-09-18 22:13:00 [main] INFO  o.f.c.i.license.VersionPrinter - 
2026-09-18 22:13:00 [main] INFO  org.flywaydb.core.FlywayExecutor - Database: jdbc:postgresql://localhost:5432/bdAutoCenterSilva (PostgreSQL 18.3)
2026-09-18 22:13:00 [main] WARN  o.f.c.i.database.base.Database - Flyway upgrade recommended: PostgreSQL 18.3 is newer than this version of Flyway and support has not been tested. The latest supported version of PostgreSQL is 15.
2026-09-18 22:13:00 [main] INFO  o.f.core.internal.command.DbValidate - Successfully validated 11 migrations (execution time 00:00.102s)
2026-09-18 22:13:00 [main] INFO  o.f.core.internal.command.DbMigrate - Current version of schema "public": 11
2026-09-18 22:13:00 [main] INFO  o.f.core.internal.command.DbMigrate - Schema "public" is up to date. No migration necessary.
2026-09-18 22:13:00 [main] INFO  o.h.jpa.internal.util.LogHelper - HHH000204: Processing PersistenceUnitInfo [name: default]
2026-09-18 22:13:00 [main] INFO  org.hibernate.Version - HHH000412: Hibernate ORM core version 6.4.4.Final
2026-09-18 22:13:00 [main] INFO  o.h.c.i.RegionFactoryInitiator - HHH000026: Second-level cache disabled
2026-09-18 22:13:01 [main] WARN  org.hibernate.orm.deprecation - HHH90000025: PostgreSQLDialect does not need to be specified explicitly using 'hibernate.dialect' (remove the property setting and it will be selected by default)
2026-09-18 22:13:03 [main] INFO  o.h.e.t.j.p.i.JtaPlatformInitiator - HHH000489: No JTA platform available (set 'hibernate.transaction.jta.platform' to enable JTA platform integration)
2026-09-18 22:13:04 [main] WARN  o.s.b.a.o.j.JpaBaseConfiguration$JpaWebConfiguration - spring.jpa.open-in-view is enabled by default. Therefore, database queries may be performed during view rendering. Explicitly configure spring.jpa.open-in-view to disable this warning
2026-09-18 22:13:05 [main] INFO  c.a.demo.DemoApplication - Started DemoApplication in 16.573 seconds (process running for 18.073)
2026-09-18 22:14:01 [http-nio-8080-exec-1] INFO  o.a.c.c.C.[Tomcat].[localhost].[/] - Initializing Spring DispatcherServlet 'dispatcherServlet'
2026-09-18 22:14:01 [http-nio-8080-exec-1] INFO  c.a.d.controller.PedidosController - Requisição recebida: POST -  /api/pedidos/criar/com.autoCenterSilva.demo.dto.request.PedidoCreateRequest@7c7554f0
2026-09-18 22:14:02 [http-nio-8080-exec-1] INFO  c.a.demo.service.PedidoService - Pedido salvo com sucesso!
2026-09-18 22:15:05 [http-nio-8080-exec-3] INFO  c.a.d.controller.PedidosController - Requisição recebida: GET -  /api/pedidos/listar
2026-09-18 22:15:05 [http-nio-8080-exec-3] INFO  c.a.demo.service.PedidoService - Buscando todos os pedidos
2026-09-18 22:16:22 [SpringApplicationShutdownHook] INFO  com.zaxxer.hikari.HikariDataSource - HikariPool-1 - Shutdown initiated...
2026-09-18 22:16:22 [SpringApplicationShutdownHook] INFO  com.zaxxer.hikari.HikariDataSource - HikariPool-1 - Shutdown completed.
